row_type,pressure_MPa,current_density_mA_cm2,stress_case,stress_index,replicate_id,seed,final_void_fraction,contact_fraction,hotspot_factor,risk_metric,stable_or_unstable,jcrit_ma_cm2,current_to_jcrit_ratio,notes,std_final_void_fraction,stable_fraction
replicate,0.2,2.0,opening_biased,-1.0,0,910,0.9904469062467651,0.0,1.0,1.190446906246765,unstable,0.7083564009103384,2.823437463725487,High-resolution multi-current threshold check using unchanged stable-field rule.,,
replicate,0.2,2.0,opening_biased,-1.0,1,917,0.9903928231034678,0.0,1.0,1.1903928231034677,unstable,0.7083564009103384,2.823437463725487,High-resolution multi-current threshold check using unchanged stable-field rule.,,
replicate,0.2,2.0,opening_biased,-1.0,2,929,0.9902413470841178,0.0,1.0,1.1902413470841178,unstable,0.7083564009103384,2.823437463725487,High-resolution multi-current threshold check using unchanged stable-field rule.,,
replicate,0.3,2.0,opening_biased,-1.0,0,910,0.9863676518592678,0.0,1.0,1.1863676518592678,unstable,0.7341353840750883,2.7242931527128755,High-resolution multi-current threshold check using unchanged stable-field rule.,,
replicate,0.3,2.0,opening_biased,-1.0,1,917,0.986243757322408,0.0,1.0,1.186243757322408,unstable,0.7341353840750883,2.7242931527128755,High-resolution multi-current threshold check using unchanged stable-field rule.,,
replicate,0.3,2.0,opening_biased,-1.0,2,929,0.9860972966026158,0.0,1.0,1.1860972966026158,unstable,0.7341353840750883,2.7242931527128755,High-resolution multi-current threshold check using unchanged stable-field rule.,,
replicate,0.4,2.0,opening_biased,-1.0,0,910,0.9805686057734609,0.0,1.0,1.180568605773461,unstable,0.7788225543323312,2.567979045900333,High-resolution multi-current threshold check using unchanged stable-field rule.,,
replicate,0.4,2.0,opening_biased,-1.0,1,917,0.9797774910659399,0.0,1.0,1.17977749106594,unstable,0.7788225543323312,2.567979045900333,High-resolution multi-current threshold check using unchanged stable-field rule.,,
replicate,0.4,2.0,opening_biased,-1.0,2,929,0.9799924008143431,0.0,1.0,1.1799924008143432,unstable,0.7788225543323312,2.567979045900333,High-resolution multi-current threshold check using unchanged stable-field rule.,,
replicate,0.5,2.0,opening_biased,-1.0,0,910,0.9688852301900664,0.0,1.0161709929500569,1.1688852301900665,unstable,0.8457162284418254,2.3648594324420897,High-resolution multi-current threshold check using unchanged stable-field rule.,,
replicate,0.5,2.0,opening_biased,-1.0,1,917,0.965907145401023,0.0,1.0313163779700745,1.165907145401023,unstable,0.8457162284418254,2.3648594324420897,High-resolution multi-current threshold check using unchanged stable-field rule.,,
replicate,0.5,2.0,opening_biased,-1.0,2,929,0.9676604959643201,0.0,1.0166828305993303,1.1676604959643202,unstable,0.8457162284418254,2.3648594324420897,High-resolution multi-current threshold check using unchanged stable-field rule.,,
replicate,0.7,2.0,opening_biased,-1.0,0,910,0.8987936349792487,0.0,1.4879509620546039,1.0987936349792486,unstable,1.0542763415802223,1.897035835028093,High-resolution multi-current threshold check using unchanged stable-field rule.,,
replicate,0.7,2.0,opening_biased,-1.0,1,917,0.8989057731880499,0.0,1.499004452038004,1.0989057731880498,unstable,1.0542763415802223,1.897035835028093,High-resolution multi-current threshold check using unchanged stable-field rule.,,
replicate,0.7,2.0,opening_biased,-1.0,2,929,0.8942269926815684,0.0,1.499365369466859,1.0942269926815684,unstable,1.0542763415802223,1.897035835028093,High-resolution multi-current threshold check using unchanged stable-field rule.,,
replicate,1.0,2.0,opening_biased,-1.0,0,910,0.7970880737479459,0.0,1.6829414103221119,0.997088073747946,unstable,1.5564963731073176,1.2849371412329682,High-resolution multi-current threshold check using unchanged stable-field rule.,,
replicate,1.0,2.0,opening_biased,-1.0,1,917,0.7954432807633927,0.0,1.6681680819637803,0.9954432807633926,unstable,1.5564963731073176,1.2849371412329682,High-resolution multi-current threshold check using unchanged stable-field rule.,,
replicate,1.0,2.0,opening_biased,-1.0,2,929,0.7910203237957922,0.0,1.7595708346553647,0.9910203237957922,unstable,1.5564963731073176,1.2849371412329682,High-resolution multi-current threshold check using unchanged stable-field rule.,,
replicate,1.2,2.0,opening_biased,-1.0,0,910,0.7164009177890812,0.0,1.288044164724637,0.9164009177890813,unstable,1.9962001265838296,1.0019035533389498,High-resolution multi-current threshold check using unchanged stable-field rule.,,
replicate,1.2,2.0,opening_biased,-1.0,1,917,0.7160798457949237,0.0,1.2747188268415186,0.9160798457949237,unstable,1.9962001265838296,1.0019035533389498,High-resolution multi-current threshold check using unchanged stable-field rule.,,
replicate,1.2,2.0,opening_biased,-1.0,2,929,0.7090469195038851,0.0,1.315173917733395,0.909046919503885,unstable,1.9962001265838296,1.0019035533389498,High-resolution multi-current threshold check using unchanged stable-field rule.,,
replicate,1.4,2.0,opening_biased,-1.0,0,910,0.6416059983754079,0.0,1.0502195801519825,0.8416059983754078,unstable,2.488093644145372,0.8038282661531312,High-resolution multi-current threshold check using unchanged stable-field rule.,,
replicate,1.4,2.0,opening_biased,-1.0,1,917,0.6407793867973479,0.0,1.0468317782562628,0.8407793867973479,unstable,2.488093644145372,0.8038282661531312,High-resolution multi-current threshold check using unchanged stable-field rule.,,
replicate,1.4,2.0,opening_biased,-1.0,2,929,0.6329402517886082,0.0,1.0483401105960286,0.8329402517886082,unstable,2.488093644145372,0.8038282661531312,High-resolution multi-current threshold check using unchanged stable-field rule.,,
replicate,1.6,2.0,opening_biased,-1.0,0,910,0.5980810631254658,0.0,1.0410328748692999,0.7980810631254658,unstable,3.0010593460156034,0.6664313395385955,High-resolution multi-current threshold check using unchanged stable-field rule.,,
replicate,1.6,2.0,opening_biased,-1.0,1,917,0.5971552046470583,0.0,1.0377595669860813,0.7971552046470582,unstable,3.0010593460156034,0.6664313395385955,High-resolution multi-current threshold check using unchanged stable-field rule.,,
replicate,1.6,2.0,opening_biased,-1.0,2,929,0.5897205390524413,0.0,1.0379681515074735,0.7897205390524413,unstable,3.0010593460156034,0.6664313395385955,High-resolution multi-current threshold check using unchanged stable-field rule.,,
replicate,2.0,2.0,opening_biased,-1.0,0,910,0.534725863200826,0.0,1.0336080656918385,0.734725863200826,unstable,3.9868030375009607,0.501655080822266,High-resolution multi-current threshold check using unchanged stable-field rule.,,
replicate,2.0,2.0,opening_biased,-1.0,1,917,0.5337291738597143,0.0,1.0291422162541353,0.7337291738597143,unstable,3.9868030375009607,0.501655080822266,High-resolution multi-current threshold check using unchanged stable-field rule.,,
replicate,2.0,2.0,opening_biased,-1.0,2,929,0.5268231070000152,0.0,1.0294418021557423,0.7268231070000153,unstable,3.9868030375009607,0.501655080822266,High-resolution multi-current threshold check using unchanged stable-field rule.,,
replicate,2.5,2.0,opening_biased,-1.0,0,910,0.4761368423774677,0.0,1.0286636866572036,0.6761368423774676,unstable,4.999405311629274,0.4000475807287993,High-resolution multi-current threshold check using unchanged stable-field rule.,,
replicate,2.5,2.0,opening_biased,-1.0,1,917,0.4751699460958113,0.0,1.0237931582909687,0.6751699460958114,unstable,4.999405311629274,0.4000475807287993,High-resolution multi-current threshold check using unchanged stable-field rule.,,
replicate,2.5,2.0,opening_biased,-1.0,2,929,0.4686522999272761,0.0,1.0251748045209572,0.6686522999272762,unstable,4.999405311629274,0.4000475807287993,High-resolution multi-current threshold check using unchanged stable-field rule.,,
replicate,3.0,2.0,opening_biased,-1.0,0,910,0.4270692083796084,0.0,1.0247351743639024,0.6270692083796083,unstable,5.731574020607776,0.34894428525376003,High-resolution multi-current threshold check using unchanged stable-field rule.,,
replicate,3.0,2.0,opening_biased,-1.0,1,917,0.426199240049418,0.0,1.0205828587278654,0.6261992400494181,unstable,5.731574020607776,0.34894428525376003,High-resolution multi-current threshold check using unchanged stable-field rule.,,
replicate,3.0,2.0,opening_biased,-1.0,2,929,0.41994582908578504,0.0,1.0214891239269652,0.6199458290857851,stable,5.731574020607776,0.34894428525376003,High-resolution multi-current threshold check using unchanged stable-field rule.,,
replicate,3.25,2.0,opening_biased,-1.0,0,910,0.4043556988294088,0.5470588235294118,1.0229709761592696,0.49494393412352644,stable,6.008665877143836,0.33285259005792506,High-resolution multi-current threshold check using unchanged stable-field rule.,,
replicate,3.25,2.0,opening_biased,-1.0,1,917,0.40355126762104154,0.6235294117647059,1.0191482296460925,0.4788453852681004,stable,6.008665877143836,0.33285259005792506,High-resolution multi-current threshold check using unchanged stable-field rule.,,
replicate,3.25,2.0,opening_biased,-1.0,2,929,0.39740765481635487,0.5764705882352941,1.0200442619788868,0.48211353716929606,stable,6.008665877143836,0.33285259005792506,High-resolution multi-current threshold check using unchanged stable-field rule.,,
replicate,0.2,2.0,neutral,0.0,0,923,0.9017433739919389,0.0,1.0715530021217445,1.101743373991939,unstable,1.10417818125589,1.8113018659046534,High-resolution multi-current threshold check using unchanged stable-field rule.,,
replicate,0.2,2.0,neutral,0.0,1,930,0.9149114486864064,0.0,1.0330334493542133,1.1149114486864065,unstable,1.10417818125589,1.8113018659046534,High-resolution multi-current threshold check using unchanged stable-field rule.,,
replicate,0.2,2.0,neutral,0.0,2,942,0.8987190515294412,0.0,1.0885945604902256,1.0987190515294412,unstable,1.10417818125589,1.8113018659046534,High-resolution multi-current threshold check using unchanged stable-field rule.,,
replicate,0.3,2.0,neutral,0.0,0,923,0.8378649898271524,0.0,1.3032947578388816,1.0378649898271524,unstable,1.1888422137240824,1.6823090372396372,High-resolution multi-current threshold check using unchanged stable-field rule.,,
replicate,0.3,2.0,neutral,0.0,1,930,0.8557209944181814,0.0,1.255409687028976,1.0557209944181813,unstable,1.1888422137240824,1.6823090372396372,High-resolution multi-current threshold check using unchanged stable-field rule.,,
replicate,0.3,2.0,neutral,0.0,2,942,0.8420549534986836,0.0,1.3023523819075478,1.0420549534986836,unstable,1.1888422137240824,1.6823090372396372,High-resolution multi-current threshold check using unchanged stable-field rule.,,
replicate,0.4,2.0,neutral,0.0,0,923,0.6304181052477524,0.0,2.0636752103955867,0.8304181052477524,unstable,2.0352598179080186,0.9826755200501816,High-resolution multi-current threshold check using unchanged stable-field rule.,,
replicate,0.4,2.0,neutral,0.0,1,930,0.6404651553033383,0.0,1.8841866811172743,0.8404651553033382,unstable,2.0352598179080186,0.9826755200501816,High-resolution multi-current threshold check using unchanged stable-field rule.,,
replicate,0.4,2.0,neutral,0.0,2,942,0.6297674110271678,0.0,2.092428156986056,0.8297674110271678,unstable,2.0352598179080186,0.9826755200501816,High-resolution multi-current threshold check using unchanged stable-field rule.,,
replicate,0.5,2.0,neutral,0.0,0,923,0.4673013097997002,0.0,1.0902640326413613,0.6673013097997003,unstable,3.4228586977028543,0.5843069132074421,High-resolution multi-current threshold check using unchanged stable-field rule.,,
replicate,0.5,2.0,neutral,0.0,1,930,0.481836741370266,0.0,1.0812139971571912,0.681836741370266,unstable,3.4228586977028543,0.5843069132074421,High-resolution multi-current threshold check using unchanged stable-field rule.,,
replicate,0.5,2.0,neutral,0.0,2,942,0.467751947925633,0.0,1.094081209930294,0.6677519479256331,unstable,3.4228586977028543,0.5843069132074421,High-resolution multi-current threshold check using unchanged stable-field rule.,,
replicate,0.7,2.0,neutral,0.0,0,923,0.4239918100907789,0.0,1.0725266286650004,0.6239918100907789,unstable,4.006329180851311,0.4992101022450225,High-resolution multi-current threshold check using unchanged stable-field rule.,,
replicate,0.7,2.0,neutral,0.0,1,930,0.4376657280803503,0.0,1.0658641551022598,0.6376657280803504,unstable,4.006329180851311,0.4992101022450225,High-resolution multi-current threshold check using unchanged stable-field rule.,,
replicate,0.7,2.0,neutral,0.0,2,942,0.4243346178228723,0.0,1.077035692029791,0.6243346178228724,unstable,4.006329180851311,0.4992101022450225,High-resolution multi-current threshold check using unchanged stable-field rule.,,
replicate,0.85,2.0,neutral,0.0,0,923,0.403601915204277,0.0,1.0691073120097319,0.6036019152042771,stable,4.136332912068894,0.4835200750317866,High-resolution multi-current threshold check using unchanged stable-field rule.,,
replicate,0.85,2.0,neutral,0.0,1,930,0.4168788523795074,0.0,1.0615804166259133,0.6168788523795075,stable,4.136332912068894,0.4835200750317866,High-resolution multi-current threshold check using unchanged stable-field rule.,,
replicate,0.85,2.0,neutral,0.0,2,942,0.40388337023355236,0.0,1.072896957807068,0.6038833702335524,stable,4.136332912068894,0.4835200750317866,High-resolution multi-current threshold check using unchanged stable-field rule.,,
replicate,1.0,2.0,neutral,0.0,0,923,0.3836663904465485,0.0,1.0664230455605817,0.5836663904465484,stable,4.277848899405804,0.46752469454398016,High-resolution multi-current threshold check using unchanged stable-field rule.,,
replicate,1.0,2.0,neutral,0.0,1,930,0.3965313009126489,0.0,1.059204976787059,0.5965313009126489,stable,4.277848899405804,0.46752469454398016,High-resolution multi-current threshold check using unchanged stable-field rule.,,
replicate,1.0,2.0,neutral,0.0,2,942,0.3838708883677825,0.0,1.0690172518223924,0.5838708883677826,stable,4.277848899405804,0.46752469454398016,High-resolution multi-current threshold check using unchanged stable-field rule.,,
replicate,0.2,2.0,filling_biased,1.0,0,936,0.4205090067897477,0.6235294117647059,1.2753523680227183,0.4958031244368065,stable,1.4999999616014417,1.333333367465386,High-resolution multi-current threshold check using unchanged stable-field rule.,,
replicate,0.2,2.0,filling_biased,1.0,1,943,0.41722705413660877,0.5588235294117647,6.371247820677416,0.5054623482542558,stable,1.4999999616014417,1.333333367465386,High-resolution multi-current threshold check using unchanged stable-field rule.,,
replicate,0.2,2.0,filling_biased,1.0,2,955,0.40717615011023833,0.6176470588235294,1.1408431968277983,0.48364673834553246,stable,1.4999999616014417,1.333333367465386,High-resolution multi-current threshold check using unchanged stable-field rule.,,
replicate,0.2,4.0,opening_biased,-1.0,0,910,0.997534108299127,0.0,1.0,1.197534108299127,unstable,0.7083564009103384,5.646874927450974,High-resolution multi-current threshold check using unchanged stable-field rule.,,
replicate,0.2,4.0,opening_biased,-1.0,1,917,0.9975321546828805,0.0,1.0,1.1975321546828805,unstable,0.7083564009103384,5.646874927450974,High-resolution multi-current threshold check using unchanged stable-field rule.,,
replicate,0.2,4.0,opening_biased,-1.0,2,929,0.9975315356289793,0.0,1.0,1.1975315356289793,unstable,0.7083564009103384,5.646874927450974,High-resolution multi-current threshold check using unchanged stable-field rule.,,
replicate,0.3,4.0,opening_biased,-1.0,0,910,0.9961525441313361,0.0,1.0,1.196152544131336,unstable,0.7341353840750883,5.448586305425751,High-resolution multi-current threshold check using unchanged stable-field rule.,,
replicate,0.3,4.0,opening_biased,-1.0,1,917,0.9961494279890375,0.0,1.0,1.1961494279890375,unstable,0.7341353840750883,5.448586305425751,High-resolution multi-current threshold check using unchanged stable-field rule.,,
replicate,0.3,4.0,opening_biased,-1.0,2,929,0.9961484799049901,0.0,1.0,1.1961484799049902,unstable,0.7341353840750883,5.448586305425751,High-resolution multi-current threshold check using unchanged stable-field rule.,,
replicate,0.4,4.0,opening_biased,-1.0,0,910,0.994512257070401,0.0,1.0,1.194512257070401,unstable,0.7788225543323312,5.135958091800666,High-resolution multi-current threshold check using unchanged stable-field rule.,,
replicate,0.4,4.0,opening_biased,-1.0,1,917,0.9945075488705094,0.0,1.0,1.1945075488705095,unstable,0.7788225543323312,5.135958091800666,High-resolution multi-current threshold check using unchanged stable-field rule.,,
replicate,0.4,4.0,opening_biased,-1.0,2,929,0.9945058609209018,0.0,1.0,1.1945058609209018,unstable,0.7788225543323312,5.135958091800666,High-resolution multi-current threshold check using unchanged stable-field rule.,,
replicate,0.5,4.0,opening_biased,-1.0,0,910,0.9924424334529407,0.0,1.0,1.1924424334529407,unstable,0.8457162284418254,4.7297188648841795,High-resolution multi-current threshold check using unchanged stable-field rule.,,
replicate,0.5,4.0,opening_biased,-1.0,1,917,0.9924352633415786,0.0,1.0,1.1924352633415787,unstable,0.8457162284418254,4.7297188648841795,High-resolution multi-current threshold check using unchanged stable-field rule.,,
replicate,0.5,4.0,opening_biased,-1.0,2,929,0.9924317426535249,0.0,1.0,1.192431742653525,unstable,0.8457162284418254,4.7297188648841795,High-resolution multi-current threshold check using unchanged stable-field rule.,,
replicate,0.7,4.0,opening_biased,-1.0,0,910,0.9859662471741448,0.0,1.0,1.1859662471741448,unstable,1.0542763415802223,3.794071670056186,High-resolution multi-current threshold check using unchanged stable-field rule.,,
replicate,0.7,4.0,opening_biased,-1.0,1,917,0.9859386462026051,0.0,1.0,1.1859386462026051,unstable,1.0542763415802223,3.794071670056186,High-resolution multi-current threshold check using unchanged stable-field rule.,,
replicate,0.7,4.0,opening_biased,-1.0,2,929,0.985924086649905,0.0,1.0,1.185924086649905,unstable,1.0542763415802223,3.794071670056186,High-resolution multi-current threshold check using unchanged stable-field rule.,,
replicate,1.0,4.0,opening_biased,-1.0,0,910,0.9360096702229554,0.0,1.4199278380333848,1.1360096702229554,unstable,1.5564963731073176,2.5698742824659364,High-resolution multi-current threshold check using unchanged stable-field rule.,,
replicate,1.0,4.0,opening_biased,-1.0,1,917,0.9356253867181471,0.0,1.423119677443044,1.1356253867181472,unstable,1.5564963731073176,2.5698742824659364,High-resolution multi-current threshold check using unchanged stable-field rule.,,
replicate,1.0,4.0,opening_biased,-1.0,2,929,0.9328553547349947,0.0,1.4282655873524805,1.1328553547349947,unstable,1.5564963731073176,2.5698742824659364,High-resolution multi-current threshold check using unchanged stable-field rule.,,
replicate,1.2,4.0,opening_biased,-1.0,0,910,0.8834878170767467,0.0,1.7798616254248747,1.0834878170767468,unstable,1.9962001265838296,2.0038071066778995,High-resolution multi-current threshold check using unchanged stable-field rule.,,
replicate,1.2,4.0,opening_biased,-1.0,1,917,0.8837640834226598,0.0,1.7439072947261265,1.0837640834226598,unstable,1.9962001265838296,2.0038071066778995,High-resolution multi-current threshold check using unchanged stable-field rule.,,
replicate,1.2,4.0,opening_biased,-1.0,2,929,0.8784457427556945,0.0,1.8546023164724643,1.0784457427556946,unstable,1.9962001265838296,2.0038071066778995,High-resolution multi-current threshold check using unchanged stable-field rule.,,
replicate,1.4,4.0,opening_biased,-1.0,0,910,0.8266519857991774,0.0,1.6977614194795652,1.0266519857991774,unstable,2.488093644145372,1.6076565323062624,High-resolution multi-current threshold check using unchanged stable-field rule.,,
replicate,1.4,4.0,opening_biased,-1.0,1,917,0.8263730498459153,0.0,1.665883084600325,1.0263730498459154,unstable,2.488093644145372,1.6076565323062624,High-resolution multi-current threshold check using unchanged stable-field rule.,,
replicate,1.4,4.0,opening_biased,-1.0,2,929,0.8209632335022169,0.0,1.7588097322040623,1.020963233502217,unstable,2.488093644145372,1.6076565323062624,High-resolution multi-current threshold check using unchanged stable-field rule.,,
replicate,1.6,4.0,opening_biased,-1.0,0,910,0.7634274059127987,0.0,1.5413415598890223,0.9634274059127987,unstable,3.0010593460156034,1.332862679077191,High-resolution multi-current threshold check using unchanged stable-field rule.,,
replicate,1.6,4.0,opening_biased,-1.0,1,917,0.7623778123315934,0.0,1.5217747485948507,0.9623778123315934,unstable,3.0010593460156034,1.332862679077191,High-resolution multi-current threshold check using unchanged stable-field rule.,,
replicate,1.6,4.0,opening_biased,-1.0,2,929,0.7573461293114477,0.0,1.591665006033362,0.9573461293114478,unstable,3.0010593460156034,1.332862679077191,High-resolution multi-current threshold check using unchanged stable-field rule.,,
replicate,2.0,4.0,opening_biased,-1.0,0,910,0.6350433405297973,0.0,1.173028562414897,0.8350433405297972,unstable,3.9868030375009607,1.003310161644532,High-resolution multi-current threshold check using unchanged stable-field rule.,,
replicate,2.0,4.0,opening_biased,-1.0,1,917,0.6347862243277418,0.0,1.16852892168282,0.8347862243277417,unstable,3.9868030375009607,1.003310161644532,High-resolution multi-current threshold check using unchanged stable-field rule.,,
replicate,2.0,4.0,opening_biased,-1.0,2,929,0.6274945703821583,0.0,1.1941906631079644,0.8274945703821583,unstable,3.9868030375009607,1.003310161644532,High-resolution multi-current threshold check using unchanged stable-field rule.,,
replicate,2.5,4.0,opening_biased,-1.0,0,910,0.5372217707510825,0.0,1.034292173525068,0.7372217707510824,unstable,4.999405311629274,0.8000951614575986,High-resolution multi-current threshold check using unchanged stable-field rule.,,
replicate,2.5,4.0,opening_biased,-1.0,1,917,0.5364745631799406,0.0,1.0315218198730711,0.7364745631799405,unstable,4.999405311629274,0.8000951614575986,High-resolution multi-current threshold check using unchanged stable-field rule.,,
replicate,2.5,4.0,opening_biased,-1.0,2,929,0.5289583742951731,0.0,1.0316814467086213,0.7289583742951731,unstable,4.999405311629274,0.8000951614575986,High-resolution multi-current threshold check using unchanged stable-field rule.,,
replicate,3.0,4.0,opening_biased,-1.0,0,910,0.4755577465999241,0.0,1.0285775421994912,0.6755577465999241,unstable,5.731574020607776,0.6978885705075201,High-resolution multi-current threshold check using unchanged stable-field rule.,,
replicate,3.0,4.0,opening_biased,-1.0,1,917,0.47485032550994355,0.0,1.0253085136621285,0.6748503255099436,unstable,5.731574020607776,0.6978885705075201,High-resolution multi-current threshold check using unchanged stable-field rule.,,
replicate,3.0,4.0,opening_biased,-1.0,2,929,0.4677497985032978,0.0,1.025414254690761,0.6677497985032979,unstable,5.731574020607776,0.6978885705075201,High-resolution multi-current threshold check using unchanged stable-field rule.,,
replicate,3.25,4.0,opening_biased,-1.0,0,910,0.4486386757569717,0.0,1.0263274296420757,0.6486386757569718,unstable,6.008665877143836,0.6657051801158501,High-resolution multi-current threshold check using unchanged stable-field rule.,,
replicate,3.25,4.0,opening_biased,-1.0,1,917,0.4479787018538549,0.0,1.0231562061347403,0.647978701853855,unstable,6.008665877143836,0.6657051801158501,High-resolution multi-current threshold check using unchanged stable-field rule.,,
replicate,3.25,4.0,opening_biased,-1.0,2,929,0.4410373934783193,0.0,1.0231999134956231,0.6410373934783193,unstable,6.008665877143836,0.6657051801158501,High-resolution multi-current threshold check using unchanged stable-field rule.,,
replicate,3.5,4.0,opening_biased,-1.0,0,910,0.42330748560939624,0.0,1.024274629508197,0.6233074856093963,unstable,6.23833023587989,0.641197219248496,High-resolution multi-current threshold check using unchanged stable-field rule.,,
replicate,3.5,4.0,opening_biased,-1.0,1,917,0.42270850861321985,0.0,1.0213409772499806,0.6227085086132198,unstable,6.23833023587989,0.641197219248496,High-resolution multi-current threshold check using unchanged stable-field rule.,,
replicate,3.5,4.0,opening_biased,-1.0,2,929,0.41590643966091434,0.0,1.0213920974505843,0.6159064396609144,stable,6.23833023587989,0.641197219248496,High-resolution multi-current threshold check using unchanged stable-field rule.,,
replicate,3.75,4.0,opening_biased,-1.0,0,910,0.39914197655834527,0.6941176470588235,1.022360596757878,0.46031844714658054,stable,6.428796291394801,0.6222004584830536,High-resolution multi-current threshold check using unchanged stable-field rule.,,
replicate,3.75,4.0,opening_biased,-1.0,1,917,0.3986155002558087,0.8058823529411765,1.0197589417995314,0.4374390296675734,stable,6.428796291394801,0.6222004584830536,High-resolution multi-current threshold check using unchanged stable-field rule.,,
replicate,3.75,4.0,opening_biased,-1.0,2,929,0.3919386139332788,0.7764705882352941,1.0198642920821948,0.43664449628621993,stable,6.428796291394801,0.6222004584830536,High-resolution multi-current threshold check using unchanged stable-field rule.,,
replicate,0.2,4.0,neutral,0.0,0,923,0.9940824941257217,0.0,1.0,1.1940824941257218,unstable,1.10417818125589,3.6226037318093067,High-resolution multi-current threshold check using unchanged stable-field rule.,,
replicate,0.2,4.0,neutral,0.0,1,930,0.9941331087899975,0.0,1.0,1.1941331087899976,unstable,1.10417818125589,3.6226037318093067,High-resolution multi-current threshold check using unchanged stable-field rule.,,
replicate,0.2,4.0,neutral,0.0,2,942,0.9940854824057889,0.0,1.0,1.194085482405789,unstable,1.10417818125589,3.6226037318093067,High-resolution multi-current threshold check using unchanged stable-field rule.,,
replicate,0.3,4.0,neutral,0.0,0,923,0.990105666947488,0.0,1.0,1.190105666947488,unstable,1.1888422137240824,3.3646180744792744,High-resolution multi-current threshold check using unchanged stable-field rule.,,
replicate,0.3,4.0,neutral,0.0,1,930,0.9902041170709034,0.0,1.0,1.1902041170709035,unstable,1.1888422137240824,3.3646180744792744,High-resolution multi-current threshold check using unchanged stable-field rule.,,
replicate,0.3,4.0,neutral,0.0,2,942,0.9901088012144743,0.0,1.0,1.1901088012144743,unstable,1.1888422137240824,3.3646180744792744,High-resolution multi-current threshold check using unchanged stable-field rule.,,
replicate,0.4,4.0,neutral,0.0,0,923,0.8742478507121969,0.0,1.2803079423120045,1.0742478507121969,unstable,2.0352598179080186,1.965351040100363,High-resolution multi-current threshold check using unchanged stable-field rule.,,
replicate,0.4,4.0,neutral,0.0,1,930,0.8971960789812816,0.0,1.2030456300274694,1.0971960789812816,unstable,2.0352598179080186,1.965351040100363,High-resolution multi-current threshold check using unchanged stable-field rule.,,
replicate,0.4,4.0,neutral,0.0,2,942,0.8828904216491391,0.0,1.2432867118293618,1.082890421649139,unstable,2.0352598179080186,1.965351040100363,High-resolution multi-current threshold check using unchanged stable-field rule.,,
replicate,0.5,4.0,neutral,0.0,0,923,0.6717863945583351,0.0,2.3236104630392433,0.8717863945583351,unstable,3.4228586977028543,1.1686138264148842,High-resolution multi-current threshold check using unchanged stable-field rule.,,
replicate,0.5,4.0,neutral,0.0,1,930,0.6810962795523027,0.0,2.13672042061368,0.8810962795523027,unstable,3.4228586977028543,1.1686138264148842,High-resolution multi-current threshold check using unchanged stable-field rule.,,
replicate,0.5,4.0,neutral,0.0,2,942,0.6708087697220539,0.0,2.3929984394591677,0.8708087697220539,unstable,3.4228586977028543,1.1686138264148842,High-resolution multi-current threshold check using unchanged stable-field rule.,,
replicate,0.7,4.0,neutral,0.0,0,923,0.5960274770315335,0.0,1.7787929736444674,0.7960274770315334,unstable,4.006329180851311,0.998420204490045,High-resolution multi-current threshold check using unchanged stable-field rule.,,
replicate,0.7,4.0,neutral,0.0,1,930,0.6058286659468188,0.0,1.6369873002308368,0.8058286659468188,unstable,4.006329180851311,0.998420204490045,High-resolution multi-current threshold check using unchanged stable-field rule.,,
replicate,0.7,4.0,neutral,0.0,2,942,0.5955560557414752,0.0,1.8006032070939848,0.7955560557414751,unstable,4.006329180851311,0.998420204490045,High-resolution multi-current threshold check using unchanged stable-field rule.,,
replicate,1.0,4.0,neutral,0.0,0,923,0.5150449234918619,0.0,1.3083768511195222,0.7150449234918619,unstable,4.277848899405804,0.9350493890879603,High-resolution multi-current threshold check using unchanged stable-field rule.,,
replicate,1.0,4.0,neutral,0.0,1,930,0.5253720218411773,0.0,1.253293569914668,0.7253720218411772,unstable,4.277848899405804,0.9350493890879603,High-resolution multi-current threshold check using unchanged stable-field rule.,,
replicate,1.0,4.0,neutral,0.0,2,942,0.5152442727225519,0.0,1.337025842681955,0.7152442727225519,unstable,4.277848899405804,0.9350493890879603,High-resolution multi-current threshold check using unchanged stable-field rule.,,
replicate,1.2,4.0,neutral,0.0,0,923,0.4605527557532919,0.0,1.1050423780666325,0.660552755753292,unstable,4.4982028799762785,0.8892440173843591,High-resolution multi-current threshold check using unchanged stable-field rule.,,
replicate,1.2,4.0,neutral,0.0,1,930,0.47443337467818425,0.0,1.0935035363601178,0.6744333746781843,unstable,4.4982028799762785,0.8892440173843591,High-resolution multi-current threshold check using unchanged stable-field rule.,,
replicate,1.2,4.0,neutral,0.0,2,942,0.4608693336188795,0.0,1.114446625339629,0.6608693336188796,unstable,4.4982028799762785,0.8892440173843591,High-resolution multi-current threshold check using unchanged stable-field rule.,,
replicate,1.4,4.0,neutral,0.0,0,923,0.4236826734578314,0.0,1.0910393774860818,0.6236826734578313,unstable,4.744225731336764,0.8431302021695612,High-resolution multi-current threshold check using unchanged stable-field rule.,,
replicate,1.4,4.0,neutral,0.0,1,930,0.43763568999158686,0.0,1.0811508975176138,0.6376356899915869,unstable,4.744225731336764,0.8431302021695612,High-resolution multi-current threshold check using unchanged stable-field rule.,,
replicate,1.4,4.0,neutral,0.0,2,942,0.42377517759468253,0.0,1.0946684620932654,0.6237751775946825,unstable,4.744225731336764,0.8431302021695612,High-resolution multi-current threshold check using unchanged stable-field rule.,,
replicate,1.6,4.0,neutral,0.0,0,923,0.38987040261830985,0.0,1.0838444863125543,0.5898704026183099,stable,5.000723866476736,0.7998841981287407,High-resolution multi-current threshold check using unchanged stable-field rule.,,
replicate,1.6,4.0,neutral,0.0,1,930,0.4031167128529355,0.0,1.0761256219323547,0.6031167128529356,stable,5.000723866476736,0.7998841981287407,High-resolution multi-current threshold check using unchanged stable-field rule.,,
replicate,1.6,4.0,neutral,0.0,2,942,0.38975496224316497,0.0,1.0870981185551858,0.589754962243165,stable,5.000723866476736,0.7998841981287407,High-resolution multi-current threshold check using unchanged stable-field rule.,,
replicate,0.2,4.0,filling_biased,1.0,0,936,0.6840934545477959,0.1411764705882353,2.8044738337440567,0.8558581604301488,unstable,1.4999999616014417,2.666666734930772,High-resolution multi-current threshold check using unchanged stable-field rule.,,
replicate,0.2,4.0,filling_biased,1.0,1,943,0.7029691151498918,0.052941176470588235,2.4387163631465087,0.8923808798557742,unstable,1.4999999616014417,2.666666734930772,High-resolution multi-current threshold check using unchanged stable-field rule.,,
replicate,0.2,4.0,filling_biased,1.0,2,955,0.6736265094597418,0.06470588235294118,3.0903193435910965,0.8606853329891535,unstable,1.4999999616014417,2.666666734930772,High-resolution multi-current threshold check using unchanged stable-field rule.,,
replicate,0.3,4.0,filling_biased,1.0,0,936,0.6158600571064878,0.19411764705882353,3.284171600429364,0.7770365276947231,unstable,1.6435490433730764,2.433757615039433,High-resolution multi-current threshold check using unchanged stable-field rule.,,
replicate,0.3,4.0,filling_biased,1.0,1,943,0.635421667363808,0.19411764705882353,3.046483165781917,0.7965981379520433,unstable,1.6435490433730764,2.433757615039433,High-resolution multi-current threshold check using unchanged stable-field rule.,,
replicate,0.3,4.0,filling_biased,1.0,2,955,0.606057229774793,0.17058823529411765,3.8025281424891952,0.7719395827159695,unstable,1.6435490433730764,2.433757615039433,High-resolution multi-current threshold check using unchanged stable-field rule.,,
replicate,0.4,4.0,filling_biased,1.0,0,936,0.367515365369916,0.7411764705882353,0.8450058375706506,0.41928007125226896,stable,3.291697081483706,1.2151786452345827,High-resolution multi-current threshold check using unchanged stable-field rule.,,
replicate,0.4,4.0,filling_biased,1.0,1,943,0.3724278384007783,0.7352941176470589,1.3133244905631838,0.4253690148713665,stable,3.291697081483706,1.2151786452345827,High-resolution multi-current threshold check using unchanged stable-field rule.,,
replicate,0.4,4.0,filling_biased,1.0,2,955,0.35704137566458705,0.8117647058823529,0.6610885595513016,0.39468843448811647,stable,3.291697081483706,1.2151786452345827,High-resolution multi-current threshold check using unchanged stable-field rule.,,
replicate,0.2,6.0,opening_biased,-1.0,0,910,0.9984181141897689,0.0,1.0,1.198418114189769,unstable,0.7083564009103384,8.470312391176462,High-resolution multi-current threshold check using unchanged stable-field rule.,,
replicate,0.2,6.0,opening_biased,-1.0,1,917,0.9984176483647901,0.0,1.0,1.1984176483647901,unstable,0.7083564009103384,8.470312391176462,High-resolution multi-current threshold check using unchanged stable-field rule.,,
replicate,0.2,6.0,opening_biased,-1.0,2,929,0.9984174300695808,0.0,1.0,1.198417430069581,unstable,0.7083564009103384,8.470312391176462,High-resolution multi-current threshold check using unchanged stable-field rule.,,
replicate,0.3,6.0,opening_biased,-1.0,0,910,0.9975352562667873,0.0,1.0,1.1975352562667874,unstable,0.7341353840750883,8.172879458138627,High-resolution multi-current threshold check using unchanged stable-field rule.,,
replicate,0.3,6.0,opening_biased,-1.0,1,917,0.9975343122840418,0.0,1.0,1.1975343122840418,unstable,0.7341353840750883,8.172879458138627,High-resolution multi-current threshold check using unchanged stable-field rule.,,
replicate,0.3,6.0,opening_biased,-1.0,2,929,0.9975340352899607,0.0,1.0,1.1975340352899606,unstable,0.7341353840750883,8.172879458138627,High-resolution multi-current threshold check using unchanged stable-field rule.,,
replicate,0.4,6.0,opening_biased,-1.0,0,910,0.9964990995937786,0.0,1.0,1.1964990995937785,unstable,0.7788225543323312,7.703937137700999,High-resolution multi-current threshold check using unchanged stable-field rule.,,
replicate,0.4,6.0,opening_biased,-1.0,1,917,0.996497360098411,0.0,1.0,1.196497360098411,unstable,0.7788225543323312,7.703937137700999,High-resolution multi-current threshold check using unchanged stable-field rule.,,
replicate,0.4,6.0,opening_biased,-1.0,2,929,0.9964971317386879,0.0,1.0,1.1964971317386879,unstable,0.7788225543323312,7.703937137700999,High-resolution multi-current threshold check using unchanged stable-field rule.,,
replicate,0.5,6.0,opening_biased,-1.0,0,910,0.9952170975046065,0.0,1.0,1.1952170975046066,unstable,0.8457162284418254,7.09457829732627,High-resolution multi-current threshold check using unchanged stable-field rule.,,
replicate,0.5,6.0,opening_biased,-1.0,1,917,0.9952143526859184,0.0,1.0,1.1952143526859185,unstable,0.8457162284418254,7.09457829732627,High-resolution multi-current threshold check using unchanged stable-field rule.,,
replicate,0.5,6.0,opening_biased,-1.0,2,929,0.9952140773391166,0.0,1.0,1.1952140773391167,unstable,0.8457162284418254,7.09457829732627,High-resolution multi-current threshold check using unchanged stable-field rule.,,
replicate,0.7,6.0,opening_biased,-1.0,0,910,0.991470041151503,0.0,1.0,1.191470041151503,unstable,1.0542763415802223,5.691107505084279,High-resolution multi-current threshold check using unchanged stable-field rule.,,
replicate,0.7,6.0,opening_biased,-1.0,1,917,0.9914639571902305,0.0,1.0,1.1914639571902306,unstable,1.0542763415802223,5.691107505084279,High-resolution multi-current threshold check using unchanged stable-field rule.,,
replicate,0.7,6.0,opening_biased,-1.0,2,929,0.9914629931924986,0.0,1.0,1.1914629931924987,unstable,1.0542763415802223,5.691107505084279,High-resolution multi-current threshold check using unchanged stable-field rule.,,
replicate,1.0,6.0,opening_biased,-1.0,0,910,0.9805528726652736,0.0,1.0,1.1805528726652736,unstable,1.5564963731073176,3.8548114236989046,High-resolution multi-current threshold check using unchanged stable-field rule.,,
replicate,1.0,6.0,opening_biased,-1.0,1,917,0.980216478285319,0.0,1.0023407662633883,1.180216478285319,unstable,1.5564963731073176,3.8548114236989046,High-resolution multi-current threshold check using unchanged stable-field rule.,,
replicate,1.0,6.0,opening_biased,-1.0,2,929,0.9803987292577998,0.0,1.0007416640379472,1.1803987292577998,unstable,1.5564963731073176,3.8548114236989046,High-resolution multi-current threshold check using unchanged stable-field rule.,,
replicate,1.2,6.0,opening_biased,-1.0,0,910,0.9511328467878092,0.0,1.3942729982861184,1.1511328467878092,unstable,1.9962001265838296,3.005710660016849,High-resolution multi-current threshold check using unchanged stable-field rule.,,
replicate,1.2,6.0,opening_biased,-1.0,1,917,0.9488948970313607,0.0,1.3936439125044424,1.1488948970313606,unstable,1.9962001265838296,3.005710660016849,High-resolution multi-current threshold check using unchanged stable-field rule.,,
replicate,1.2,6.0,opening_biased,-1.0,2,929,0.9486935176036958,0.0,1.3968586466049924,1.1486935176036959,unstable,1.9962001265838296,3.005710660016849,High-resolution multi-current threshold check using unchanged stable-field rule.,,
replicate,1.4,6.0,opening_biased,-1.0,0,910,0.9126375454894754,0.0,1.6749245443387373,1.1126375454894755,unstable,2.488093644145372,2.4114847984593935,High-resolution multi-current threshold check using unchanged stable-field rule.,,
replicate,1.4,6.0,opening_biased,-1.0,1,917,0.9116664470255865,0.0,1.6471702599579674,1.1116664470255866,unstable,2.488093644145372,2.4114847984593935,High-resolution multi-current threshold check using unchanged stable-field rule.,,
replicate,1.4,6.0,opening_biased,-1.0,2,929,0.9085263988440679,0.0,1.7496727999267672,1.108526398844068,unstable,2.488093644145372,2.4114847984593935,High-resolution multi-current threshold check using unchanged stable-field rule.,,
replicate,1.6,6.0,opening_biased,-1.0,0,910,0.8708669690984379,0.0,1.6645338738961895,1.0708669690984378,unstable,3.0010593460156034,1.9992940186157866,High-resolution multi-current threshold check using unchanged stable-field rule.,,
replicate,1.6,6.0,opening_biased,-1.0,1,917,0.8705412048471548,0.0,1.6341280724314904,1.0705412048471548,unstable,3.0010593460156034,1.9992940186157866,High-resolution multi-current threshold check using unchanged stable-field rule.,,
replicate,1.6,6.0,opening_biased,-1.0,2,929,0.8660586609620538,0.0,1.7305394235707132,1.0660586609620537,unstable,3.0010593460156034,1.9992940186157866,High-resolution multi-current threshold check using unchanged stable-field rule.,,
replicate,2.0,6.0,opening_biased,-1.0,0,910,0.7774491487228812,0.0,1.5107793941955219,0.9774491487228811,unstable,3.9868030375009607,1.504965242466798,High-resolution multi-current threshold check using unchanged stable-field rule.,,
replicate,2.0,6.0,opening_biased,-1.0,1,917,0.7774934444708185,0.0,1.4919365312381248,0.9774934444708185,unstable,3.9868030375009607,1.504965242466798,High-resolution multi-current threshold check using unchanged stable-field rule.,,
replicate,2.0,6.0,opening_biased,-1.0,2,929,0.7719100512490669,0.0,1.569184523931565,0.9719100512490668,unstable,3.9868030375009607,1.504965242466798,High-resolution multi-current threshold check using unchanged stable-field rule.,,
replicate,2.5,6.0,opening_biased,-1.0,0,910,0.6579111152220245,0.0,1.3139955464695998,0.8579111152220245,unstable,4.999405311629274,1.200142742186398,High-resolution multi-current threshold check using unchanged stable-field rule.,,
replicate,2.5,6.0,opening_biased,-1.0,1,917,0.6574464415396204,0.0,1.3036489618823266,0.8574464415396204,unstable,4.999405311629274,1.200142742186398,High-resolution multi-current threshold check using unchanged stable-field rule.,,
replicate,2.5,6.0,opening_biased,-1.0,2,929,0.6515253017045135,0.0,1.342399477967992,0.8515253017045135,unstable,4.999405311629274,1.200142742186398,High-resolution multi-current threshold check using unchanged stable-field rule.,,
replicate,3.0,6.0,opening_biased,-1.0,0,910,0.5537807851946825,0.0,1.1630535229379404,0.7537807851946825,unstable,5.731574020607776,1.04683285576128,High-resolution multi-current threshold check using unchanged stable-field rule.,,
replicate,3.0,6.0,opening_biased,-1.0,1,917,0.553640537285331,0.0,1.1574959352105585,0.753640537285331,unstable,5.731574020607776,1.04683285576128,High-resolution multi-current threshold check using unchanged stable-field rule.,,
replicate,3.0,6.0,opening_biased,-1.0,2,929,0.5469089277921138,0.0,1.1733358015574824,0.7469089277921137,unstable,5.731574020607776,1.04683285576128,High-resolution multi-current threshold check using unchanged stable-field rule.,,
replicate,3.25,6.0,opening_biased,-1.0,0,910,0.5100550187367545,0.0,1.0961949352142726,0.7100550187367545,unstable,6.008665877143836,0.9985577701737751,High-resolution multi-current threshold check using unchanged stable-field rule.,,
replicate,3.25,6.0,opening_biased,-1.0,1,917,0.5098840742970774,0.0,1.091722351347373,0.7098840742970773,unstable,6.008665877143836,0.9985577701737751,High-resolution multi-current threshold check using unchanged stable-field rule.,,
replicate,3.25,6.0,opening_biased,-1.0,2,929,0.5026530075724711,0.0,1.102797805117031,0.7026530075724711,unstable,6.008665877143836,0.9985577701737751,High-resolution multi-current threshold check using unchanged stable-field rule.,,
replicate,3.5,6.0,opening_biased,-1.0,0,910,0.4714197872572028,0.0,1.030248507965296,0.6714197872572027,unstable,6.23833023587989,0.9617958288727441,High-resolution multi-current threshold check using unchanged stable-field rule.,,
replicate,3.5,6.0,opening_biased,-1.0,1,917,0.4711100184558029,0.0,1.0274425488718697,0.671110018455803,unstable,6.23833023587989,0.9617958288727441,High-resolution multi-current threshold check using unchanged stable-field rule.,,
replicate,3.5,6.0,opening_biased,-1.0,2,929,0.46373943830957154,0.0,1.0321698784063968,0.6637394383095716,unstable,6.23833023587989,0.9617958288727441,High-resolution multi-current threshold check using unchanged stable-field rule.,,
replicate,3.75,6.0,opening_biased,-1.0,0,910,0.44289248523578384,0.0,1.0262186625408147,0.6428924852357838,unstable,6.428796291394801,0.9333006877245804,High-resolution multi-current threshold check using unchanged stable-field rule.,,
replicate,3.75,6.0,opening_biased,-1.0,1,917,0.44250741566010654,0.0,1.0243311395192392,0.6425074156601065,unstable,6.428796291394801,0.9333006877245804,High-resolution multi-current threshold check using unchanged stable-field rule.,,
replicate,3.75,6.0,opening_biased,-1.0,2,929,0.4351348180776262,0.0,1.0250516536453613,0.6351348180776262,unstable,6.428796291394801,0.9333006877245804,High-resolution multi-current threshold check using unchanged stable-field rule.,,
replicate,4.0,6.0,opening_biased,-1.0,0,910,0.4165680892273419,0.0,1.0239184906044663,0.616568089227342,stable,6.587158674337453,0.9108631348710435,High-resolution multi-current threshold check using unchanged stable-field rule.,,
replicate,4.0,6.0,opening_biased,-1.0,1,917,0.4162571871167403,0.029411764705882353,1.0221940360714277,0.6103748341755638,stable,6.587158674337453,0.9108631348710435,High-resolution multi-current threshold check using unchanged stable-field rule.,,
replicate,4.0,6.0,opening_biased,-1.0,2,929,0.4089772842434085,0.0,1.022777774321205,0.6089772842434085,stable,6.587158674337453,0.9108631348710435,High-resolution multi-current threshold check using unchanged stable-field rule.,,
replicate,0.2,6.0,neutral,0.0,0,923,0.9972326152352836,0.0,1.0,1.1972326152352837,unstable,1.10417818125589,5.43390559771396,High-resolution multi-current threshold check using unchanged stable-field rule.,,
replicate,0.2,6.0,neutral,0.0,1,930,0.9972335691802346,0.0,1.0,1.1972335691802347,unstable,1.10417818125589,5.43390559771396,High-resolution multi-current threshold check using unchanged stable-field rule.,,
replicate,0.2,6.0,neutral,0.0,2,942,0.9972326906243653,0.0,1.0,1.1972326906243653,unstable,1.10417818125589,5.43390559771396,High-resolution multi-current threshold check using unchanged stable-field rule.,,
replicate,0.3,6.0,neutral,0.0,0,923,0.9954474163359467,0.0,1.0,1.1954474163359468,unstable,1.1888422137240824,5.046927111718912,High-resolution multi-current threshold check using unchanged stable-field rule.,,
replicate,0.3,6.0,neutral,0.0,1,930,0.9954495895116425,0.0,1.0,1.1954495895116426,unstable,1.1888422137240824,5.046927111718912,High-resolution multi-current threshold check using unchanged stable-field rule.,,
replicate,0.3,6.0,neutral,0.0,2,942,0.9954475165244263,0.0,1.0,1.1954475165244263,unstable,1.1888422137240824,5.046927111718912,High-resolution multi-current threshold check using unchanged stable-field rule.,,
replicate,0.4,6.0,neutral,0.0,0,923,0.9817088704054201,0.0,1.0,1.1817088704054202,unstable,2.0352598179080186,2.9480265601505447,High-resolution multi-current threshold check using unchanged stable-field rule.,,
replicate,0.4,6.0,neutral,0.0,1,930,0.982424594346272,0.0,1.0,1.1824245943462721,unstable,2.0352598179080186,2.9480265601505447,High-resolution multi-current threshold check using unchanged stable-field rule.,,
replicate,0.4,6.0,neutral,0.0,2,942,0.9818841956896145,0.0,1.0,1.1818841956896144,unstable,2.0352598179080186,2.9480265601505447,High-resolution multi-current threshold check using unchanged stable-field rule.,,
replicate,0.5,6.0,neutral,0.0,0,923,0.8066025396260754,0.0,1.5611501578052585,1.0066025396260754,unstable,3.4228586977028543,1.7529207396223263,High-resolution multi-current threshold check using unchanged stable-field rule.,,
replicate,0.5,6.0,neutral,0.0,1,930,0.8164048146024244,0.0,1.572103295425216,1.0164048146024245,unstable,3.4228586977028543,1.7529207396223263,High-resolution multi-current threshold check using unchanged stable-field rule.,,
replicate,0.5,6.0,neutral,0.0,2,942,0.8063270939005351,0.0,1.585693113120351,1.006327093900535,unstable,3.4228586977028543,1.7529207396223263,High-resolution multi-current threshold check using unchanged stable-field rule.,,
replicate,0.7,6.0,neutral,0.0,0,923,0.7235550151273937,0.0,2.2589738958668253,0.9235550151273937,unstable,4.006329180851311,1.4976303067350674,High-resolution multi-current threshold check using unchanged stable-field rule.,,
replicate,0.7,6.0,neutral,0.0,1,930,0.7330318673021101,0.0,2.244104168653004,0.9330318673021101,unstable,4.006329180851311,1.4976303067350674,High-resolution multi-current threshold check using unchanged stable-field rule.,,
replicate,0.7,6.0,neutral,0.0,2,942,0.7221364787256357,0.0,2.273828751957451,0.9221364787256356,unstable,4.006329180851311,1.4976303067350674,High-resolution multi-current threshold check using unchanged stable-field rule.,,
replicate,1.0,6.0,neutral,0.0,0,923,0.6781743505619815,0.0,2.153866850270526,0.8781743505619815,unstable,4.277848899405804,1.4025740836319405,High-resolution multi-current threshold check using unchanged stable-field rule.,,
replicate,1.0,6.0,neutral,0.0,1,930,0.6871472598687869,0.0,2.049788611603526,0.8871472598687868,unstable,4.277848899405804,1.4025740836319405,High-resolution multi-current threshold check using unchanged stable-field rule.,,
replicate,1.0,6.0,neutral,0.0,2,942,0.6764003272216915,0.0,2.225660985598162,0.8764003272216916,unstable,4.277848899405804,1.4025740836319405,High-resolution multi-current threshold check using unchanged stable-field rule.,,
replicate,1.2,6.0,neutral,0.0,0,923,0.6445141977512225,0.0,1.9769578664553296,0.8445141977512225,unstable,4.4982028799762785,1.3338660260765387,High-resolution multi-current threshold check using unchanged stable-field rule.,,
replicate,1.2,6.0,neutral,0.0,1,930,0.6529415534425378,0.0,1.8984773684155425,0.8529415534425377,unstable,4.4982028799762785,1.3338660260765387,High-resolution multi-current threshold check using unchanged stable-field rule.,,
replicate,1.2,6.0,neutral,0.0,2,942,0.6427012851544176,0.0,2.0757547391596627,0.8427012851544176,unstable,4.4982028799762785,1.3338660260765387,High-resolution multi-current threshold check using unchanged stable-field rule.,,
replicate,1.4,6.0,neutral,0.0,0,923,0.6063988293759127,0.0,1.8034432138986622,0.8063988293759128,unstable,4.744225731336764,1.2646953032543418,High-resolution multi-current threshold check using unchanged stable-field rule.,,
replicate,1.4,6.0,neutral,0.0,1,930,0.614361678517301,0.0,1.7478416518645445,0.8143616785173009,unstable,4.744225731336764,1.2646953032543418,High-resolution multi-current threshold check using unchanged stable-field rule.,,
replicate,1.4,6.0,neutral,0.0,2,942,0.6046872508424235,0.0,1.9014141739588915,0.8046872508424234,unstable,4.744225731336764,1.2646953032543418,High-resolution multi-current threshold check using unchanged stable-field rule.,,
replicate,1.6,6.0,neutral,0.0,0,923,0.5643214446106035,0.0,1.6570559023668336,0.7643214446106035,unstable,5.000723866476736,1.199826297193111,High-resolution multi-current threshold check using unchanged stable-field rule.,,
replicate,1.6,6.0,neutral,0.0,1,930,0.5719318375631853,0.0,1.614991074910525,0.7719318375631854,unstable,5.000723866476736,1.199826297193111,High-resolution multi-current threshold check using unchanged stable-field rule.,,
replicate,1.6,6.0,neutral,0.0,2,942,0.5627907546725648,0.0,1.7441675270057635,0.7627907546725647,unstable,5.000723866476736,1.199826297193111,High-resolution multi-current threshold check using unchanged stable-field rule.,,
replicate,2.0,6.0,neutral,0.0,0,923,0.4741639373300587,0.0,1.4676511176895133,0.6741639373300587,unstable,5.493600586462832,1.092179874668177,High-resolution multi-current threshold check using unchanged stable-field rule.,,
replicate,2.0,6.0,neutral,0.0,1,930,0.48200924658702893,0.0,1.4213652262562881,0.6820092465870289,unstable,5.493600586462832,1.092179874668177,High-resolution multi-current threshold check using unchanged stable-field rule.,,
replicate,2.0,6.0,neutral,0.0,2,942,0.47363442479018214,0.011764705882352941,1.5215888762458851,0.6712814836137115,unstable,5.493600586462832,1.092179874668177,High-resolution multi-current threshold check using unchanged stable-field rule.,,
replicate,2.25,6.0,neutral,0.0,0,923,0.41786356955021364,0.2235294117647059,1.4137792767794395,0.5731576871972724,stable,5.764782122481208,1.0408025615749643,High-resolution multi-current threshold check using unchanged stable-field rule.,,
replicate,2.25,6.0,neutral,0.0,1,930,0.4272353293728258,0.19411764705882353,1.361261979670461,0.5884117999610612,stable,5.764782122481208,1.0408025615749643,High-resolution multi-current threshold check using unchanged stable-field rule.,,
replicate,2.25,6.0,neutral,0.0,2,942,0.4187210046545752,0.2647058823529412,1.4410719120251703,0.565779828183987,stable,5.764782122481208,1.0408025615749643,High-resolution multi-current threshold check using unchanged stable-field rule.,,
replicate,2.5,6.0,neutral,0.0,0,923,0.36360569526156594,0.5411764705882353,1.4194589693969881,0.4553704011439189,stable,5.999902247478364,1.0000162923523759,High-resolution multi-current threshold check using unchanged stable-field rule.,,
replicate,2.5,6.0,neutral,0.0,1,930,0.3736535200877489,0.5176470588235295,1.350262589617107,0.47012410832304297,stable,5.999902247478364,1.0000162923523759,High-resolution multi-current threshold check using unchanged stable-field rule.,,
replicate,2.5,6.0,neutral,0.0,2,942,0.36582116173969514,0.5647058823529412,1.419038278042178,0.4528799852691069,stable,5.999902247478364,1.0000162923523759,High-resolution multi-current threshold check using unchanged stable-field rule.,,
replicate,0.2,6.0,filling_biased,1.0,0,936,0.8927959251454449,0.0,1.355671631693176,1.0927959251454449,unstable,1.4999999616014417,4.000000102396158,High-resolution multi-current threshold check using unchanged stable-field rule.,,
replicate,0.2,6.0,filling_biased,1.0,1,943,0.8971749771451497,0.0,1.3511871866001213,1.0971749771451498,unstable,1.4999999616014417,4.000000102396158,High-resolution multi-current threshold check using unchanged stable-field rule.,,
replicate,0.2,6.0,filling_biased,1.0,2,955,0.889775934815551,0.0,1.348921685144768,1.089775934815551,unstable,1.4999999616014417,4.000000102396158,High-resolution multi-current threshold check using unchanged stable-field rule.,,
replicate,0.3,6.0,filling_biased,1.0,0,936,0.8377060922480167,0.0,1.5545084805277265,1.0377060922480168,unstable,1.6435490433730764,3.6506364225591494,High-resolution multi-current threshold check using unchanged stable-field rule.,,
replicate,0.3,6.0,filling_biased,1.0,1,943,0.836994554645167,0.0,1.5714670794014334,1.036994554645167,unstable,1.6435490433730764,3.6506364225591494,High-resolution multi-current threshold check using unchanged stable-field rule.,,
replicate,0.3,6.0,filling_biased,1.0,2,955,0.826165014824101,0.0,1.6881678601749455,1.026165014824101,unstable,1.6435490433730764,3.6506364225591494,High-resolution multi-current threshold check using unchanged stable-field rule.,,
replicate,0.4,6.0,filling_biased,1.0,0,936,0.4959723990006579,0.4235294117647059,4.935649877976931,0.6112665166477167,stable,3.291697081483706,1.8227679678518742,High-resolution multi-current threshold check using unchanged stable-field rule.,,
replicate,0.4,6.0,filling_biased,1.0,1,943,0.4876358426114056,0.40588235294117647,5.190103603827025,0.6064593720231704,stable,3.291697081483706,1.8227679678518742,High-resolution multi-current threshold check using unchanged stable-field rule.,,
replicate,0.4,6.0,filling_biased,1.0,2,955,0.4824912594857622,0.4470588235294118,5.481573632786508,0.5930794947798799,stable,3.291697081483706,1.8227679678518742,High-resolution multi-current threshold check using unchanged stable-field rule.,,
aggregate,0.2,2.0,opening_biased,-1.0,mean_of_3,910;917;929,0.9903603588114502,0.0,1.0,1.1903603588114502,unstable,0.7083564009103384,2.823437463725487,Aggregate of three roughness replicates.,0.00010655557249255003,0.0
aggregate,0.3,2.0,opening_biased,-1.0,mean_of_3,910;917;929,0.9862362352614306,0.0,1.0,1.1862362352614306,unstable,0.7341353840750883,2.724293152712876,Aggregate of three roughness replicates.,0.00013533450133225693,0.0
aggregate,0.4,2.0,opening_biased,-1.0,mean_of_3,910;917;929,0.980112832551248,0.0,1.0,1.180112832551248,unstable,0.7788225543323312,2.567979045900333,Aggregate of three roughness replicates.,0.00040907636518682015,0.0
aggregate,0.5,2.0,opening_biased,-1.0,mean_of_3,910;917;929,0.9674842905184698,0.0,1.0213900671731537,1.16748429051847,unstable,0.8457162284418254,2.3648594324420897,Aggregate of three roughness replicates.,0.001496841181302654,0.0
aggregate,0.7,2.0,opening_biased,-1.0,mean_of_3,910;917;929,0.8973088002829557,0.0,1.495440261186489,1.0973088002829556,unstable,1.0542763415802223,1.897035835028093,Aggregate of three roughness replicates.,0.002669512561020198,0.0
aggregate,1.0,2.0,opening_biased,-1.0,mean_of_3,910;917;929,0.7945172261023771,0.0,1.7035601089804189,0.9945172261023769,unstable,1.5564963731073176,1.2849371412329682,Aggregate of three roughness replicates.,0.0031380854508532533,0.0
aggregate,1.2,2.0,opening_biased,-1.0,mean_of_3,910;917;929,0.7138425610292968,0.0,1.2926456364331835,0.9138425610292966,unstable,1.9962001265838296,1.0019035533389498,Aggregate of three roughness replicates.,0.004156248914170913,0.0
aggregate,1.4,2.0,opening_biased,-1.0,mean_of_3,910;917;929,0.6384418789871213,0.0,1.0484638230014245,0.8384418789871213,unstable,2.488093644145372,0.8038282661531312,Aggregate of three roughness replicates.,0.004782441640920468,0.0
aggregate,1.6,2.0,opening_biased,-1.0,mean_of_3,910;917;929,0.5949856022749884,0.0,1.0389201977876181,0.7949856022749885,unstable,3.0010593460156034,0.6664313395385955,Aggregate of three roughness replicates.,0.00458311810163933,0.0
aggregate,2.0,2.0,opening_biased,-1.0,mean_of_3,910;917;929,0.5317593813535185,0.0,1.0307306947005719,0.7317593813535185,unstable,3.9868030375009607,0.501655080822266,Aggregate of three roughness replicates.,0.004303887868016807,0.0
aggregate,2.5,2.0,opening_biased,-1.0,mean_of_3,910;917;929,0.4733196961335184,0.0,1.0258772164897099,0.6733196961335185,unstable,4.999405311629274,0.4000475807287993,Aggregate of three roughness replicates.,0.004070892115299028,0.0
aggregate,3.0,2.0,opening_biased,-1.0,mean_of_3,910;917;929,0.4244047591716038,0.0,1.0222690523395777,0.6244047591716039,unstable,5.731574020607776,0.34894428525376003,Aggregate of three roughness replicates.,0.003885968908335267,0.3333333333333333
aggregate,3.25,2.0,opening_biased,-1.0,mean_of_3,910;917;929,0.40177154042226837,0.5823529411764706,1.0207211559280829,0.4853009521869743,stable,6.008665877143836,0.33285259005792506,Aggregate of three roughness replicates.,0.0038005789793626584,1.0
aggregate,0.2,2.0,neutral,0.0,mean_of_3,923;930;942,0.9051246247359289,0.0,1.0643936706553945,1.1051246247359288,unstable,1.10417818125589,1.8113018659046534,Aggregate of three roughness replicates.,0.008609475818394684,0.0
aggregate,0.3,2.0,neutral,0.0,mean_of_3,923;930;942,0.8452136459146725,0.0,1.2870189422584686,1.0452136459146724,unstable,1.1888422137240824,1.6823090372396372,Aggregate of three roughness replicates.,0.0093376778870783,0.0
aggregate,0.4,2.0,neutral,0.0,mean_of_3,923;930;942,0.6335502238594195,0.0,2.0134300161663057,0.8335502238594193,unstable,2.0352598179080186,0.9826755200501816,Aggregate of three roughness replicates.,0.005997337609118543,0.0
aggregate,0.5,2.0,neutral,0.0,mean_of_3,923;930;942,0.47229666636519974,0.0,1.0885197465762821,0.6722966663651997,unstable,3.422858697702855,0.5843069132074421,Aggregate of three roughness replicates.,0.008265019177645844,0.0
aggregate,0.7,2.0,neutral,0.0,mean_of_3,923;930;942,0.4286640519980005,0.0,1.0718088252656839,0.6286640519980006,unstable,4.006329180851311,0.49921010224502255,Aggregate of three roughness replicates.,0.007797564267382295,0.0
aggregate,0.85,2.0,neutral,0.0,mean_of_3,923;930;942,0.4081213792724456,0.0,1.067861562147571,0.6081213792724457,stable,4.136332912068894,0.4835200750317867,Aggregate of three roughness replicates.,0.007585499696727903,1.0
aggregate,1.0,2.0,neutral,0.0,mean_of_3,923;930;942,0.38802285990899327,0.0,1.0648817580566778,0.5880228599089933,stable,4.277848899405804,0.46752469454398016,Aggregate of three roughness replicates.,0.007369235447755966,1.0
aggregate,0.2,2.0,filling_biased,1.0,mean_of_3,936;943;955,0.4149707370121982,0.6,2.9291477951759775,0.4949707370121983,stable,1.4999999616014417,1.333333367465386,Aggregate of three roughness replicates.,0.006946905212647953,1.0
aggregate,0.2,4.0,opening_biased,-1.0,mean_of_3,910;917;929,0.9975325995369957,0.0,1.0,1.1975325995369956,unstable,0.7083564009103384,5.646874927450974,Aggregate of three roughness replicates.,1.3427878872049677e-06,0.0
aggregate,0.3,4.0,opening_biased,-1.0,mean_of_3,910;917;929,0.9961501506751212,0.0,1.0,1.1961501506751213,unstable,0.7341353840750883,5.448586305425752,Aggregate of three roughness replicates.,2.1263090861081818e-06,0.0
aggregate,0.4,4.0,opening_biased,-1.0,mean_of_3,910;917;929,0.994508555620604,0.0,1.0,1.1945085556206043,unstable,0.7788225543323312,5.135958091800666,Aggregate of three roughness replicates.,3.3147913085235996e-06,0.0
aggregate,0.5,4.0,opening_biased,-1.0,mean_of_3,910;917;929,0.9924364798160147,0.0,1.0,1.1924364798160147,unstable,0.8457162284418254,4.7297188648841795,Aggregate of three roughness replicates.,5.448224993311799e-06,0.0
aggregate,0.7,4.0,opening_biased,-1.0,mean_of_3,910;917;929,0.9859429933422182,0.0,1.0,1.1859429933422183,unstable,1.0542763415802223,3.794071670056186,Aggregate of three roughness replicates.,2.1413796210760057e-05,0.0
aggregate,1.0,4.0,opening_biased,-1.0,mean_of_3,910;917;929,0.9348301372253657,0.0,1.423771034276303,1.1348301372253655,unstable,1.5564963731073176,2.5698742824659364,Aggregate of three roughness replicates.,0.0017209714890793531,0.0
aggregate,1.2,4.0,opening_biased,-1.0,mean_of_3,910;917;929,0.8818992144183669,0.0,1.7927904122078218,1.0818992144183672,unstable,1.9962001265838296,2.0038071066778995,Aggregate of three roughness replicates.,0.0029939824092890706,0.0
aggregate,1.4,4.0,opening_biased,-1.0,mean_of_3,910;917;929,0.8246627563824366,0.0,1.7074847454279842,1.0246627563824366,unstable,2.488093644145372,1.6076565323062624,Aggregate of three roughness replicates.,0.00320691494624617,0.0
aggregate,1.6,4.0,opening_biased,-1.0,mean_of_3,910;917;929,0.76105044918528,0.0,1.551593771505745,0.9610504491852799,unstable,3.0010593460156034,1.332862679077191,Aggregate of three roughness replicates.,0.0032506770013611005,0.0
aggregate,2.0,4.0,opening_biased,-1.0,mean_of_3,910;917;929,0.6324413784132324,0.0,1.1785827157352273,0.8324413784132325,unstable,3.9868030375009607,1.003310161644532,Aggregate of three roughness replicates.,0.004285989904043729,0.0
aggregate,2.5,4.0,opening_biased,-1.0,mean_of_3,910;917;929,0.5342182360753988,0.0,1.0324984800355868,0.7342182360753986,unstable,4.999405311629274,0.8000951614575986,Aggregate of three roughness replicates.,0.004570469259157254,0.0
aggregate,3.0,4.0,opening_biased,-1.0,mean_of_3,910;917;929,0.47271929020438846,0.0,1.0264334368507935,0.6727192902043885,unstable,5.731574020607776,0.6978885705075201,Aggregate of three roughness replicates.,0.004318216874480056,0.0
aggregate,3.25,4.0,opening_biased,-1.0,mean_of_3,910;917;929,0.445884923696382,0.0,1.0242278497574797,0.6458849236963821,unstable,6.008665877143836,0.6657051801158501,Aggregate of three roughness replicates.,0.0042110335191579695,0.0
aggregate,3.5,4.0,opening_biased,-1.0,mean_of_3,910;917;929,0.42064081129451014,0.0,1.0223359014029205,0.6206408112945102,unstable,6.23833023587989,0.641197219248496,Aggregate of three roughness replicates.,0.0041110095395455555,0.3333333333333333
aggregate,3.75,4.0,opening_biased,-1.0,mean_of_3,910;917;929,0.39656536358247757,0.7588235294117647,1.020661276879868,0.4448006577001246,stable,6.428796291394801,0.6222004584830536,Aggregate of three roughness replicates.,0.004015520335094086,1.0
aggregate,0.2,4.0,neutral,0.0,mean_of_3,923;930;942,0.9941003617738361,0.0,1.0,1.1941003617738362,unstable,1.10417818125589,3.6226037318093067,Aggregate of three roughness replicates.,2.8399080179648443e-05,0.0
aggregate,0.3,4.0,neutral,0.0,mean_of_3,923;930;942,0.9901395284109552,0.0,1.0,1.1901395284109553,unstable,1.1888422137240824,3.3646180744792744,Aggregate of three roughness replicates.,5.595736906617685e-05,0.0
aggregate,0.4,4.0,neutral,0.0,mean_of_3,923;930;942,0.8847781171142058,0.0,1.2422134280562787,1.084778117114206,unstable,2.0352598179080186,1.965351040100363,Aggregate of three roughness replicates.,0.011589988817903575,0.0
aggregate,0.5,4.0,neutral,0.0,mean_of_3,923;930;942,0.6745638146108973,0.0,2.28444310770403,0.8745638146108972,unstable,3.422858697702855,1.1686138264148842,Aggregate of three roughness replicates.,0.005678359026879751,0.0
aggregate,0.7,4.0,neutral,0.0,mean_of_3,923;930;942,0.5991373995732758,0.0,1.73879449365643,0.7991373995732758,unstable,4.006329180851311,0.9984202044900451,Aggregate of three roughness replicates.,0.005799598586924836,0.0
aggregate,1.0,4.0,neutral,0.0,mean_of_3,923;930;942,0.5185537393518637,0.0,1.299565421238715,0.7185537393518636,unstable,4.277848899405804,0.9350493890879603,Aggregate of three roughness replicates.,0.005905647052356255,0.0
aggregate,1.2,4.0,neutral,0.0,mean_of_3,923;930;942,0.46528515468345183,0.0,1.104330846588793,0.665285154683452,unstable,4.4982028799762785,0.8892440173843591,Aggregate of three roughness replicates.,0.007924172019224518,0.0
aggregate,1.4,4.0,neutral,0.0,mean_of_3,923;930;942,0.42836451368136697,0.0,1.0889529123656538,0.6283645136813669,unstable,4.744225731336764,0.8431302021695611,Aggregate of three roughness replicates.,0.008029207425719,0.0
aggregate,1.6,4.0,neutral,0.0,mean_of_3,923;930;942,0.39424735923813675,0.0,1.0823560756000317,0.5942473592381369,stable,5.000723866476736,0.7998841981287407,Aggregate of three roughness replicates.,0.0076813024141945295,1.0
aggregate,0.2,4.0,filling_biased,1.0,mean_of_3,936;943;955,0.6868963597191432,0.08627450980392158,2.7778365134938876,0.8696414577583589,unstable,1.4999999616014417,2.666666734930772,Aggregate of three roughness replicates.,0.01487075435953334,0.0
aggregate,0.3,4.0,filling_biased,1.0,mean_of_3,936;943;955,0.619112984748363,0.18627450980392157,3.3777276362334923,0.7818580827875786,unstable,1.6435490433730766,2.433757615039433,Aggregate of three roughness replicates.,0.014950040214402277,0.0
aggregate,0.4,4.0,filling_biased,1.0,mean_of_3,936;943;955,0.36566152647842715,0.7627450980392156,0.9398062958950453,0.41311250687058404,stable,3.291697081483706,1.2151786452345827,Aggregate of three roughness replicates.,0.007858966080837108,1.0
aggregate,0.2,6.0,opening_biased,-1.0,mean_of_3,910;917;929,0.9984177308747132,0.0,1.0,1.1984177308747135,unstable,0.7083564009103384,8.470312391176462,Aggregate of three roughness replicates.,3.4944387746052183e-07,0.0
aggregate,0.3,6.0,opening_biased,-1.0,mean_of_3,910;917;929,0.9975345346135965,0.0,1.0,1.1975345346135964,unstable,0.7341353840750883,8.172879458138627,Aggregate of three roughness replicates.,6.40131959836803e-07,0.0
aggregate,0.4,6.0,opening_biased,-1.0,mean_of_3,910;917;929,0.9964978638102924,0.0,1.0,1.1964978638102923,unstable,0.7788225543323312,7.703937137701,Aggregate of three roughness replicates.,1.0762934818896797e-06,0.0
aggregate,0.5,6.0,opening_biased,-1.0,mean_of_3,910;917;929,0.9952151758432138,0.0,1.0,1.195215175843214,unstable,0.8457162284418254,7.09457829732627,Aggregate of three roughness replicates.,1.6698924655197705e-06,0.0
aggregate,0.7,6.0,opening_biased,-1.0,mean_of_3,910;917;929,0.991465663844744,0.0,1.0,1.1914656638447438,unstable,1.0542763415802223,5.691107505084279,Aggregate of three roughness replicates.,3.821378514749252e-06,0.0
aggregate,1.0,6.0,opening_biased,-1.0,mean_of_3,910;917;929,0.9803893600694641,0.0,1.0010274767671117,1.1803893600694642,unstable,1.5564963731073176,3.8548114236989046,Aggregate of three roughness replicates.,0.0001683927878022381,0.0
aggregate,1.2,6.0,opening_biased,-1.0,mean_of_3,910;917;929,0.949573753807622,0.0,1.3949251857985177,1.1495737538076218,unstable,1.9962001265838296,3.005710660016849,Aggregate of three roughness replicates.,0.0013539632968155573,0.0
aggregate,1.4,6.0,opening_biased,-1.0,mean_of_3,910;917;929,0.9109434637863766,0.0,1.6905892014078239,1.1109434637863767,unstable,2.488093644145372,2.4114847984593935,Aggregate of three roughness replicates.,0.002148816013097698,0.0
aggregate,1.6,6.0,opening_biased,-1.0,mean_of_3,910;917;929,0.8691556116358822,0.0,1.6764004566327977,1.069155611635882,unstable,3.0010593460156034,1.9992940186157864,Aggregate of three roughness replicates.,0.0026869793810053847,0.0
aggregate,2.0,6.0,opening_biased,-1.0,mean_of_3,910;917;929,0.7756175481475888,0.0,1.5239668164550704,0.9756175481475888,unstable,3.9868030375009607,1.504965242466798,Aggregate of three roughness replicates.,0.003210862885227875,0.0
aggregate,2.5,6.0,opening_biased,-1.0,mean_of_3,910;917;929,0.6556276194887195,0.0,1.3200146621066393,0.8556276194887195,unstable,4.999405311629274,1.200142742186398,Aggregate of three roughness replicates.,0.0035603003819536265,0.0
aggregate,3.0,6.0,opening_biased,-1.0,mean_of_3,910;917;929,0.5514434167573757,0.0,1.1646284199019938,0.7514434167573757,unstable,5.731574020607776,1.04683285576128,Aggregate of three roughness replicates.,0.003927608687367117,0.0
aggregate,3.25,6.0,opening_biased,-1.0,mean_of_3,910;917;929,0.507530700202101,0.0,1.096905030559559,0.707530700202101,unstable,6.008665877143836,0.998557770173775,Aggregate of three roughness replicates.,0.004225070359440594,0.0
aggregate,3.5,6.0,opening_biased,-1.0,mean_of_3,910;917;929,0.46875641467419243,0.0,1.0299536450811875,0.6687564146741924,unstable,6.23833023587989,0.9617958288727441,Aggregate of three roughness replicates.,0.0043475887638958636,0.0
aggregate,3.75,6.0,opening_biased,-1.0,mean_of_3,910;917;929,0.44017823965783887,0.0,1.0252004852351384,0.6401782396578388,unstable,6.428796291394801,0.9333006877245804,Aggregate of three roughness replicates.,0.004371972732227873,0.0
aggregate,4.0,6.0,opening_biased,-1.0,mean_of_3,910;917;929,0.4139341868624969,0.00980392156862745,1.0229634336656996,0.6119734025487714,stable,6.587158674337453,0.9108631348710435,Aggregate of three roughness replicates.,0.004295617267860136,1.0
aggregate,0.2,6.0,neutral,0.0,mean_of_3,923;930;942,0.9972329583466278,0.0,1.0,1.197232958346628,unstable,1.10417818125589,5.43390559771396,Aggregate of three roughness replicates.,5.303387123444217e-07,0.0
aggregate,0.3,6.0,neutral,0.0,mean_of_3,923;930;942,0.9954481741240052,0.0,1.0,1.195448174124005,unstable,1.1888422137240824,5.046927111718912,Aggregate of three roughness replicates.,1.2267848449669497e-06,0.0
aggregate,0.4,6.0,neutral,0.0,mean_of_3,923;930;942,0.9820058868137688,0.0,1.0,1.1820058868137688,unstable,2.0352598179080186,2.9480265601505447,Aggregate of three roughness replicates.,0.00037305728400693596,0.0
aggregate,0.5,6.0,neutral,0.0,mean_of_3,923;930;942,0.8097781493763451,0.0,1.5729821887836086,1.009778149376345,unstable,3.422858697702855,1.7529207396223263,Aggregate of three roughness replicates.,0.005740512747205369,0.0
aggregate,0.7,6.0,neutral,0.0,mean_of_3,923;930;942,0.7262411203850464,0.0,2.25896893882576,0.9262411203850465,unstable,4.006329180851311,1.4976303067350674,Aggregate of three roughness replicates.,0.005923575284360352,0.0
aggregate,1.0,6.0,neutral,0.0,mean_of_3,923;930;942,0.6805739792174866,0.0,2.143105482490738,0.8805739792174867,unstable,4.277848899405804,1.4025740836319407,Aggregate of three roughness replicates.,0.005761319605224317,0.0
aggregate,1.2,6.0,neutral,0.0,mean_of_3,923;930;942,0.6467190121160593,0.0,1.9837299913435116,0.8467190121160592,unstable,4.4982028799762785,1.3338660260765387,Aggregate of three roughness replicates.,0.005464584013510355,0.0
aggregate,1.4,6.0,neutral,0.0,mean_of_3,923;930;942,0.6084825862452123,0.0,1.8175663465740328,0.8084825862452124,unstable,4.744225731336764,1.2646953032543418,Aggregate of three roughness replicates.,0.005162864488525138,0.0
aggregate,1.6,6.0,neutral,0.0,mean_of_3,923;930;942,0.5663480122821178,0.0,1.6720715014277072,0.7663480122821179,unstable,5.000723866476736,1.199826297193111,Aggregate of three roughness replicates.,0.0048959249890821715,0.0
aggregate,2.0,6.0,neutral,0.0,mean_of_3,923;930;942,0.4766025362357566,0.00392156862745098,1.4702017400638956,0.6758182225102664,unstable,5.493600586462832,1.092179874668177,Aggregate of three roughness replicates.,0.004689827662013634,0.0
aggregate,2.25,6.0,neutral,0.0,mean_of_3,923;930;942,0.42127330119253825,0.22745098039215686,1.4053710561583568,0.5757831051141069,stable,5.764782122481208,1.0408025615749643,Aggregate of three roughness replicates.,0.005181035973283291,1.0
aggregate,2.5,6.0,neutral,0.0,mean_of_3,923;930;942,0.36769345902967004,0.5411764705882353,1.3962532790187578,0.4594581649120229,stable,5.999902247478364,1.0000162923523759,Aggregate of three roughness replicates.,0.005279092610567645,1.0
aggregate,0.2,6.0,filling_biased,1.0,mean_of_3,936;943;955,0.8932489457020485,0.0,1.3519268344793554,1.0932489457020484,unstable,1.4999999616014417,4.000000102396158,Aggregate of three roughness replicates.,0.0037202657925647785,0.0
aggregate,0.3,6.0,filling_biased,1.0,mean_of_3,936;943;955,0.8336218872390949,0.0,1.6047144733680352,1.033621887239095,unstable,1.6435490433730766,3.6506364225591494,Aggregate of three roughness replicates.,0.0064676333461468226,0.0
aggregate,0.4,6.0,filling_biased,1.0,mean_of_3,936;943;955,0.4886998336992752,0.42549019607843136,5.202442371530155,0.603601794483589,stable,3.291697081483706,1.8227679678518742,Aggregate of three roughness replicates.,0.006803259397621129,1.0
