current_density_mA_cm2,stress_case,stress_label,stress_index,threshold_status,highest_unstable_pressure_MPa,lowest_stable_pressure_MPa,bracket_width_MPa,threshold_midpoint_MPa,lower_unstable_risk_metric,upper_stable_risk_metric,lower_unstable_final_void_fraction,upper_stable_final_void_fraction,lower_unstable_contact_fraction,upper_stable_contact_fraction,lower_unstable_hotspot_factor,upper_stable_hotspot_factor,tested_pressures_MPa,mixed_pressure_MPa,baseline_4mA_bracket_reproduced,notes
2.0,opening_biased,Opening-biased,-1.0,threshold_found,3.0,3.25,0.25,3.125,0.6244047591716039,0.4853009521869743,0.4244047591716038,0.40177154042226837,0.0,0.5823529411764706,1.0222690523395777,1.0207211559280829,0.2;0.3;0.4;0.5;0.7;1;1.2;1.4;1.6;2;2.5;3;3.25,,,Pressure threshold bracketed by nearest unstable and stable aggregate points.
2.0,neutral,Neutral,0.0,threshold_found,0.7,0.85,0.15000000000000002,0.7749999999999999,0.6286640519980006,0.6081213792724457,0.4286640519980005,0.4081213792724456,0.0,0.0,1.0718088252656839,1.067861562147571,0.2;0.3;0.4;0.5;0.7;0.85;1,,,Pressure threshold bracketed by nearest unstable and stable aggregate points.
2.0,filling_biased,Filling-biased,1.0,stable_at_lowest_tested,,0.2,,,,0.4949707370121983,,0.4149707370121982,,0.6,,2.9291477951759775,0.2,,,Stable at the lowest tested pressure; threshold is left-censored.
4.0,opening_biased,Opening-biased,-1.0,threshold_found,3.5,3.75,0.25,3.625,0.6206408112945102,0.4448006577001246,0.42064081129451014,0.39656536358247757,0.0,0.7588235294117647,1.0223359014029205,1.020661276879868,0.2;0.3;0.4;0.5;0.7;1;1.2;1.4;1.6;2;2.5;3;3.25;3.5;3.75,,True,Pressure threshold bracketed by nearest unstable and stable aggregate points.
4.0,neutral,Neutral,0.0,threshold_found,1.4,1.6,0.20000000000000018,1.5,0.6283645136813669,0.5942473592381369,0.42836451368136697,0.39424735923813675,0.0,0.0,1.0889529123656538,1.0823560756000317,0.2;0.3;0.4;0.5;0.7;1;1.2;1.4;1.6,,True,Pressure threshold bracketed by nearest unstable and stable aggregate points.
4.0,filling_biased,Filling-biased,1.0,threshold_found,0.3,0.4,0.10000000000000003,0.35,0.7818580827875786,0.41311250687058404,0.619112984748363,0.36566152647842715,0.18627450980392157,0.7627450980392156,3.3777276362334923,0.9398062958950453,0.2;0.3;0.4,,True,Pressure threshold bracketed by nearest unstable and stable aggregate points.
6.0,opening_biased,Opening-biased,-1.0,threshold_found,3.75,4.0,0.25,3.875,0.6401782396578388,0.6119734025487714,0.44017823965783887,0.4139341868624969,0.0,0.00980392156862745,1.0252004852351384,1.0229634336656996,0.2;0.3;0.4;0.5;0.7;1;1.2;1.4;1.6;2;2.5;3;3.25;3.5;3.75;4,,,Pressure threshold bracketed by nearest unstable and stable aggregate points.
6.0,neutral,Neutral,0.0,threshold_found,2.0,2.25,0.25,2.125,0.6758182225102664,0.5757831051141069,0.4766025362357566,0.42127330119253825,0.00392156862745098,0.22745098039215686,1.4702017400638956,1.4053710561583568,0.2;0.3;0.4;0.5;0.7;1;1.2;1.4;1.6;2;2.25;2.5,,,Pressure threshold bracketed by nearest unstable and stable aggregate points.
6.0,filling_biased,Filling-biased,1.0,threshold_found,0.3,0.4,0.10000000000000003,0.35,1.033621887239095,0.603601794483589,0.8336218872390949,0.4886998336992752,0.0,0.42549019607843136,1.6047144733680352,5.202442371530155,0.2;0.3;0.4,,,Pressure threshold bracketed by nearest unstable and stable aggregate points.
