pressure_MPa,current_mA_cm2,CCD_only_separation,full_non_tapered_separation,full_tapered_separation,non_tapered_additive_amplification,tapered_additive_amplification,regime_creation_non_tapered,regime_creation_tapered,notes
0.2,1.0,0.121028739681,0.225068257927,0.225068257927,0.104039518246,0.104039518246,yes,yes,Same 30-cell pressure-current grid as the baseline amplification analysis; taper(P)=1.000000; CCD-only uses Hill boundary and current focusing with stress field off.
0.2,2.0,0.203047520633,0.296861203045,0.296861203045,0.093813682413,0.093813682413,no,no,Same 30-cell pressure-current grid as the baseline amplification analysis; taper(P)=1.000000; CCD-only uses Hill boundary and current focusing with stress field off.
0.2,3.0,0.248245667508,0.325567060286,0.325567060286,0.077321392778,0.077321392778,no,no,Same 30-cell pressure-current grid as the baseline amplification analysis; taper(P)=1.000000; CCD-only uses Hill boundary and current focusing with stress field off.
0.2,4.0,0.207464810350,0.276856490260,0.276856490260,0.069391679909,0.069391679909,no,no,Same 30-cell pressure-current grid as the baseline amplification analysis; taper(P)=1.000000; CCD-only uses Hill boundary and current focusing with stress field off.
0.2,5.5,0.150976055521,0.200497043450,0.200497043450,0.049520987929,0.049520987929,no,no,Same 30-cell pressure-current grid as the baseline amplification analysis; taper(P)=1.000000; CCD-only uses Hill boundary and current focusing with stress field off.
0.2,7.0,0.086299738159,0.121341077801,0.121341077801,0.035041339642,0.035041339642,no,no,Same 30-cell pressure-current grid as the baseline amplification analysis; taper(P)=1.000000; CCD-only uses Hill boundary and current focusing with stress field off.
0.5,1.0,0.129206955353,0.236791235658,0.229822283856,0.107584280305,0.100615328503,no,no,Same 30-cell pressure-current grid as the baseline amplification analysis; taper(P)=0.937500; CCD-only uses Hill boundary and current focusing with stress field off.
0.5,2.0,0.275711160417,0.372600514811,0.366360271356,0.096889354394,0.090649110938,no,no,Same 30-cell pressure-current grid as the baseline amplification analysis; taper(P)=0.937500; CCD-only uses Hill boundary and current focusing with stress field off.
0.5,3.0,0.373103572352,0.463760178985,0.457932426668,0.090656606633,0.084828854316,yes,yes,Same 30-cell pressure-current grid as the baseline amplification analysis; taper(P)=0.937500; CCD-only uses Hill boundary and current focusing with stress field off.
0.5,4.0,0.453483971126,0.531219422884,0.525955442236,0.077735451757,0.072471471110,yes,yes,Same 30-cell pressure-current grid as the baseline amplification analysis; taper(P)=0.937500; CCD-only uses Hill boundary and current focusing with stress field off.
0.5,5.5,0.488129345980,0.559257790376,0.553781463555,0.071128444396,0.065652117575,yes,yes,Same 30-cell pressure-current grid as the baseline amplification analysis; taper(P)=0.937500; CCD-only uses Hill boundary and current focusing with stress field off.
0.5,7.0,0.469665097843,0.535704937490,0.530219477714,0.066039839647,0.060554379871,no,no,Same 30-cell pressure-current grid as the baseline amplification analysis; taper(P)=0.937500; CCD-only uses Hill boundary and current focusing with stress field off.
1.0,1.0,0.027627672075,0.142769609941,0.123111668036,0.115141937866,0.095483995961,yes,yes,Same 30-cell pressure-current grid as the baseline amplification analysis; taper(P)=0.833333; CCD-only uses Hill boundary and current focusing with stress field off.
1.0,2.0,0.125318744847,0.230270987195,0.212335402841,0.104952242348,0.087016657994,no,no,Same 30-cell pressure-current grid as the baseline amplification analysis; taper(P)=0.833333; CCD-only uses Hill boundary and current focusing with stress field off.
1.0,3.0,0.192008669895,0.294145004913,0.276738519149,0.102136335018,0.084729849254,no,no,Same 30-cell pressure-current grid as the baseline amplification analysis; taper(P)=0.833333; CCD-only uses Hill boundary and current focusing with stress field off.
1.0,4.0,0.267948991957,0.369536630087,0.352603290012,0.101587638129,0.084654298055,no,no,Same 30-cell pressure-current grid as the baseline amplification analysis; taper(P)=0.833333; CCD-only uses Hill boundary and current focusing with stress field off.
1.0,5.5,0.351111665433,0.444585765905,0.428893684378,0.093474100472,0.077782018945,yes,yes,Same 30-cell pressure-current grid as the baseline amplification analysis; taper(P)=0.833333; CCD-only uses Hill boundary and current focusing with stress field off.
1.0,7.0,0.396046763254,0.486075487431,0.470023904910,0.090028724176,0.073977141656,yes,yes,Same 30-cell pressure-current grid as the baseline amplification analysis; taper(P)=0.833333; CCD-only uses Hill boundary and current focusing with stress field off.
2.0,1.0,0.009209107699,0.165368815578,0.079397992718,0.156159707880,0.070188885020,no,no,Same 30-cell pressure-current grid as the baseline amplification analysis; taper(P)=0.625000; CCD-only uses Hill boundary and current focusing with stress field off.
2.0,2.0,0.010219847020,0.150782491470,0.081307753738,0.140562644451,0.071087906718,yes,no,Same 30-cell pressure-current grid as the baseline amplification analysis; taper(P)=0.625000; CCD-only uses Hill boundary and current focusing with stress field off.
2.0,3.0,0.028073145929,0.167552417947,0.098602845361,0.139479272018,0.070529699432,yes,no,Same 30-cell pressure-current grid as the baseline amplification analysis; taper(P)=0.625000; CCD-only uses Hill boundary and current focusing with stress field off.
2.0,4.0,0.046348281203,0.159348241201,0.115983261359,0.112999959998,0.069634980156,no,no,Same 30-cell pressure-current grid as the baseline amplification analysis; taper(P)=0.625000; CCD-only uses Hill boundary and current focusing with stress field off.
2.0,5.5,0.093181066107,0.202925790257,0.160879748279,0.109744724150,0.067698682172,no,no,Same 30-cell pressure-current grid as the baseline amplification analysis; taper(P)=0.625000; CCD-only uses Hill boundary and current focusing with stress field off.
2.0,7.0,0.108168501749,0.221026357525,0.177700636708,0.112857855776,0.069532134959,yes,yes,Same 30-cell pressure-current grid as the baseline amplification analysis; taper(P)=0.625000; CCD-only uses Hill boundary and current focusing with stress field off.
5.0,1.0,0.025526833738,0.303841925243,0.010937179907,0.278315091505,-0.014589653831,no,no,Same 30-cell pressure-current grid as the baseline amplification analysis; taper(P)=0.000000; CCD-only uses Hill boundary and current focusing with stress field off.
5.0,2.0,-0.029269750342,0.295525050399,0.002175958541,0.324794800742,0.031445708884,no,no,Same 30-cell pressure-current grid as the baseline amplification analysis; taper(P)=0.000000; CCD-only uses Hill boundary and current focusing with stress field off.
5.0,3.0,-0.009607107956,0.298740671456,-0.007229075172,0.308347779413,0.002378032784,no,no,Same 30-cell pressure-current grid as the baseline amplification analysis; taper(P)=0.000000; CCD-only uses Hill boundary and current focusing with stress field off.
5.0,4.0,-0.008993701093,0.294162330641,-0.020936742413,0.303156031733,-0.011943041320,no,no,Same 30-cell pressure-current grid as the baseline amplification analysis; taper(P)=0.000000; CCD-only uses Hill boundary and current focusing with stress field off.
5.0,5.5,-0.004573991024,0.278036468487,-0.002935648633,0.282610459511,0.001638342391,no,no,Same 30-cell pressure-current grid as the baseline amplification analysis; taper(P)=0.000000; CCD-only uses Hill boundary and current focusing with stress field off.
5.0,7.0,0.001749238006,0.243419936666,-0.021223531055,0.241670698660,-0.022972769062,no,no,Same 30-cell pressure-current grid as the baseline amplification analysis; taper(P)=0.000000; CCD-only uses Hill boundary and current focusing with stress field off.
