pressure_MPa,current_mA_cm2,cathode_response_case,non_tapered_classification,tapered_classification,changed_yes_no,notes
0.2,1.0,opening,unstable,unstable,no,non_tapered_risk=0.806427; tapered_risk=0.806427; taper(P)=1.000000
0.2,1.0,neutral,unstable,unstable,no,non_tapered_risk=0.677430; tapered_risk=0.677430; taper(P)=1.000000
0.2,1.0,filling,stable,stable,no,non_tapered_risk=0.581359; tapered_risk=0.581359; taper(P)=1.000000
0.2,2.0,opening,unstable,unstable,no,non_tapered_risk=0.983637; tapered_risk=0.983637; taper(P)=1.000000
0.2,2.0,neutral,unstable,unstable,no,non_tapered_risk=0.817149; tapered_risk=0.817149; taper(P)=1.000000
0.2,2.0,filling,unstable,unstable,no,non_tapered_risk=0.686776; tapered_risk=0.686776; taper(P)=1.000000
0.2,3.0,opening,unstable,unstable,no,non_tapered_risk=1.098841; tapered_risk=1.098841; taper(P)=1.000000
0.2,3.0,neutral,unstable,unstable,no,non_tapered_risk=0.925191; tapered_risk=0.925191; taper(P)=1.000000
0.2,3.0,filling,unstable,unstable,no,non_tapered_risk=0.773274; tapered_risk=0.773274; taper(P)=1.000000
0.2,4.0,opening,unstable,unstable,no,non_tapered_risk=1.147085; tapered_risk=1.147085; taper(P)=1.000000
0.2,4.0,neutral,unstable,unstable,no,non_tapered_risk=1.045082; tapered_risk=1.045082; taper(P)=1.000000
0.2,4.0,filling,unstable,unstable,no,non_tapered_risk=0.870228; tapered_risk=0.870228; taper(P)=1.000000
0.2,5.5,opening,unstable,unstable,no,non_tapered_risk=1.182050; tapered_risk=1.182050; taper(P)=1.000000
0.2,5.5,neutral,unstable,unstable,no,non_tapered_risk=1.123242; tapered_risk=1.123242; taper(P)=1.000000
0.2,5.5,filling,unstable,unstable,no,non_tapered_risk=0.981553; tapered_risk=0.981553; taper(P)=1.000000
0.2,7.0,opening,unstable,unstable,no,non_tapered_risk=1.192980; tapered_risk=1.192980; taper(P)=1.000000
0.2,7.0,neutral,unstable,unstable,no,non_tapered_risk=1.161072; tapered_risk=1.161072; taper(P)=1.000000
0.2,7.0,filling,unstable,unstable,no,non_tapered_risk=1.071639; tapered_risk=1.071639; taper(P)=1.000000
0.5,1.0,opening,unstable,unstable,no,non_tapered_risk=0.766887; tapered_risk=0.764044; taper(P)=0.937500
0.5,1.0,neutral,stable,stable,no,non_tapered_risk=0.601333; tapered_risk=0.601333; taper(P)=0.937500
0.5,1.0,filling,stable,stable,no,non_tapered_risk=0.530096; tapered_risk=0.534221; taper(P)=0.937500
0.5,2.0,opening,unstable,unstable,no,non_tapered_risk=0.915405; tapered_risk=0.913400; taper(P)=0.937500
0.5,2.0,neutral,unstable,unstable,no,non_tapered_risk=0.629225; tapered_risk=0.629225; taper(P)=0.937500
0.5,2.0,filling,stable,stable,no,non_tapered_risk=0.542805; tapered_risk=0.547039; taper(P)=0.937500
0.5,3.0,opening,unstable,unstable,no,non_tapered_risk=1.029476; tapered_risk=1.028157; taper(P)=0.937500
0.5,3.0,neutral,unstable,unstable,no,non_tapered_risk=0.673649; tapered_risk=0.673649; taper(P)=0.937500
0.5,3.0,filling,stable,stable,no,non_tapered_risk=0.565716; tapered_risk=0.570224; taper(P)=0.937500
0.5,4.0,opening,unstable,unstable,no,non_tapered_risk=1.106347; tapered_risk=1.105630; taper(P)=0.937500
0.5,4.0,neutral,unstable,unstable,no,non_tapered_risk=0.712297; tapered_risk=0.712297; taper(P)=0.937500
0.5,4.0,filling,stable,stable,no,non_tapered_risk=0.575127; tapered_risk=0.579675; taper(P)=0.937500
0.5,5.5,opening,unstable,unstable,no,non_tapered_risk=1.163925; tapered_risk=1.163731; taper(P)=0.937500
0.5,5.5,neutral,unstable,unstable,no,non_tapered_risk=0.774241; tapered_risk=0.774241; taper(P)=0.937500
0.5,5.5,filling,stable,stable,no,non_tapered_risk=0.604668; tapered_risk=0.609949; taper(P)=0.937500
0.5,7.0,opening,unstable,unstable,no,non_tapered_risk=1.183352; tapered_risk=1.183272; taper(P)=0.937500
0.5,7.0,neutral,unstable,unstable,no,non_tapered_risk=0.834863; tapered_risk=0.834863; taper(P)=0.937500
0.5,7.0,filling,unstable,unstable,no,non_tapered_risk=0.647647; tapered_risk=0.653052; taper(P)=0.937500
1.0,1.0,opening,unstable,unstable,no,non_tapered_risk=0.665358; tapered_risk=0.656555; taper(P)=0.833333
1.0,1.0,neutral,stable,stable,no,non_tapered_risk=0.583173; tapered_risk=0.583173; taper(P)=0.833333
1.0,1.0,filling,stable,stable,no,non_tapered_risk=0.522589; tapered_risk=0.533443; taper(P)=0.833333
1.0,2.0,opening,unstable,unstable,no,non_tapered_risk=0.756914; tapered_risk=0.749673; taper(P)=0.833333
1.0,2.0,neutral,stable,stable,no,non_tapered_risk=0.601021; tapered_risk=0.601021; taper(P)=0.833333
1.0,2.0,filling,stable,stable,no,non_tapered_risk=0.526643; tapered_risk=0.537338; taper(P)=0.833333
1.0,3.0,opening,unstable,unstable,no,non_tapered_risk=0.834473; tapered_risk=0.828086; taper(P)=0.833333
1.0,3.0,neutral,stable,stable,no,non_tapered_risk=0.619345; tapered_risk=0.619345; taper(P)=0.833333
1.0,3.0,filling,stable,stable,no,non_tapered_risk=0.540328; tapered_risk=0.551348; taper(P)=0.833333
1.0,4.0,opening,unstable,unstable,no,non_tapered_risk=0.911446; tapered_risk=0.906082; taper(P)=0.833333
1.0,4.0,neutral,unstable,unstable,no,non_tapered_risk=0.661519; tapered_risk=0.661519; taper(P)=0.833333
1.0,4.0,filling,stable,stable,no,non_tapered_risk=0.541909; tapered_risk=0.553479; taper(P)=0.833333
1.0,5.5,opening,unstable,unstable,no,non_tapered_risk=1.001817; tapered_risk=0.997813; taper(P)=0.833333
1.0,5.5,neutral,unstable,unstable,no,non_tapered_risk=0.721287; tapered_risk=0.721287; taper(P)=0.833333
1.0,5.5,filling,stable,stable,no,non_tapered_risk=0.557232; tapered_risk=0.568919; taper(P)=0.833333
1.0,7.0,opening,unstable,unstable,no,non_tapered_risk=1.078911; tapered_risk=1.076398; taper(P)=0.833333
1.0,7.0,neutral,unstable,unstable,no,non_tapered_risk=0.758451; tapered_risk=0.758451; taper(P)=0.833333
1.0,7.0,filling,stable,stable,no,non_tapered_risk=0.592836; tapered_risk=0.606374; taper(P)=0.833333
2.0,1.0,opening,stable,stable,no,non_tapered_risk=0.609354; tapered_risk=0.586961; taper(P)=0.625000
2.0,1.0,neutral,stable,stable,no,non_tapered_risk=0.549541; tapered_risk=0.549541; taper(P)=0.625000
2.0,1.0,filling,stable,stable,no,non_tapered_risk=0.443985; tapered_risk=0.507563; taper(P)=0.625000
2.0,2.0,opening,unstable,stable,yes,non_tapered_risk=0.621405; tapered_risk=0.600639; taper(P)=0.625000
2.0,2.0,neutral,stable,stable,no,non_tapered_risk=0.563803; tapered_risk=0.563803; taper(P)=0.625000
2.0,2.0,filling,stable,stable,no,non_tapered_risk=0.470622; tapered_risk=0.519331; taper(P)=0.625000
2.0,3.0,opening,unstable,stable,yes,non_tapered_risk=0.638855; tapered_risk=0.618785; taper(P)=0.625000
2.0,3.0,neutral,stable,stable,no,non_tapered_risk=0.582718; tapered_risk=0.582718; taper(P)=0.625000
2.0,3.0,filling,stable,stable,no,non_tapered_risk=0.471302; tapered_risk=0.520182; taper(P)=0.625000
2.0,4.0,opening,unstable,unstable,no,non_tapered_risk=0.678211; tapered_risk=0.658404; taper(P)=0.625000
2.0,4.0,neutral,stable,stable,no,non_tapered_risk=0.593997; tapered_risk=0.593997; taper(P)=0.625000
2.0,4.0,filling,stable,stable,no,non_tapered_risk=0.518863; tapered_risk=0.542421; taper(P)=0.625000
2.0,5.5,opening,unstable,unstable,no,non_tapered_risk=0.732216; tapered_risk=0.713906; taper(P)=0.625000
2.0,5.5,neutral,unstable,unstable,no,non_tapered_risk=0.632603; tapered_risk=0.632603; taper(P)=0.625000
2.0,5.5,filling,stable,stable,no,non_tapered_risk=0.529290; tapered_risk=0.553026; taper(P)=0.625000
2.0,7.0,opening,unstable,unstable,no,non_tapered_risk=0.786780; tapered_risk=0.770975; taper(P)=0.625000
2.0,7.0,neutral,unstable,unstable,no,non_tapered_risk=0.664882; tapered_risk=0.664882; taper(P)=0.625000
2.0,7.0,filling,stable,stable,no,non_tapered_risk=0.565753; tapered_risk=0.593274; taper(P)=0.625000
5.0,1.0,opening,stable,stable,no,non_tapered_risk=0.513143; tapered_risk=0.338168; taper(P)=0.000000
5.0,1.0,neutral,stable,stable,no,non_tapered_risk=0.344561; tapered_risk=0.344561; taper(P)=0.000000
5.0,1.0,filling,stable,stable,no,non_tapered_risk=0.209301; tapered_risk=0.327231; taper(P)=0.000000
5.0,2.0,opening,stable,stable,no,non_tapered_risk=0.509714; tapered_risk=0.356641; taper(P)=0.000000
5.0,2.0,neutral,stable,stable,no,non_tapered_risk=0.381014; tapered_risk=0.381014; taper(P)=0.000000
5.0,2.0,filling,stable,stable,no,non_tapered_risk=0.214189; tapered_risk=0.354465; taper(P)=0.000000
5.0,3.0,opening,stable,stable,no,non_tapered_risk=0.531828; tapered_risk=0.405570; taper(P)=0.000000
5.0,3.0,neutral,stable,stable,no,non_tapered_risk=0.388199; tapered_risk=0.388199; taper(P)=0.000000
5.0,3.0,filling,stable,stable,no,non_tapered_risk=0.233087; tapered_risk=0.412799; taper(P)=0.000000
5.0,4.0,opening,stable,stable,no,non_tapered_risk=0.528773; tapered_risk=0.408752; taper(P)=0.000000
5.0,4.0,neutral,stable,stable,no,non_tapered_risk=0.404523; tapered_risk=0.404523; taper(P)=0.000000
5.0,4.0,filling,stable,stable,no,non_tapered_risk=0.234611; tapered_risk=0.429689; taper(P)=0.000000
5.0,5.5,opening,stable,stable,no,non_tapered_risk=0.542551; tapered_risk=0.458411; taper(P)=0.000000
5.0,5.5,neutral,stable,stable,no,non_tapered_risk=0.456282; tapered_risk=0.456282; taper(P)=0.000000
5.0,5.5,filling,stable,stable,no,non_tapered_risk=0.264515; tapered_risk=0.461347; taper(P)=0.000000
5.0,7.0,opening,stable,stable,no,non_tapered_risk=0.572805; tapered_risk=0.496100; taper(P)=0.000000
5.0,7.0,neutral,stable,stable,no,non_tapered_risk=0.513373; tapered_risk=0.513373; taper(P)=0.000000
5.0,7.0,filling,stable,stable,no,non_tapered_risk=0.329385; tapered_risk=0.517324; taper(P)=0.000000
