current_mA_cm2,case/opening_neutral_filling,non_tapered_threshold_MPa_or_bracket,tapered_threshold_MPa_or_bracket,shift_MPa,classification_order_preserved_yes_no,notes
2.0,opening,3-3.25,2-2.25,-1.000000,yes_censored,Non-taper status=threshold_found; tapered status=threshold_found. Positive shift means taper requires higher pressure.
2.0,neutral,0.7-0.85,0.7-0.85,0.000000,yes_censored,Non-taper status=threshold_found; tapered status=threshold_found. Positive shift means taper requires higher pressure.
2.0,filling,<=0.2 (stable_at_lowest_tested),<=0.2 (stable_at_lowest_tested),,yes_censored,Non-taper status=stable_at_lowest_tested; tapered status=stable_at_lowest_tested. Positive shift means taper requires higher pressure.
4.0,opening,3.5-3.75,2.5-2.75,-1.000000,yes,Non-taper status=threshold_found; tapered status=threshold_found. Positive shift means taper requires higher pressure.
4.0,neutral,1.4-1.6,1.4-1.6,0.000000,yes,Non-taper status=threshold_found; tapered status=threshold_found. Positive shift means taper requires higher pressure.
4.0,filling,0.3-0.4,0.3-0.4,0.000000,yes,Non-taper status=threshold_found; tapered status=threshold_found. Positive shift means taper requires higher pressure.
6.0,opening,3.75-4,2.75-3,-1.000000,yes,Non-taper status=threshold_found; tapered status=threshold_found. Positive shift means taper requires higher pressure.
6.0,neutral,2-2.25,2-2.25,0.000000,yes,Non-taper status=threshold_found; tapered status=threshold_found. Positive shift means taper requires higher pressure.
6.0,filling,0.3-0.4,0.4-0.5,0.100000,yes,Non-taper status=threshold_found; tapered status=threshold_found. Positive shift means taper requires higher pressure.
