cathode,pressure_mpa,ccd_observed_ma_cm2,ccd_fit_ma_cm2,abs_error_ma_cm2
P-LCO,0.2,0.6,0.7083564009103384,0.10835640091033838
P-LCO,0.5,1.0,0.8457162284418254,0.15428377155817463
P-LCO,1.0,1.5,1.5564963731073176,0.05649637310731759
P-LCO,2.0,4.0,3.9868030375009607,0.013196962499039344
P-LCO,5.0,7.0,7.0026279604156905,0.002627960415690467
N-LCO,0.2,1.5,1.4999999616014417,3.8398558332986e-08
N-LCO,0.5,6.0,6.000001166963884,1.166963883747485e-06
N-LCO,1.0,7.0,6.999201425704289,0.0007985742957110631
N-LCO,2.0,7.0,7.000398135424703,0.0003981354247031277
N-LCO,5.0,7.0,7.0003993094134636,0.00039930941346355553
