metric_name,formula_or_code_definition,units,script_or_function,used_for,notes
contact/order field phi,"phi is initialized by initial_contact_field and updated as phi <- clip(phi + dt*(curvature + phase_relax + reaction), 0, 1); phi=0 is void/contact loss and phi=1 is retained contact.",dimensionless,reduced-model simulation routine,all field metrics and visual snapshots,"Implementation field, not directly measured morphology."
void_fraction,"1 - mean(phi[:max(5, phi.shape[0]//7)])",fraction,field_metrics,risk metric; stable/unstable rule; stress-triad and threshold tables,"Uses the near-interface portion of the field, not the whole domain."
contact_fraction,mean(phi[0] > 0.55),fraction of surface columns,field_metrics,risk metric; contact retention reports,Surface contact threshold fixed at phi > 0.55.
local current density profile j_loc(x),reduced-model simulation routine: J*(1/contact)/mean(1/contact); variant-model simulation routine: J*(1/contact)^focus_gain/mean((1/contact)^focus_gain),mA cm^-2,reduced-model simulation routine; variant-model simulation routine; reduced-model simulation routine,local overdrive and hotspot factor,"contact = clip(phi[0], 0.025, 1.0)."
hotspot_factor,"percentile(current_profile, 90) / max(current_ma_cm2, 0.1)",dimensionless,field_metrics,threshold and consistency reports,Measures p90 local current enhancement relative to applied current.
mean_current_ratio,"current_ma_cm2 / max(jcrit_ma_cm2, 0.1)",dimensionless,field_metrics,trace reports and CCD margin diagnostics,Global applied-current overdrive ratio.
p90_local_current_ratio,"percentile(current_profile / max(jcrit_ma_cm2,0.1), 90)",dimensionless,field_metrics,local current-focusing diagnostics,"Local ratio to the same jcrit(P,s) boundary."
local_overdrive,"clip(current_profile / max(jcrit,0.1) - 1.0, 0.0, None)",dimensionless,reduced-model simulation routine; variant-model simulation routine; reduced-model simulation routine,stress weakening and opening drive,Only positive overdrive contributes.
global_overdrive,"max(0.0, current_ma_cm2 / max(jcrit,0.1) - 1.0)",dimensionless,reduced-model simulation routine; variant-model simulation routine; reduced-model simulation routine,global opening-drive contribution,Scalar overdrive term in opening_drive.
risk_metric / field_risk,void_fraction + 0.20*(1 - contact_fraction),dimensionless reduced risk,multi-current threshold risk metric; Z-LCO intermediate-coordinate risk metric; ablation risk-metric calculation,stable/unstable classification and leverage-map thresholds,Same formula in current threshold and Z-LCO packages.
stable_or_unstable,stable if risk_metric <= 0.62 and void_fraction <= 0.52; otherwise unstable,class label,multi-current threshold-bracketing analysis; Z-LCO intermediate-coordinate consistency analysis; refined leverage-map analysis,"leverage maps, threshold brackets, Z-LCO map agreement",This is the current stable-field rule for manuscript leverage-map outputs.
replicate aggregate classification,stable if stable_fraction >= 2/3; unstable if stable_fraction <= 1/3; mixed otherwise,class label,multi-current threshold classification rule; Z-LCO intermediate-coordinate replicate classification,high-resolution threshold brackets and Z-LCO replicate summaries,Three roughness replicates are used in current high-resolution threshold packages.
"jcrit(P,s)","Interpolated Hill boundary: (1-w)*jcrit_P(P) + w*jcrit_N(P), w=clip((s+1)/2,0,1)",mA cm^-2,critical-current-boundary fitting script; boundary_from_fits,all current-overdrive and CCD boundary calculations,P-LCO maps to s=-1; N-LCO maps to s=+1.
