parameter name,symbol if available,default value,units or dimensionless,role in model,source/provenance category,scripts/files where used,"whether affects main figures, supplement only, or both"
P-LCO jmax_ma_cm2,"j_max,P",7.598359329203797,mA cm^-2,Hill fit parameter for source-calibrated critical-current boundary.,fitted from CCD,critical-current-boundary fitting routine; processed_source_tables/cathode-void-healing-q1-gate/boundary-fit.csv,both
P-LCO transition_pressure_mpa,"P_t,P",2.0705163403361353,MPa,Hill fit parameter for source-calibrated critical-current boundary.,fitted from CCD,critical-current-boundary fitting routine; processed_source_tables/cathode-void-healing-q1-gate/boundary-fit.csv,both
P-LCO exponent,"n,P",2.6764947347126715,dimensionless,Hill fit parameter for source-calibrated critical-current boundary.,fitted from CCD,critical-current-boundary fitting routine; processed_source_tables/cathode-void-healing-q1-gate/boundary-fit.csv,both
P-LCO floor_ma_cm2,"j_floor,P",0.6951298382158585,mA cm^-2,Hill fit parameter for source-calibrated critical-current boundary.,fitted from CCD,critical-current-boundary fitting routine; processed_source_tables/cathode-void-healing-q1-gate/boundary-fit.csv,both
N-LCO jmax_ma_cm2,"j_max,N",7.000399309537142,mA cm^-2,Hill fit parameter for source-calibrated critical-current boundary.,fitted from CCD,critical-current-boundary fitting routine; processed_source_tables/cathode-void-healing-q1-gate/boundary-fit.csv,both
N-LCO transition_pressure_mpa,"P_t,N",0.4301384730907119,MPa,Hill fit parameter for source-calibrated critical-current boundary.,fitted from CCD,critical-current-boundary fitting routine; processed_source_tables/cathode-void-healing-q1-gate/boundary-fit.csv,both
N-LCO exponent,"n,N",9.995015485866691,dimensionless,Hill fit parameter for source-calibrated critical-current boundary.,fitted from CCD,critical-current-boundary fitting routine; processed_source_tables/cathode-void-healing-q1-gate/boundary-fit.csv,both
N-LCO floor_ma_cm2,"j_floor,N",1.4973921931398446,mA cm^-2,Hill fit parameter for source-calibrated critical-current boundary.,fitted from CCD,critical-current-boundary fitting routine; processed_source_tables/cathode-void-healing-q1-gate/boundary-fit.csv,both
stress-index end-member mapping,s,P-LCO=-1; Z-LCO assigned neutral=0; N-LCO=+1,dimensionless,Cathode-response coordinate for CCD interpolation and stress-bias source.,derived from source workbook,boundary_from_fits; Z-LCO intermediate-coordinate consistency analysis,both
pressure-derived Z-LCO stress index,"s_Z,pressure","0.12173534793 from P=17.2919 kPa, Z=-2.53229 kPa, N=-18.0537 kPa",dimensionless,Intermediate-check Z-LCO stress-index estimate from source-workbook pressure waveform.,derived from source workbook,pressure_waveform_consistency_expanded.csv; pressure-derived-stress-index.csv; Z-LCO intermediate-coordinate consistency analysis,supplement
cathode stress source,0.74*s,0.74 base; multiplier 1.0,dimensionless,Cathode end-member stress source term.,assigned modeling parameter,reduced-model simulation routine; variant-model simulation routine; reduced-model simulation routine,both
pressure stress source,0.11*P,0.11 base; multiplier 1.0,MPa^-1 reduced,Stack-pressure contribution to stress support.,assigned modeling parameter,reduced-model simulation routine; variant-model simulation routine; reduced-model simulation routine,both
void stress weakening,-0.24*(1-phi),-0.24 base; multiplier 1.0,dimensionless,Existing voids reduce stress support.,assigned modeling parameter,reduced-model simulation routine; variant-model simulation routine; reduced-model simulation routine,both
stress current-overdrive weakening,-0.10*O_loc,-0.10 base; multiplier 1.0,dimensionless,Local overdrive weakens interface stress support.,assigned modeling parameter,reduced-model simulation routine; variant-model simulation routine; reduced-model simulation routine,both
stress relaxation,0.22*(source-psi),0.22 base; multiplier 1.0,reduced time^-1,Finite relaxation of stress-bias field.,numerical setting,reduced-model simulation routine; variant-model simulation routine; reduced-model simulation routine,both
stress diffusion/smoothing,0.18*Laplacian(psi),0.18 base; multiplier 1.0,dimensionless,Smooths stress-bias field.,numerical setting,reduced-model simulation routine; variant-model simulation routine; reduced-model simulation routine,both
stress-field clip,"clip(psi,-1.55,1.55)",-1.55 to +1.55,dimensionless,Bounds auxiliary stress-bias field.,numerical setting,reduced-model simulation routine; variant-model simulation routine; reduced-model simulation routine,both
pressure closure gain,0.10*P*bulk_weight,0.10 base; multiplier 1.0,MPa^-1 reduced,Pressure-assisted contact retention/closure.,assigned modeling parameter,reduced-model simulation routine; variant-model simulation routine; reduced-model simulation routine,both
favorable-stress closure gain,"0.82*max(psi,0)",0.82 base; multiplier 1.0,dimensionless,Positive stress bias closes voids.,assigned modeling parameter,reduced-model simulation routine; variant-model simulation routine; reduced-model simulation routine,both
subcritical closure gain,"0.24*max(1-J/jcrit,0)",0.24 base; multiplier 1.0,dimensionless,Subcritical applied current favors retention.,assigned modeling parameter,reduced-model simulation routine; variant-model simulation routine; reduced-model simulation routine,both
unfavorable-stress opening gain,"0.78*max(-psi,0)",0.78 base; multiplier 1.0,dimensionless,Negative stress bias promotes opening.,assigned modeling parameter,reduced-model simulation routine; variant-model simulation routine; reduced-model simulation routine,both
local-overdrive opening gain,0.74*O_loc,0.74 base; multiplier 1.0,dimensionless,Local current overdrive promotes opening.,assigned modeling parameter,reduced-model simulation routine; variant-model simulation routine; reduced-model simulation routine,both
void-amplification gain,1+0.85*(1-phi),0.85 base; multiplier 1.0,dimensionless,Existing voids amplify local-overdrive opening.,assigned modeling parameter,reduced-model simulation routine; variant-model simulation routine; reduced-model simulation routine,both
global-overdrive opening gain,"0.16*max(J/jcrit-1,0)",0.16 base; multiplier 1.0,dimensionless,Scalar overcritical current contribution to opening.,assigned modeling parameter,reduced-model simulation routine; variant-model simulation routine; reduced-model simulation routine,both
curvature smoothing coefficient,0.070*Laplacian(phi),0.070 base; multiplier 1.0,dimensionless,Interface smoothing/regularization.,numerical setting,reduced-model simulation routine; variant-model simulation routine; reduced-model simulation routine,both
phase relaxation coefficient,0.014*phi*(1-phi)*(phi-0.5),0.014 base; multiplier 1.0,dimensionless,Two-state phase-field-like relaxation.,numerical setting,reduced-model simulation routine; variant-model simulation routine; reduced-model simulation routine,both
phi bounds,"clip(phi,0,1)",0 to 1,dimensionless,Enforces contact-field bounds.,numerical setting,reduced-model simulation routine; variant-model simulation routine; reduced-model simulation routine,both
bottom boundary contact floor,"phi[-1,:]=max(phi[-1,:],0.985)",0.985,dimensionless,Keeps far-field/bottom domain contacted.,numerical setting,reduced-model simulation routine; variant-model simulation routine; reduced-model simulation routine,both
surface contact floor for current focusing,"clip(phi[0],0.025,1)",0.025,dimensionless,Avoids singular local current focusing.,numerical setting,field_metrics; reduced-model simulation routine; variant-model simulation routine,both
contact threshold,phi[0] > 0.55,0.55,dimensionless,Defines surface contact fraction.,assigned modeling parameter,field_metrics,both
risk contact-loss weight,0.20*(1-contact_fraction),0.20,dimensionless,Contact-loss contribution to reduced risk metric.,assigned modeling parameter,final_risk; risk_metric,both
stable risk limit,risk_metric <= 0.62,0.62,dimensionless,Reduced-model stability classification threshold.,assigned modeling parameter,multi-current threshold-bracketing analysis; Z-LCO intermediate-coordinate consistency analysis; refined leverage-map analysis,both
stable void limit,void_fraction <= 0.52,0.52,fraction,Second reduced-model stability classification condition.,assigned modeling parameter,multi-current threshold-bracketing analysis; Z-LCO intermediate-coordinate consistency analysis; refined leverage-map analysis,both
high-resolution grid,"nx,ny",170 x 68,grid cells,High-resolution stress-triad/Z-LCO/threshold grid.,numerical setting,reduced-model simulation routine; Z-LCO intermediate-coordinate consistency analysis; multi-current threshold-bracketing analysis,both
high-resolution time steps,"steps,dt","420, dt=0.052",reduced time,High-resolution explicit update settings.,numerical setting,reduced-model simulation routine; Z-LCO intermediate-coordinate consistency analysis; multi-current threshold-bracketing analysis,both
leverage-map grid,"nx,ny",62 x 25,grid cells,Swept leverage-map grid.,numerical setting,variant-model simulation routine; refined leverage-map analysis; Z-LCO intermediate-coordinate consistency analysis,both
leverage-map time steps,"steps,dt","125, dt=0.056",reduced time,Swept leverage-map explicit update settings.,numerical setting,variant-model simulation routine; refined leverage-map analysis,both
high-resolution roughness seeds,seed,910;917;929,integer,Replicate roughness seeds for Z-LCO high-resolution comparison.,numerical setting,Z-LCO intermediate-coordinate consistency analysis; Z-LCO robustness/consistency check,supplement
multicurrent threshold roughness seeds,seed,opening 910/917/929; neutral 923/930/942; filling 936/943/955,integer,Replicate roughness seeds for threshold bracketing.,numerical setting,multi-current threshold-bracketing analysis,supplement
mesh convergence settings,"nx,ny",120x48; 160x64; 200x80,grid cells,Mesh sensitivity check.,numerical setting,reduced-model simulation routine; mesh/time convergence check,supplement
time convergence settings,"steps,dt","300,0.064; 420,0.052; 560,0.042",reduced time,Time-step sensitivity check.,numerical setting,reduced-model simulation routine; mesh/time convergence check,supplement
robustness multiplier: cathode_stress_source_gain,cathode_stress_source_gain,1.0,dimensionless multiplier,Multiplier exposed by the parametric robustness model; default corresponds to the baseline reduced-model configuration.,swept/robustness parameter,coefficient-robustness analysis script; reduced-model simulation routine,both
robustness multiplier: pressure_stress_source_gain,pressure_stress_source_gain,1.0,dimensionless multiplier,Multiplier exposed by the parametric robustness model; default corresponds to the baseline reduced-model configuration.,swept/robustness parameter,coefficient-robustness analysis script; reduced-model simulation routine,supplement
robustness multiplier: void_stress_weakening_gain,void_stress_weakening_gain,1.0,dimensionless multiplier,Multiplier exposed by the parametric robustness model; default corresponds to the baseline reduced-model configuration.,swept/robustness parameter,coefficient-robustness analysis script; reduced-model simulation routine,supplement
robustness multiplier: stress_current_overdrive_gain,stress_current_overdrive_gain,1.0,dimensionless multiplier,Multiplier exposed by the parametric robustness model; default corresponds to the baseline reduced-model configuration.,swept/robustness parameter,coefficient-robustness analysis script; reduced-model simulation routine,supplement
robustness multiplier: pressure_closure_gain,pressure_closure_gain,1.0,dimensionless multiplier,Multiplier exposed by the parametric robustness model; default corresponds to the baseline reduced-model configuration.,swept/robustness parameter,coefficient-robustness analysis script; reduced-model simulation routine,both
robustness multiplier: favorable_stress_closure_gain,favorable_stress_closure_gain,1.0,dimensionless multiplier,Multiplier exposed by the parametric robustness model; default corresponds to the baseline reduced-model configuration.,swept/robustness parameter,coefficient-robustness analysis script; reduced-model simulation routine,both
robustness multiplier: subcritical_closure_gain,subcritical_closure_gain,1.0,dimensionless multiplier,Multiplier exposed by the parametric robustness model; default corresponds to the baseline reduced-model configuration.,swept/robustness parameter,coefficient-robustness analysis script; reduced-model simulation routine,supplement
robustness multiplier: unfavorable_stress_opening_gain,unfavorable_stress_opening_gain,1.0,dimensionless multiplier,Multiplier exposed by the parametric robustness model; default corresponds to the baseline reduced-model configuration.,swept/robustness parameter,coefficient-robustness analysis script; reduced-model simulation routine,both
robustness multiplier: local_overdrive_opening_gain,local_overdrive_opening_gain,1.0,dimensionless multiplier,Multiplier exposed by the parametric robustness model; default corresponds to the baseline reduced-model configuration.,swept/robustness parameter,coefficient-robustness analysis script; reduced-model simulation routine,both
robustness multiplier: void_amplification_gain,void_amplification_gain,1.0,dimensionless multiplier,Multiplier exposed by the parametric robustness model; default corresponds to the baseline reduced-model configuration.,swept/robustness parameter,coefficient-robustness analysis script; reduced-model simulation routine,both
robustness multiplier: global_overdrive_opening_gain,global_overdrive_opening_gain,1.0,dimensionless multiplier,Multiplier exposed by the parametric robustness model; default corresponds to the baseline reduced-model configuration.,swept/robustness parameter,coefficient-robustness analysis script; reduced-model simulation routine,supplement
robustness multiplier: current_focusing_gain,current_focusing_gain,1.0,dimensionless multiplier,Multiplier exposed by the parametric robustness model; default corresponds to the baseline reduced-model configuration.,swept/robustness parameter,coefficient-robustness analysis script; reduced-model simulation routine,both
robustness multiplier: boundary_stress_index_gain,boundary_stress_index_gain,1.0,dimensionless multiplier,Multiplier exposed by the parametric robustness model; default corresponds to the baseline reduced-model configuration.,swept/robustness parameter,coefficient-robustness analysis script; reduced-model simulation routine,supplement
robustness multiplier: jcrit_scale,jcrit_scale,1.0,dimensionless multiplier,Multiplier exposed by the parametric robustness model; default corresponds to the baseline reduced-model configuration.,swept/robustness parameter,coefficient-robustness analysis script; reduced-model simulation routine,both
robustness multiplier: curvature_gain,curvature_gain,1.0,dimensionless multiplier,Multiplier exposed by the parametric robustness model; default corresponds to the baseline reduced-model configuration.,swept/robustness parameter,coefficient-robustness analysis script; reduced-model simulation routine,supplement
robustness multiplier: phase_relax_gain,phase_relax_gain,1.0,dimensionless multiplier,Multiplier exposed by the parametric robustness model; default corresponds to the baseline reduced-model configuration.,swept/robustness parameter,coefficient-robustness analysis script; reduced-model simulation routine,supplement
robustness multiplier: stress_relaxation_gain,stress_relaxation_gain,1.0,dimensionless multiplier,Multiplier exposed by the parametric robustness model; default corresponds to the baseline reduced-model configuration.,swept/robustness parameter,coefficient-robustness analysis script; reduced-model simulation routine,supplement
robustness multiplier: stress_diffusion_gain,stress_diffusion_gain,1.0,dimensionless multiplier,Multiplier exposed by the parametric robustness model; default corresponds to the baseline reduced-model configuration.,swept/robustness parameter,coefficient-robustness analysis script; reduced-model simulation routine,supplement
LHS sweep range: cathode_stress_source_gain,cathode_stress_source_gain,0.25 to 1.75,dimensionless multiplier,Latin-hypercube robustness range.,swept/robustness parameter,coefficient-robustness sweep ranges,supplement
LHS sweep range: pressure_closure_gain,pressure_closure_gain,0.25 to 1.75,dimensionless multiplier,Latin-hypercube robustness range.,swept/robustness parameter,coefficient-robustness sweep ranges,supplement
LHS sweep range: favorable_stress_closure_gain,favorable_stress_closure_gain,0.25 to 1.75,dimensionless multiplier,Latin-hypercube robustness range.,swept/robustness parameter,coefficient-robustness sweep ranges,supplement
LHS sweep range: unfavorable_stress_opening_gain,unfavorable_stress_opening_gain,0.25 to 1.75,dimensionless multiplier,Latin-hypercube robustness range.,swept/robustness parameter,coefficient-robustness sweep ranges,supplement
LHS sweep range: local_overdrive_opening_gain,local_overdrive_opening_gain,0.25 to 1.75,dimensionless multiplier,Latin-hypercube robustness range.,swept/robustness parameter,coefficient-robustness sweep ranges,supplement
LHS sweep range: void_amplification_gain,void_amplification_gain,0.0 to 2.0,dimensionless multiplier,Latin-hypercube robustness range.,swept/robustness parameter,coefficient-robustness sweep ranges,supplement
LHS sweep range: current_focusing_gain,current_focusing_gain,0.0 to 1.75,dimensionless multiplier,Latin-hypercube robustness range.,swept/robustness parameter,coefficient-robustness sweep ranges,supplement
LHS sweep range: jcrit_scale,jcrit_scale,0.85 to 1.15,dimensionless multiplier,Latin-hypercube robustness range.,swept/robustness parameter,coefficient-robustness sweep ranges,supplement
