parameter_name,units,default_value,source_status,category,equation_or_code_location,physical_meaning,sign_justification,provenance,sweep_range,main_result_survives_when_changed,global_control_strength
P-LCO jmax,mA cm^-2,7.598359329203797,literature-calibrated/source-fitted,fitted source-calibration terms,Hill-boundary fitting routine; j_c(p)=floor+(jmax-floor)/(1+(p_t/p)^n),Source-calibrated critical-current scale.,Positive current/pressure scale fitted to public CCD boundary.,Fitted from source Fig. 3d CCD data.,jcrit scale swept 0.85-1.15 globally,True,moderate control
P-LCO transition pressure,MPa,2.0705163403361353,literature-calibrated/source-fitted,fitted source-calibration terms,Hill-boundary fitting routine; j_c(p)=floor+(jmax-floor)/(1+(p_t/p)^n),Source-calibrated critical-current scale.,Positive current/pressure scale fitted to public CCD boundary.,Fitted from source Fig. 3d CCD data.,jcrit scale swept 0.85-1.15 globally,True,moderate control
P-LCO Hill exponent,dimensionless/reduced,2.6764947347126715,literature-calibrated/source-fitted,fitted source-calibration terms,Hill-boundary fitting routine; j_c(p)=floor+(jmax-floor)/(1+(p_t/p)^n),Source-calibrated critical-current scale.,Positive current/pressure scale fitted to public CCD boundary.,Fitted from source Fig. 3d CCD data.,jcrit scale swept 0.85-1.15 globally,True,moderate control
P-LCO floor current,mA cm^-2,0.6951298382158585,literature-calibrated/source-fitted,fitted source-calibration terms,Hill-boundary fitting routine; j_c(p)=floor+(jmax-floor)/(1+(p_t/p)^n),Source-calibrated critical-current scale.,Positive current/pressure scale fitted to public CCD boundary.,Fitted from source Fig. 3d CCD data.,jcrit scale swept 0.85-1.15 globally,True,moderate control
N-LCO jmax,mA cm^-2,7.000399309537142,literature-calibrated/source-fitted,fitted source-calibration terms,Hill-boundary fitting routine; j_c(p)=floor+(jmax-floor)/(1+(p_t/p)^n),Source-calibrated critical-current scale.,Positive current/pressure scale fitted to public CCD boundary.,Fitted from source Fig. 3d CCD data.,jcrit scale swept 0.85-1.15 globally,True,moderate control
N-LCO transition pressure,MPa,0.4301384730907119,literature-calibrated/source-fitted,fitted source-calibration terms,Hill-boundary fitting routine; j_c(p)=floor+(jmax-floor)/(1+(p_t/p)^n),Source-calibrated critical-current scale.,Positive current/pressure scale fitted to public CCD boundary.,Fitted from source Fig. 3d CCD data.,jcrit scale swept 0.85-1.15 globally,True,moderate control
N-LCO Hill exponent,dimensionless/reduced,9.995015485866691,literature-calibrated/source-fitted,fitted source-calibration terms,Hill-boundary fitting routine; j_c(p)=floor+(jmax-floor)/(1+(p_t/p)^n),Source-calibrated critical-current scale.,Positive current/pressure scale fitted to public CCD boundary.,Fitted from source Fig. 3d CCD data.,jcrit scale swept 0.85-1.15 globally,True,moderate control
N-LCO floor current,mA cm^-2,1.4973921931398446,literature-calibrated/source-fitted,fitted source-calibration terms,Hill-boundary fitting routine; j_c(p)=floor+(jmax-floor)/(1+(p_t/p)^n),Source-calibrated critical-current scale.,Positive current/pressure scale fitted to public CCD boundary.,Fitted from source Fig. 3d CCD data.,jcrit scale swept 0.85-1.15 globally,True,moderate control
Cathode-SE EIS/contact resistance,ratio or extracted consistency units,1.604817462811894,source-workbook consistency observable; not fitted,source-workbook consistency checks not used in fitting,source Fig. 4c,P-LCO should show worse interfacial/contact resistance than N-LCO.,Direction should match P-LCO opening/contact-loss tendency versus N-LCO filling/contact-retention tendency.,Extracted from public workbook; not used in jcrit fit.,not swept; consistency observable,not a model coefficient,consistency check
Optical profilometry Li surface roughness,ratio or micrometer-derived consistency metric,3.0651763944162047,source-workbook consistency observable; not fitted,source-workbook consistency checks not used in fitting,source Fig. S15c,P-LCO should leave rougher/more disrupted Li surface morphology than N-LCO.,Direction should match P-LCO opening/contact-loss tendency versus N-LCO filling/contact-retention tendency.,Extracted from public workbook; not used in jcrit fit.,not swept; consistency observable,not a model coefficient,consistency check
Pressure waveform cathode end-member separation,kPa equivalent / extracted consistency scale,35.345594704109146,source-workbook consistency observable; not fitted,source-workbook consistency checks not used in fitting,source Fig. 2g,P-LCO/Z-LCO/N-LCO should define distinct pressure-response end-members.,Direction should match P-LCO opening/contact-loss tendency versus N-LCO filling/contact-retention tendency.,Extracted from public workbook; not used in jcrit fit.,not swept; consistency observable,not a model coefficient,consistency check
Same-current cycling lifetime support,cycle ratio / extracted consistency metric,2.8333333333333335,source-workbook consistency observable; not fitted,source-workbook consistency checks not used in fitting,source Fig. 5b,P-LCO trace should fail/terminate earlier than N-LCO at same current.,Direction should match P-LCO opening/contact-loss tendency versus N-LCO filling/contact-retention tendency.,Extracted from public workbook; not used in jcrit fit.,not swept; consistency observable,not a model coefficient,consistency check
Profilometry peak-to-valley morphology,ratio or micrometer-derived consistency metric,2.5645175795469144,source-workbook consistency observable; not fitted,source-workbook consistency checks not used in fitting,source Fig. S15c,P-LCO peak-to-valley disruption should exceed N-LCO.,Direction should match P-LCO opening/contact-loss tendency versus N-LCO filling/contact-retention tendency.,Extracted from public workbook; not used in jcrit fit.,not swept; consistency observable,not a model coefficient,consistency check
cathode stress source,dimensionless/reduced,1.0,assumed reduced-model coefficient; sensitivity/ablation tested,reduced-model assumed coefficients,reduced-model simulation routine: 0.74*s,Maps cathode end-member to stress bias.,N-LCO favorable; P-LCO unfavorable.,Manual reduced-model assumption; tested by sensitivity/ablation.,0.25-1.75,True,moderate control
pressure stress source,dimensionless/reduced,1.0,assumed reduced-model coefficient; sensitivity/ablation tested,reduced-model assumed coefficients,reduced-model simulation routine: 0.11*p,Lets stack pressure contribute to stress support.,Higher pressure should support contact.,Manual reduced-model assumption; tested by sensitivity/ablation.,not globally swept in this pass,not one-at-a-time swept,not ranked
void stress weakening,dimensionless/reduced,1.0,assumed reduced-model coefficient; sensitivity/ablation tested,reduced-model assumed coefficients,reduced-model simulation routine: -0.24*(1-phi),Existing voids reduce local support.,Voids weaken contact/stress support.,Manual reduced-model assumption; tested by sensitivity/ablation.,not globally swept in this pass,not one-at-a-time swept,not ranked
stress-current overdrive,dimensionless/reduced,1.0,assumed reduced-model coefficient; sensitivity/ablation tested,reduced-model assumed coefficients,reduced-model simulation routine: -0.10*overdrive,Current overdrive weakens stress support near interface.,Overdrive should promote opening.,Manual reduced-model assumption; tested by sensitivity/ablation.,not globally swept in this pass,not one-at-a-time swept,not ranked
pressure closure,dimensionless/reduced,1.0,assumed reduced-model coefficient; sensitivity/ablation tested,reduced-model assumed coefficients,reduced-model simulation routine: 0.10*p,Pressure-assisted void closure.,Higher pressure should close voids.,Manual reduced-model assumption; tested by sensitivity/ablation.,0.25-1.75,True,weak/noncritical over this range
favorable-stress closure,dimensionless/reduced,1.0,assumed reduced-model coefficient; sensitivity/ablation tested,reduced-model assumed coefficients,reduced-model simulation routine: 0.82*H(psi),Positive stress bias closes voids.,N-LCO-like stress is filling-biased.,Manual reduced-model assumption; tested by sensitivity/ablation.,0.25-1.75,True,weak/noncritical over this range
subcritical closure,dimensionless/reduced,1.0,assumed reduced-model coefficient; sensitivity/ablation tested,reduced-model assumed coefficients,reduced-model simulation routine: 0.24*H(1-j/jcrit),Subcritical current favors retention/closure.,Below jcrit should be safer.,Manual reduced-model assumption; tested by sensitivity/ablation.,not globally swept in this pass,not one-at-a-time swept,not ranked
unfavorable-stress opening,dimensionless/reduced,1.0,assumed reduced-model coefficient; sensitivity/ablation tested,reduced-model assumed coefficients,reduced-model simulation routine: 0.78*H(-psi),Negative stress bias opens voids.,P-LCO-like stress is opening-biased.,Manual reduced-model assumption; tested by sensitivity/ablation.,0.25-1.75,True,weak/noncritical over this range
local overdrive opening,dimensionless/reduced,1.0,assumed reduced-model coefficient; sensitivity/ablation tested,reduced-model assumed coefficients,reduced-model simulation routine: 0.74*H(jloc/jcrit-1),Local current overdrive opens voids.,Above local jcrit should open/contact-loss.,Manual reduced-model assumption; tested by sensitivity/ablation.,0.25-1.75,True,strong control
void amplification,dimensionless/reduced,1.0,assumed reduced-model coefficient; sensitivity/ablation tested,reduced-model assumed coefficients,reduced-model simulation routine: 1+0.85*(1-phi),Existing voids amplify overdrive.,Remaining contact crowds current.,Manual reduced-model assumption; tested by sensitivity/ablation.,0.0-2.0,True,weak/noncritical over this range
global overdrive opening,dimensionless/reduced,1.0,assumed reduced-model coefficient; sensitivity/ablation tested,reduced-model assumed coefficients,reduced-model simulation routine: 0.16*H(j/jcrit-1),Global current overdrive opens voids.,Above jcrit should destabilize.,Manual reduced-model assumption; tested by sensitivity/ablation.,not globally swept in this pass,not one-at-a-time swept,not ranked
current focusing exponent,dimensionless/reduced,1.0,assumed reduced-model coefficient; sensitivity/ablation tested,reduced-model assumed coefficients,reduced-model simulation routine: inverse-contact current redistribution,Contact loss focuses current.,Lower contact raises local current.,Manual reduced-model assumption; tested by sensitivity/ablation.,0.0-1.75,True,moderate control
stress-index CCD interpolation,dimensionless/reduced,1.0,assumed reduced-model coefficient; sensitivity/ablation tested,reduced-model assumed coefficients,"reduced-model simulation routine: jcrit(p, boundary_stress_index_gain*s)",Maps cathode end-member into the calibrated jcrit boundary.,Cathode dependence in CCD calibration should vanish when set to zero.,Manual reduced-model assumption; tested by sensitivity/ablation.,not globally swept in this pass,not one-at-a-time swept,not ranked
curvature smoothing,dimensionless/reduced or consistency metric,1.0,numerical/stability parameter,numerical/stability parameters,reduced-model simulation routine: 0.070*laplace(phi),Interface smoothing/regularization.,"Numerical regularization/stability, not mechanism claim.",Reduced solver numerical setting; earlier mesh/time convergence checks exist.,not part of global coefficient-robustness check,"covered by mesh/time convergence, not coefficient sweep",numerical
phase relaxation,dimensionless/reduced or consistency metric,1.0,numerical/stability parameter,numerical/stability parameters,reduced-model simulation routine: 0.014*phi*(1-phi)*(phi-0.5),Two-state phase-field-like relaxation.,"Numerical regularization/stability, not mechanism claim.",Reduced solver numerical setting; earlier mesh/time convergence checks exist.,not part of global coefficient-robustness check,"covered by mesh/time convergence, not coefficient sweep",numerical
stress relaxation,dimensionless/reduced,1.0,numerical/stability parameter,numerical/stability parameters,reduced-model simulation routine: 0.22*(source-psi),Finite stress-bias response time.,"Numerical regularization/stability, not mechanism claim.",Reduced solver numerical setting; earlier mesh/time convergence checks exist.,not part of global coefficient-robustness check,"covered by mesh/time convergence, not coefficient sweep",numerical
stress diffusion,dimensionless/reduced,1.0,numerical/stability parameter,numerical/stability parameters,reduced-model simulation routine: 0.18*laplace(psi),Smooths stress-bias field.,"Numerical regularization/stability, not mechanism claim.",Reduced solver numerical setting; earlier mesh/time convergence checks exist.,not part of global coefficient-robustness check,"covered by mesh/time convergence, not coefficient sweep",numerical
time step,reduced time step,dt=0.058,numerical/stability parameter,numerical/stability parameters,reduced-model simulation routine: dt=0.058,Explicit update stability parameter.,"Numerical regularization/stability, not mechanism claim.",Reduced solver numerical setting; earlier mesh/time convergence checks exist.,not part of global coefficient-robustness check,"covered by mesh/time convergence, not coefficient sweep",numerical
grid,grid cells,"nx=56, ny=24 in the robustness evaluation",numerical/stability parameter,numerical/stability parameters,"reduced-model simulation routine: nx=56, ny=24 in the robustness evaluation",Finite-difference resolution for robustness runs.,"Numerical regularization/stability, not mechanism claim.",Reduced solver numerical setting; earlier mesh/time convergence checks exist.,not part of global coefficient-robustness check,"covered by mesh/time convergence, not coefficient sweep",numerical
