parameter name,symbol,value/range,units,role,source/treatment,where it appears in code or repository files,manuscript placement
P-LCO jmax,"j_max,P",7.598359329203797,mA cm^-2,Source-calibrated critical-current scale.,literature-calibrated/source-fitted,Hill-boundary fitting routine; j_c(p)=floor+(jmax-floor)/(1+(p_t/p)^n),main
P-LCO transition pressure,"p_t,P",2.0705163403361353,MPa,Source-calibrated critical-current scale.,literature-calibrated/source-fitted,Hill-boundary fitting routine; j_c(p)=floor+(jmax-floor)/(1+(p_t/p)^n),main
P-LCO Hill exponent,n_P,2.6764947347126715,dimensionless/reduced,Source-calibrated critical-current scale.,literature-calibrated/source-fitted,Hill-boundary fitting routine; j_c(p)=floor+(jmax-floor)/(1+(p_t/p)^n),main
P-LCO floor current,"j_floor,P",0.6951298382158585,mA cm^-2,Source-calibrated critical-current scale.,literature-calibrated/source-fitted,Hill-boundary fitting routine; j_c(p)=floor+(jmax-floor)/(1+(p_t/p)^n),main
N-LCO jmax,"j_max,N",7.000399309537142,mA cm^-2,Source-calibrated critical-current scale.,literature-calibrated/source-fitted,Hill-boundary fitting routine; j_c(p)=floor+(jmax-floor)/(1+(p_t/p)^n),main
N-LCO transition pressure,"p_t,N",0.4301384730907119,MPa,Source-calibrated critical-current scale.,literature-calibrated/source-fitted,Hill-boundary fitting routine; j_c(p)=floor+(jmax-floor)/(1+(p_t/p)^n),main
N-LCO Hill exponent,n_N,9.995015485866691,dimensionless/reduced,Source-calibrated critical-current scale.,literature-calibrated/source-fitted,Hill-boundary fitting routine; j_c(p)=floor+(jmax-floor)/(1+(p_t/p)^n),main
N-LCO floor current,"j_floor,N",1.4973921931398446,mA cm^-2,Source-calibrated critical-current scale.,literature-calibrated/source-fitted,Hill-boundary fitting routine; j_c(p)=floor+(jmax-floor)/(1+(p_t/p)^n),main
Cathode-SE EIS/contact resistance,not assigned,1.604817462811894,ratio or extracted consistency units,P-LCO should show worse interfacial/contact resistance than N-LCO.,source-workbook consistency observable; not fitted,source Fig. 4c,consistency table/supplement
Optical profilometry Li surface roughness,not assigned,3.0651763944162047,ratio or micrometer-derived consistency metric,P-LCO should leave rougher/more disrupted Li surface morphology than N-LCO.,source-workbook consistency observable; not fitted,source Fig. S15c,consistency table/supplement
Pressure waveform cathode end-member separation,not assigned,35.345594704109146,kPa equivalent / extracted consistency scale,P-LCO/Z-LCO/N-LCO should define distinct pressure-response end-members.,source-workbook consistency observable; not fitted,source Fig. 2g,consistency table/supplement
Same-current cycling lifetime support,not assigned,2.8333333333333335,cycle ratio / extracted consistency metric,P-LCO trace should fail/terminate earlier than N-LCO at same current.,source-workbook consistency observable; not fitted,source Fig. 5b,consistency table/supplement
Profilometry peak-to-valley morphology,not assigned,2.5645175795469144,ratio or micrometer-derived consistency metric,P-LCO peak-to-valley disruption should exceed N-LCO.,source-workbook consistency observable; not fitted,source Fig. S15c,consistency table/supplement
cathode stress source,k_s,1.0,dimensionless/reduced,Maps cathode end-member to stress bias.,assumed reduced-model coefficient; sensitivity/ablation tested,reduced-model simulation routine: 0.74*s,supplement
pressure stress source,"k_p,stress",1.0,dimensionless/reduced,Lets stack pressure contribute to stress support.,assumed reduced-model coefficient; sensitivity/ablation tested,reduced-model simulation routine: 0.11*p,supplement
void stress weakening,k_void,1.0,dimensionless/reduced,Existing voids reduce local support.,assumed reduced-model coefficient; sensitivity/ablation tested,reduced-model simulation routine: -0.24*(1-phi),supplement
stress-current overdrive,"k_overdrive,stress",1.0,dimensionless/reduced,Current overdrive weakens stress support near interface.,assumed reduced-model coefficient; sensitivity/ablation tested,reduced-model simulation routine: -0.10*overdrive,supplement
pressure closure,"k_p,closure",1.0,dimensionless/reduced,Pressure-assisted void closure.,assumed reduced-model coefficient; sensitivity/ablation tested,reduced-model simulation routine: 0.10*p,supplement
favorable-stress closure,k_psi+,1.0,dimensionless/reduced,Positive stress bias closes voids.,assumed reduced-model coefficient; sensitivity/ablation tested,reduced-model simulation routine: 0.82*H(psi),supplement
subcritical closure,k_subcrit,1.0,dimensionless/reduced,Subcritical current favors retention/closure.,assumed reduced-model coefficient; sensitivity/ablation tested,reduced-model simulation routine: 0.24*H(1-j/jcrit),supplement
unfavorable-stress opening,k_psi-,1.0,dimensionless/reduced,Negative stress bias opens voids.,assumed reduced-model coefficient; sensitivity/ablation tested,reduced-model simulation routine: 0.78*H(-psi),supplement
local overdrive opening,k_local,1.0,dimensionless/reduced,Local current overdrive opens voids.,assumed reduced-model coefficient; sensitivity/ablation tested,reduced-model simulation routine: 0.74*H(jloc/jcrit-1),supplement
void amplification,k_amp,1.0,dimensionless/reduced,Existing voids amplify overdrive.,assumed reduced-model coefficient; sensitivity/ablation tested,reduced-model simulation routine: 1+0.85*(1-phi),supplement
global overdrive opening,k_global,1.0,dimensionless/reduced,Global current overdrive opens voids.,assumed reduced-model coefficient; sensitivity/ablation tested,reduced-model simulation routine: 0.16*H(j/jcrit-1),supplement
current focusing exponent,gamma_focus,1.0,dimensionless/reduced,Contact loss focuses current.,assumed reduced-model coefficient; sensitivity/ablation tested,reduced-model simulation routine: inverse-contact current redistribution,supplement
stress-index CCD interpolation,k_boundary,1.0,dimensionless/reduced,Maps cathode end-member into the calibrated jcrit boundary.,assumed reduced-model coefficient; sensitivity/ablation tested,"reduced-model simulation routine: jcrit(p, boundary_stress_index_gain*s)",supplement
curvature smoothing,k_laplace_phi,1.0,dimensionless/reduced or consistency metric,Interface smoothing/regularization.,numerical/stability parameter,reduced-model simulation routine: 0.070*laplace(phi),supplement/numerical methods
phase relaxation,k_dw,1.0,dimensionless/reduced or consistency metric,Two-state phase-field-like relaxation.,numerical/stability parameter,reduced-model simulation routine: 0.014*phi*(1-phi)*(phi-0.5),supplement/numerical methods
stress relaxation,k_relax_psi,1.0,dimensionless/reduced,Finite stress-bias response time.,numerical/stability parameter,reduced-model simulation routine: 0.22*(source-psi),supplement/numerical methods
stress diffusion,k_laplace_psi,1.0,dimensionless/reduced,Smooths stress-bias field.,numerical/stability parameter,reduced-model simulation routine: 0.18*laplace(psi),supplement/numerical methods
time step,dt,dt=0.058,reduced time step,Explicit update stability parameter.,numerical/stability parameter,reduced-model simulation routine: dt=0.058,supplement/numerical methods
grid,Nx x Ny,"nx=56, ny=24 in the robustness evaluation",grid cells,Finite-difference resolution for robustness runs.,numerical/stability parameter,"reduced-model simulation routine: nx=56, ny=24 in the robustness evaluation",supplement/numerical methods
High-resolution threshold current,j_app,4,mA cm^-2,Spot-check current for refined leverage-map threshold brackets,fixed threshold spot-check using unchanged model,high-resolution threshold spot-check analysis; high-resolution opening-threshold extension,supplement
High-resolution threshold brackets at 4 mA cm^-2,P*_stable,filling 0.3-0.4; neutral 1.4-1.6; opening 3.5-3.75,MPa,Higher-resolution reduced-model threshold brackets,spot-check; not universal operating limits,refined leverage-output threshold table; high-resolution opening-threshold extension,supplement; main text only as cautious qualitative support
