criterion_id,risk_threshold,void_threshold,contact_threshold,pressure_mpa,current_ma_cm2,stress_index,baseline_stable,variant_stable,void_fraction,contact_fraction,variant_risk_metric,baseline_risk_metric_at_contact_055,near_baseline_boundary
rule_001,0.58,0.48,0.5,0.2,1.0,1.0,True,False,0.3813590196308667,0.0,0.5813590196308667,0.5813590196308667,True
rule_001,0.58,0.48,0.5,0.5,1.0,0.0,True,False,0.40133253770717014,0.0,0.6013325377071701,0.6013325377071701,True
rule_001,0.58,0.48,0.5,0.5,2.0,0.5,True,False,0.39280483508228214,0.0,0.5928048350822821,0.5928048350822821,True
rule_001,0.58,0.48,0.5,0.5,3.0,0.5,True,False,0.41911839112680827,0.0,0.6191183911268083,0.6191183911268083,True
rule_001,0.58,0.48,0.5,0.5,5.5,1.0,True,False,0.4046676115607464,0.0,0.6046676115607463,0.6046676115607463,True
rule_001,0.58,0.48,0.5,1.0,1.0,0.0,True,False,0.38317334517135093,0.0,0.583173345171351,0.583173345171351,True
rule_001,0.58,0.48,0.5,1.0,2.0,0.0,True,False,0.40102064390980663,0.0,0.6010206439098067,0.6010206439098067,True
rule_001,0.58,0.48,0.5,1.0,3.0,0.0,True,False,0.4193445790455904,0.0,0.6193445790455905,0.6193445790455905,True
rule_001,0.58,0.48,0.5,1.0,4.0,0.5,True,False,0.4000394042980864,0.0,0.6000394042980863,0.6000394042980863,True
rule_001,0.58,0.48,0.5,1.0,7.0,1.0,True,False,0.3928355123201899,0.0,0.5928355123201898,0.5928355123201898,True
rule_001,0.58,0.48,0.5,2.0,1.0,-1.0,True,False,0.40935423372507374,0.0,0.6093542337250737,0.6093542337250737,True
rule_001,0.58,0.48,0.5,2.0,1.0,-0.5,True,False,0.38274649286598883,0.0,0.5827464928659889,0.5827464928659889,True
rule_001,0.58,0.48,0.5,2.0,2.0,-0.5,True,False,0.3844083295463818,0.0,0.5844083295463818,0.5844083295463818,True
rule_001,0.58,0.48,0.5,2.0,3.0,-0.5,True,False,0.4065933543319622,0.0,0.6065933543319622,0.6065933543319622,True
rule_001,0.58,0.48,0.5,2.0,3.0,0.0,True,False,0.38271827511873524,0.0,0.5827182751187352,0.5827182751187352,True
rule_001,0.58,0.48,0.5,2.0,4.0,0.0,True,False,0.39399655361361086,0.0,0.5939965536136109,0.5939965536136109,True
rule_001,0.58,0.48,0.5,2.0,7.0,0.5,True,False,0.4064331264975083,0.0,0.6064331264975082,0.6064331264975082,True
rule_002,0.58,0.48,0.55,0.2,1.0,1.0,True,False,0.3813590196308667,0.0,0.5813590196308667,0.5813590196308667,True
rule_002,0.58,0.48,0.55,0.5,1.0,0.0,True,False,0.40133253770717014,0.0,0.6013325377071701,0.6013325377071701,True
rule_002,0.58,0.48,0.55,0.5,2.0,0.5,True,False,0.39280483508228214,0.0,0.5928048350822821,0.5928048350822821,True
rule_002,0.58,0.48,0.55,0.5,3.0,0.5,True,False,0.41911839112680827,0.0,0.6191183911268083,0.6191183911268083,True
rule_002,0.58,0.48,0.55,0.5,5.5,1.0,True,False,0.4046676115607464,0.0,0.6046676115607463,0.6046676115607463,True
rule_002,0.58,0.48,0.55,1.0,1.0,0.0,True,False,0.38317334517135093,0.0,0.583173345171351,0.583173345171351,True
rule_002,0.58,0.48,0.55,1.0,2.0,0.0,True,False,0.40102064390980663,0.0,0.6010206439098067,0.6010206439098067,True
rule_002,0.58,0.48,0.55,1.0,3.0,0.0,True,False,0.4193445790455904,0.0,0.6193445790455905,0.6193445790455905,True
rule_002,0.58,0.48,0.55,1.0,4.0,0.5,True,False,0.4000394042980864,0.0,0.6000394042980863,0.6000394042980863,True
rule_002,0.58,0.48,0.55,1.0,7.0,1.0,True,False,0.3928355123201899,0.0,0.5928355123201898,0.5928355123201898,True
rule_002,0.58,0.48,0.55,2.0,1.0,-1.0,True,False,0.40935423372507374,0.0,0.6093542337250737,0.6093542337250737,True
rule_002,0.58,0.48,0.55,2.0,1.0,-0.5,True,False,0.38274649286598883,0.0,0.5827464928659889,0.5827464928659889,True
rule_002,0.58,0.48,0.55,2.0,2.0,-0.5,True,False,0.3844083295463818,0.0,0.5844083295463818,0.5844083295463818,True
rule_002,0.58,0.48,0.55,2.0,3.0,-0.5,True,False,0.4065933543319622,0.0,0.6065933543319622,0.6065933543319622,True
rule_002,0.58,0.48,0.55,2.0,3.0,0.0,True,False,0.38271827511873524,0.0,0.5827182751187352,0.5827182751187352,True
rule_002,0.58,0.48,0.55,2.0,4.0,0.0,True,False,0.39399655361361086,0.0,0.5939965536136109,0.5939965536136109,True
rule_002,0.58,0.48,0.55,2.0,7.0,0.5,True,False,0.4064331264975083,0.0,0.6064331264975082,0.6064331264975082,True
rule_003,0.58,0.48,0.6,0.2,1.0,1.0,True,False,0.3813590196308667,0.0,0.5813590196308667,0.5813590196308667,True
rule_003,0.58,0.48,0.6,0.5,1.0,0.0,True,False,0.40133253770717014,0.0,0.6013325377071701,0.6013325377071701,True
rule_003,0.58,0.48,0.6,0.5,2.0,0.5,True,False,0.39280483508228214,0.0,0.5928048350822821,0.5928048350822821,True
rule_003,0.58,0.48,0.6,0.5,3.0,0.5,True,False,0.41911839112680827,0.0,0.6191183911268083,0.6191183911268083,True
rule_003,0.58,0.48,0.6,0.5,5.5,1.0,True,False,0.4046676115607464,0.0,0.6046676115607463,0.6046676115607463,True
rule_003,0.58,0.48,0.6,1.0,1.0,0.0,True,False,0.38317334517135093,0.0,0.583173345171351,0.583173345171351,True
rule_003,0.58,0.48,0.6,1.0,2.0,0.0,True,False,0.40102064390980663,0.0,0.6010206439098067,0.6010206439098067,True
rule_003,0.58,0.48,0.6,1.0,3.0,0.0,True,False,0.4193445790455904,0.0,0.6193445790455905,0.6193445790455905,True
rule_003,0.58,0.48,0.6,1.0,4.0,0.5,True,False,0.4000394042980864,0.0,0.6000394042980863,0.6000394042980863,True
rule_003,0.58,0.48,0.6,1.0,7.0,1.0,True,False,0.3928355123201899,0.0,0.5928355123201898,0.5928355123201898,True
rule_003,0.58,0.48,0.6,2.0,1.0,-1.0,True,False,0.40935423372507374,0.0,0.6093542337250737,0.6093542337250737,True
rule_003,0.58,0.48,0.6,2.0,1.0,-0.5,True,False,0.38274649286598883,0.0,0.5827464928659889,0.5827464928659889,True
rule_003,0.58,0.48,0.6,2.0,2.0,-0.5,True,False,0.3844083295463818,0.0,0.5844083295463818,0.5844083295463818,True
rule_003,0.58,0.48,0.6,2.0,3.0,-0.5,True,False,0.4065933543319622,0.0,0.6065933543319622,0.6065933543319622,True
rule_003,0.58,0.48,0.6,2.0,3.0,0.0,True,False,0.38271827511873524,0.0,0.5827182751187352,0.5827182751187352,True
rule_003,0.58,0.48,0.6,2.0,4.0,0.0,True,False,0.39399655361361086,0.0,0.5939965536136109,0.5939965536136109,True
rule_003,0.58,0.48,0.6,2.0,7.0,0.5,True,False,0.4064331264975083,0.0,0.6064331264975082,0.6064331264975082,True
rule_004,0.58,0.5,0.5,0.2,1.0,1.0,True,False,0.3813590196308667,0.0,0.5813590196308667,0.5813590196308667,True
rule_004,0.58,0.5,0.5,0.5,1.0,0.0,True,False,0.40133253770717014,0.0,0.6013325377071701,0.6013325377071701,True
rule_004,0.58,0.5,0.5,0.5,2.0,0.5,True,False,0.39280483508228214,0.0,0.5928048350822821,0.5928048350822821,True
rule_004,0.58,0.5,0.5,0.5,3.0,0.5,True,False,0.41911839112680827,0.0,0.6191183911268083,0.6191183911268083,True
rule_004,0.58,0.5,0.5,0.5,5.5,1.0,True,False,0.4046676115607464,0.0,0.6046676115607463,0.6046676115607463,True
rule_004,0.58,0.5,0.5,1.0,1.0,0.0,True,False,0.38317334517135093,0.0,0.583173345171351,0.583173345171351,True
rule_004,0.58,0.5,0.5,1.0,2.0,0.0,True,False,0.40102064390980663,0.0,0.6010206439098067,0.6010206439098067,True
rule_004,0.58,0.5,0.5,1.0,3.0,0.0,True,False,0.4193445790455904,0.0,0.6193445790455905,0.6193445790455905,True
rule_004,0.58,0.5,0.5,1.0,4.0,0.5,True,False,0.4000394042980864,0.0,0.6000394042980863,0.6000394042980863,True
rule_004,0.58,0.5,0.5,1.0,7.0,1.0,True,False,0.3928355123201899,0.0,0.5928355123201898,0.5928355123201898,True
rule_004,0.58,0.5,0.5,2.0,1.0,-1.0,True,False,0.40935423372507374,0.0,0.6093542337250737,0.6093542337250737,True
rule_004,0.58,0.5,0.5,2.0,1.0,-0.5,True,False,0.38274649286598883,0.0,0.5827464928659889,0.5827464928659889,True
rule_004,0.58,0.5,0.5,2.0,2.0,-0.5,True,False,0.3844083295463818,0.0,0.5844083295463818,0.5844083295463818,True
rule_004,0.58,0.5,0.5,2.0,3.0,-0.5,True,False,0.4065933543319622,0.0,0.6065933543319622,0.6065933543319622,True
rule_004,0.58,0.5,0.5,2.0,3.0,0.0,True,False,0.38271827511873524,0.0,0.5827182751187352,0.5827182751187352,True
rule_004,0.58,0.5,0.5,2.0,4.0,0.0,True,False,0.39399655361361086,0.0,0.5939965536136109,0.5939965536136109,True
rule_004,0.58,0.5,0.5,2.0,7.0,0.5,True,False,0.4064331264975083,0.0,0.6064331264975082,0.6064331264975082,True
rule_005,0.58,0.5,0.55,0.2,1.0,1.0,True,False,0.3813590196308667,0.0,0.5813590196308667,0.5813590196308667,True
rule_005,0.58,0.5,0.55,0.5,1.0,0.0,True,False,0.40133253770717014,0.0,0.6013325377071701,0.6013325377071701,True
rule_005,0.58,0.5,0.55,0.5,2.0,0.5,True,False,0.39280483508228214,0.0,0.5928048350822821,0.5928048350822821,True
rule_005,0.58,0.5,0.55,0.5,3.0,0.5,True,False,0.41911839112680827,0.0,0.6191183911268083,0.6191183911268083,True
rule_005,0.58,0.5,0.55,0.5,5.5,1.0,True,False,0.4046676115607464,0.0,0.6046676115607463,0.6046676115607463,True
rule_005,0.58,0.5,0.55,1.0,1.0,0.0,True,False,0.38317334517135093,0.0,0.583173345171351,0.583173345171351,True
rule_005,0.58,0.5,0.55,1.0,2.0,0.0,True,False,0.40102064390980663,0.0,0.6010206439098067,0.6010206439098067,True
rule_005,0.58,0.5,0.55,1.0,3.0,0.0,True,False,0.4193445790455904,0.0,0.6193445790455905,0.6193445790455905,True
rule_005,0.58,0.5,0.55,1.0,4.0,0.5,True,False,0.4000394042980864,0.0,0.6000394042980863,0.6000394042980863,True
rule_005,0.58,0.5,0.55,1.0,7.0,1.0,True,False,0.3928355123201899,0.0,0.5928355123201898,0.5928355123201898,True
rule_005,0.58,0.5,0.55,2.0,1.0,-1.0,True,False,0.40935423372507374,0.0,0.6093542337250737,0.6093542337250737,True
rule_005,0.58,0.5,0.55,2.0,1.0,-0.5,True,False,0.38274649286598883,0.0,0.5827464928659889,0.5827464928659889,True
rule_005,0.58,0.5,0.55,2.0,2.0,-0.5,True,False,0.3844083295463818,0.0,0.5844083295463818,0.5844083295463818,True
rule_005,0.58,0.5,0.55,2.0,3.0,-0.5,True,False,0.4065933543319622,0.0,0.6065933543319622,0.6065933543319622,True
rule_005,0.58,0.5,0.55,2.0,3.0,0.0,True,False,0.38271827511873524,0.0,0.5827182751187352,0.5827182751187352,True
rule_005,0.58,0.5,0.55,2.0,4.0,0.0,True,False,0.39399655361361086,0.0,0.5939965536136109,0.5939965536136109,True
rule_005,0.58,0.5,0.55,2.0,7.0,0.5,True,False,0.4064331264975083,0.0,0.6064331264975082,0.6064331264975082,True
rule_006,0.58,0.5,0.6,0.2,1.0,1.0,True,False,0.3813590196308667,0.0,0.5813590196308667,0.5813590196308667,True
rule_006,0.58,0.5,0.6,0.5,1.0,0.0,True,False,0.40133253770717014,0.0,0.6013325377071701,0.6013325377071701,True
rule_006,0.58,0.5,0.6,0.5,2.0,0.5,True,False,0.39280483508228214,0.0,0.5928048350822821,0.5928048350822821,True
rule_006,0.58,0.5,0.6,0.5,3.0,0.5,True,False,0.41911839112680827,0.0,0.6191183911268083,0.6191183911268083,True
rule_006,0.58,0.5,0.6,0.5,5.5,1.0,True,False,0.4046676115607464,0.0,0.6046676115607463,0.6046676115607463,True
rule_006,0.58,0.5,0.6,1.0,1.0,0.0,True,False,0.38317334517135093,0.0,0.583173345171351,0.583173345171351,True
rule_006,0.58,0.5,0.6,1.0,2.0,0.0,True,False,0.40102064390980663,0.0,0.6010206439098067,0.6010206439098067,True
rule_006,0.58,0.5,0.6,1.0,3.0,0.0,True,False,0.4193445790455904,0.0,0.6193445790455905,0.6193445790455905,True
rule_006,0.58,0.5,0.6,1.0,4.0,0.5,True,False,0.4000394042980864,0.0,0.6000394042980863,0.6000394042980863,True
rule_006,0.58,0.5,0.6,1.0,7.0,1.0,True,False,0.3928355123201899,0.0,0.5928355123201898,0.5928355123201898,True
rule_006,0.58,0.5,0.6,2.0,1.0,-1.0,True,False,0.40935423372507374,0.0,0.6093542337250737,0.6093542337250737,True
rule_006,0.58,0.5,0.6,2.0,1.0,-0.5,True,False,0.38274649286598883,0.0,0.5827464928659889,0.5827464928659889,True
rule_006,0.58,0.5,0.6,2.0,2.0,-0.5,True,False,0.3844083295463818,0.0,0.5844083295463818,0.5844083295463818,True
rule_006,0.58,0.5,0.6,2.0,3.0,-0.5,True,False,0.4065933543319622,0.0,0.6065933543319622,0.6065933543319622,True
rule_006,0.58,0.5,0.6,2.0,3.0,0.0,True,False,0.38271827511873524,0.0,0.5827182751187352,0.5827182751187352,True
rule_006,0.58,0.5,0.6,2.0,4.0,0.0,True,False,0.39399655361361086,0.0,0.5939965536136109,0.5939965536136109,True
rule_006,0.58,0.5,0.6,2.0,7.0,0.5,True,False,0.4064331264975083,0.0,0.6064331264975082,0.6064331264975082,True
rule_007,0.58,0.52,0.5,0.2,1.0,1.0,True,False,0.3813590196308667,0.0,0.5813590196308667,0.5813590196308667,True
rule_007,0.58,0.52,0.5,0.5,1.0,0.0,True,False,0.40133253770717014,0.0,0.6013325377071701,0.6013325377071701,True
rule_007,0.58,0.52,0.5,0.5,2.0,0.5,True,False,0.39280483508228214,0.0,0.5928048350822821,0.5928048350822821,True
rule_007,0.58,0.52,0.5,0.5,3.0,0.5,True,False,0.41911839112680827,0.0,0.6191183911268083,0.6191183911268083,True
rule_007,0.58,0.52,0.5,0.5,5.5,1.0,True,False,0.4046676115607464,0.0,0.6046676115607463,0.6046676115607463,True
rule_007,0.58,0.52,0.5,1.0,1.0,0.0,True,False,0.38317334517135093,0.0,0.583173345171351,0.583173345171351,True
rule_007,0.58,0.52,0.5,1.0,2.0,0.0,True,False,0.40102064390980663,0.0,0.6010206439098067,0.6010206439098067,True
rule_007,0.58,0.52,0.5,1.0,3.0,0.0,True,False,0.4193445790455904,0.0,0.6193445790455905,0.6193445790455905,True
rule_007,0.58,0.52,0.5,1.0,4.0,0.5,True,False,0.4000394042980864,0.0,0.6000394042980863,0.6000394042980863,True
rule_007,0.58,0.52,0.5,1.0,7.0,1.0,True,False,0.3928355123201899,0.0,0.5928355123201898,0.5928355123201898,True
rule_007,0.58,0.52,0.5,2.0,1.0,-1.0,True,False,0.40935423372507374,0.0,0.6093542337250737,0.6093542337250737,True
rule_007,0.58,0.52,0.5,2.0,1.0,-0.5,True,False,0.38274649286598883,0.0,0.5827464928659889,0.5827464928659889,True
rule_007,0.58,0.52,0.5,2.0,2.0,-0.5,True,False,0.3844083295463818,0.0,0.5844083295463818,0.5844083295463818,True
rule_007,0.58,0.52,0.5,2.0,3.0,-0.5,True,False,0.4065933543319622,0.0,0.6065933543319622,0.6065933543319622,True
rule_007,0.58,0.52,0.5,2.0,3.0,0.0,True,False,0.38271827511873524,0.0,0.5827182751187352,0.5827182751187352,True
rule_007,0.58,0.52,0.5,2.0,4.0,0.0,True,False,0.39399655361361086,0.0,0.5939965536136109,0.5939965536136109,True
rule_007,0.58,0.52,0.5,2.0,7.0,0.5,True,False,0.4064331264975083,0.0,0.6064331264975082,0.6064331264975082,True
rule_008,0.58,0.52,0.55,0.2,1.0,1.0,True,False,0.3813590196308667,0.0,0.5813590196308667,0.5813590196308667,True
rule_008,0.58,0.52,0.55,0.5,1.0,0.0,True,False,0.40133253770717014,0.0,0.6013325377071701,0.6013325377071701,True
rule_008,0.58,0.52,0.55,0.5,2.0,0.5,True,False,0.39280483508228214,0.0,0.5928048350822821,0.5928048350822821,True
rule_008,0.58,0.52,0.55,0.5,3.0,0.5,True,False,0.41911839112680827,0.0,0.6191183911268083,0.6191183911268083,True
rule_008,0.58,0.52,0.55,0.5,5.5,1.0,True,False,0.4046676115607464,0.0,0.6046676115607463,0.6046676115607463,True
rule_008,0.58,0.52,0.55,1.0,1.0,0.0,True,False,0.38317334517135093,0.0,0.583173345171351,0.583173345171351,True
rule_008,0.58,0.52,0.55,1.0,2.0,0.0,True,False,0.40102064390980663,0.0,0.6010206439098067,0.6010206439098067,True
rule_008,0.58,0.52,0.55,1.0,3.0,0.0,True,False,0.4193445790455904,0.0,0.6193445790455905,0.6193445790455905,True
rule_008,0.58,0.52,0.55,1.0,4.0,0.5,True,False,0.4000394042980864,0.0,0.6000394042980863,0.6000394042980863,True
rule_008,0.58,0.52,0.55,1.0,7.0,1.0,True,False,0.3928355123201899,0.0,0.5928355123201898,0.5928355123201898,True
rule_008,0.58,0.52,0.55,2.0,1.0,-1.0,True,False,0.40935423372507374,0.0,0.6093542337250737,0.6093542337250737,True
rule_008,0.58,0.52,0.55,2.0,1.0,-0.5,True,False,0.38274649286598883,0.0,0.5827464928659889,0.5827464928659889,True
rule_008,0.58,0.52,0.55,2.0,2.0,-0.5,True,False,0.3844083295463818,0.0,0.5844083295463818,0.5844083295463818,True
rule_008,0.58,0.52,0.55,2.0,3.0,-0.5,True,False,0.4065933543319622,0.0,0.6065933543319622,0.6065933543319622,True
rule_008,0.58,0.52,0.55,2.0,3.0,0.0,True,False,0.38271827511873524,0.0,0.5827182751187352,0.5827182751187352,True
rule_008,0.58,0.52,0.55,2.0,4.0,0.0,True,False,0.39399655361361086,0.0,0.5939965536136109,0.5939965536136109,True
rule_008,0.58,0.52,0.55,2.0,7.0,0.5,True,False,0.4064331264975083,0.0,0.6064331264975082,0.6064331264975082,True
rule_009,0.58,0.52,0.6,0.2,1.0,1.0,True,False,0.3813590196308667,0.0,0.5813590196308667,0.5813590196308667,True
rule_009,0.58,0.52,0.6,0.5,1.0,0.0,True,False,0.40133253770717014,0.0,0.6013325377071701,0.6013325377071701,True
rule_009,0.58,0.52,0.6,0.5,2.0,0.5,True,False,0.39280483508228214,0.0,0.5928048350822821,0.5928048350822821,True
rule_009,0.58,0.52,0.6,0.5,3.0,0.5,True,False,0.41911839112680827,0.0,0.6191183911268083,0.6191183911268083,True
rule_009,0.58,0.52,0.6,0.5,5.5,1.0,True,False,0.4046676115607464,0.0,0.6046676115607463,0.6046676115607463,True
rule_009,0.58,0.52,0.6,1.0,1.0,0.0,True,False,0.38317334517135093,0.0,0.583173345171351,0.583173345171351,True
rule_009,0.58,0.52,0.6,1.0,2.0,0.0,True,False,0.40102064390980663,0.0,0.6010206439098067,0.6010206439098067,True
rule_009,0.58,0.52,0.6,1.0,3.0,0.0,True,False,0.4193445790455904,0.0,0.6193445790455905,0.6193445790455905,True
rule_009,0.58,0.52,0.6,1.0,4.0,0.5,True,False,0.4000394042980864,0.0,0.6000394042980863,0.6000394042980863,True
rule_009,0.58,0.52,0.6,1.0,7.0,1.0,True,False,0.3928355123201899,0.0,0.5928355123201898,0.5928355123201898,True
rule_009,0.58,0.52,0.6,2.0,1.0,-1.0,True,False,0.40935423372507374,0.0,0.6093542337250737,0.6093542337250737,True
rule_009,0.58,0.52,0.6,2.0,1.0,-0.5,True,False,0.38274649286598883,0.0,0.5827464928659889,0.5827464928659889,True
rule_009,0.58,0.52,0.6,2.0,2.0,-0.5,True,False,0.3844083295463818,0.0,0.5844083295463818,0.5844083295463818,True
rule_009,0.58,0.52,0.6,2.0,3.0,-0.5,True,False,0.4065933543319622,0.0,0.6065933543319622,0.6065933543319622,True
rule_009,0.58,0.52,0.6,2.0,3.0,0.0,True,False,0.38271827511873524,0.0,0.5827182751187352,0.5827182751187352,True
rule_009,0.58,0.52,0.6,2.0,4.0,0.0,True,False,0.39399655361361086,0.0,0.5939965536136109,0.5939965536136109,True
rule_009,0.58,0.52,0.6,2.0,7.0,0.5,True,False,0.4064331264975083,0.0,0.6064331264975082,0.6064331264975082,True
rule_010,0.58,0.54,0.5,0.2,1.0,1.0,True,False,0.3813590196308667,0.0,0.5813590196308667,0.5813590196308667,True
rule_010,0.58,0.54,0.5,0.5,1.0,0.0,True,False,0.40133253770717014,0.0,0.6013325377071701,0.6013325377071701,True
rule_010,0.58,0.54,0.5,0.5,2.0,0.5,True,False,0.39280483508228214,0.0,0.5928048350822821,0.5928048350822821,True
rule_010,0.58,0.54,0.5,0.5,3.0,0.5,True,False,0.41911839112680827,0.0,0.6191183911268083,0.6191183911268083,True
rule_010,0.58,0.54,0.5,0.5,5.5,1.0,True,False,0.4046676115607464,0.0,0.6046676115607463,0.6046676115607463,True
rule_010,0.58,0.54,0.5,1.0,1.0,0.0,True,False,0.38317334517135093,0.0,0.583173345171351,0.583173345171351,True
rule_010,0.58,0.54,0.5,1.0,2.0,0.0,True,False,0.40102064390980663,0.0,0.6010206439098067,0.6010206439098067,True
rule_010,0.58,0.54,0.5,1.0,3.0,0.0,True,False,0.4193445790455904,0.0,0.6193445790455905,0.6193445790455905,True
rule_010,0.58,0.54,0.5,1.0,4.0,0.5,True,False,0.4000394042980864,0.0,0.6000394042980863,0.6000394042980863,True
rule_010,0.58,0.54,0.5,1.0,7.0,1.0,True,False,0.3928355123201899,0.0,0.5928355123201898,0.5928355123201898,True
rule_010,0.58,0.54,0.5,2.0,1.0,-1.0,True,False,0.40935423372507374,0.0,0.6093542337250737,0.6093542337250737,True
rule_010,0.58,0.54,0.5,2.0,1.0,-0.5,True,False,0.38274649286598883,0.0,0.5827464928659889,0.5827464928659889,True
rule_010,0.58,0.54,0.5,2.0,2.0,-0.5,True,False,0.3844083295463818,0.0,0.5844083295463818,0.5844083295463818,True
rule_010,0.58,0.54,0.5,2.0,3.0,-0.5,True,False,0.4065933543319622,0.0,0.6065933543319622,0.6065933543319622,True
rule_010,0.58,0.54,0.5,2.0,3.0,0.0,True,False,0.38271827511873524,0.0,0.5827182751187352,0.5827182751187352,True
rule_010,0.58,0.54,0.5,2.0,4.0,0.0,True,False,0.39399655361361086,0.0,0.5939965536136109,0.5939965536136109,True
rule_010,0.58,0.54,0.5,2.0,7.0,0.5,True,False,0.4064331264975083,0.0,0.6064331264975082,0.6064331264975082,True
rule_011,0.58,0.54,0.55,0.2,1.0,1.0,True,False,0.3813590196308667,0.0,0.5813590196308667,0.5813590196308667,True
rule_011,0.58,0.54,0.55,0.5,1.0,0.0,True,False,0.40133253770717014,0.0,0.6013325377071701,0.6013325377071701,True
rule_011,0.58,0.54,0.55,0.5,2.0,0.5,True,False,0.39280483508228214,0.0,0.5928048350822821,0.5928048350822821,True
rule_011,0.58,0.54,0.55,0.5,3.0,0.5,True,False,0.41911839112680827,0.0,0.6191183911268083,0.6191183911268083,True
rule_011,0.58,0.54,0.55,0.5,5.5,1.0,True,False,0.4046676115607464,0.0,0.6046676115607463,0.6046676115607463,True
rule_011,0.58,0.54,0.55,1.0,1.0,0.0,True,False,0.38317334517135093,0.0,0.583173345171351,0.583173345171351,True
rule_011,0.58,0.54,0.55,1.0,2.0,0.0,True,False,0.40102064390980663,0.0,0.6010206439098067,0.6010206439098067,True
rule_011,0.58,0.54,0.55,1.0,3.0,0.0,True,False,0.4193445790455904,0.0,0.6193445790455905,0.6193445790455905,True
rule_011,0.58,0.54,0.55,1.0,4.0,0.5,True,False,0.4000394042980864,0.0,0.6000394042980863,0.6000394042980863,True
rule_011,0.58,0.54,0.55,1.0,7.0,1.0,True,False,0.3928355123201899,0.0,0.5928355123201898,0.5928355123201898,True
rule_011,0.58,0.54,0.55,2.0,1.0,-1.0,True,False,0.40935423372507374,0.0,0.6093542337250737,0.6093542337250737,True
rule_011,0.58,0.54,0.55,2.0,1.0,-0.5,True,False,0.38274649286598883,0.0,0.5827464928659889,0.5827464928659889,True
rule_011,0.58,0.54,0.55,2.0,2.0,-0.5,True,False,0.3844083295463818,0.0,0.5844083295463818,0.5844083295463818,True
rule_011,0.58,0.54,0.55,2.0,3.0,-0.5,True,False,0.4065933543319622,0.0,0.6065933543319622,0.6065933543319622,True
rule_011,0.58,0.54,0.55,2.0,3.0,0.0,True,False,0.38271827511873524,0.0,0.5827182751187352,0.5827182751187352,True
rule_011,0.58,0.54,0.55,2.0,4.0,0.0,True,False,0.39399655361361086,0.0,0.5939965536136109,0.5939965536136109,True
rule_011,0.58,0.54,0.55,2.0,7.0,0.5,True,False,0.4064331264975083,0.0,0.6064331264975082,0.6064331264975082,True
rule_012,0.58,0.54,0.6,0.2,1.0,1.0,True,False,0.3813590196308667,0.0,0.5813590196308667,0.5813590196308667,True
rule_012,0.58,0.54,0.6,0.5,1.0,0.0,True,False,0.40133253770717014,0.0,0.6013325377071701,0.6013325377071701,True
rule_012,0.58,0.54,0.6,0.5,2.0,0.5,True,False,0.39280483508228214,0.0,0.5928048350822821,0.5928048350822821,True
rule_012,0.58,0.54,0.6,0.5,3.0,0.5,True,False,0.41911839112680827,0.0,0.6191183911268083,0.6191183911268083,True
rule_012,0.58,0.54,0.6,0.5,5.5,1.0,True,False,0.4046676115607464,0.0,0.6046676115607463,0.6046676115607463,True
rule_012,0.58,0.54,0.6,1.0,1.0,0.0,True,False,0.38317334517135093,0.0,0.583173345171351,0.583173345171351,True
rule_012,0.58,0.54,0.6,1.0,2.0,0.0,True,False,0.40102064390980663,0.0,0.6010206439098067,0.6010206439098067,True
rule_012,0.58,0.54,0.6,1.0,3.0,0.0,True,False,0.4193445790455904,0.0,0.6193445790455905,0.6193445790455905,True
rule_012,0.58,0.54,0.6,1.0,4.0,0.5,True,False,0.4000394042980864,0.0,0.6000394042980863,0.6000394042980863,True
rule_012,0.58,0.54,0.6,1.0,7.0,1.0,True,False,0.3928355123201899,0.0,0.5928355123201898,0.5928355123201898,True
rule_012,0.58,0.54,0.6,2.0,1.0,-1.0,True,False,0.40935423372507374,0.0,0.6093542337250737,0.6093542337250737,True
rule_012,0.58,0.54,0.6,2.0,1.0,-0.5,True,False,0.38274649286598883,0.0,0.5827464928659889,0.5827464928659889,True
rule_012,0.58,0.54,0.6,2.0,2.0,-0.5,True,False,0.3844083295463818,0.0,0.5844083295463818,0.5844083295463818,True
rule_012,0.58,0.54,0.6,2.0,3.0,-0.5,True,False,0.4065933543319622,0.0,0.6065933543319622,0.6065933543319622,True
rule_012,0.58,0.54,0.6,2.0,3.0,0.0,True,False,0.38271827511873524,0.0,0.5827182751187352,0.5827182751187352,True
rule_012,0.58,0.54,0.6,2.0,4.0,0.0,True,False,0.39399655361361086,0.0,0.5939965536136109,0.5939965536136109,True
rule_012,0.58,0.54,0.6,2.0,7.0,0.5,True,False,0.4064331264975083,0.0,0.6064331264975082,0.6064331264975082,True
rule_013,0.58,0.56,0.5,0.2,1.0,1.0,True,False,0.3813590196308667,0.0,0.5813590196308667,0.5813590196308667,True
rule_013,0.58,0.56,0.5,0.5,1.0,0.0,True,False,0.40133253770717014,0.0,0.6013325377071701,0.6013325377071701,True
rule_013,0.58,0.56,0.5,0.5,2.0,0.5,True,False,0.39280483508228214,0.0,0.5928048350822821,0.5928048350822821,True
rule_013,0.58,0.56,0.5,0.5,3.0,0.5,True,False,0.41911839112680827,0.0,0.6191183911268083,0.6191183911268083,True
rule_013,0.58,0.56,0.5,0.5,5.5,1.0,True,False,0.4046676115607464,0.0,0.6046676115607463,0.6046676115607463,True
rule_013,0.58,0.56,0.5,1.0,1.0,0.0,True,False,0.38317334517135093,0.0,0.583173345171351,0.583173345171351,True
rule_013,0.58,0.56,0.5,1.0,2.0,0.0,True,False,0.40102064390980663,0.0,0.6010206439098067,0.6010206439098067,True
rule_013,0.58,0.56,0.5,1.0,3.0,0.0,True,False,0.4193445790455904,0.0,0.6193445790455905,0.6193445790455905,True
rule_013,0.58,0.56,0.5,1.0,4.0,0.5,True,False,0.4000394042980864,0.0,0.6000394042980863,0.6000394042980863,True
rule_013,0.58,0.56,0.5,1.0,7.0,1.0,True,False,0.3928355123201899,0.0,0.5928355123201898,0.5928355123201898,True
rule_013,0.58,0.56,0.5,2.0,1.0,-1.0,True,False,0.40935423372507374,0.0,0.6093542337250737,0.6093542337250737,True
rule_013,0.58,0.56,0.5,2.0,1.0,-0.5,True,False,0.38274649286598883,0.0,0.5827464928659889,0.5827464928659889,True
rule_013,0.58,0.56,0.5,2.0,2.0,-0.5,True,False,0.3844083295463818,0.0,0.5844083295463818,0.5844083295463818,True
rule_013,0.58,0.56,0.5,2.0,3.0,-0.5,True,False,0.4065933543319622,0.0,0.6065933543319622,0.6065933543319622,True
rule_013,0.58,0.56,0.5,2.0,3.0,0.0,True,False,0.38271827511873524,0.0,0.5827182751187352,0.5827182751187352,True
rule_013,0.58,0.56,0.5,2.0,4.0,0.0,True,False,0.39399655361361086,0.0,0.5939965536136109,0.5939965536136109,True
rule_013,0.58,0.56,0.5,2.0,7.0,0.5,True,False,0.4064331264975083,0.0,0.6064331264975082,0.6064331264975082,True
rule_014,0.58,0.56,0.55,0.2,1.0,1.0,True,False,0.3813590196308667,0.0,0.5813590196308667,0.5813590196308667,True
rule_014,0.58,0.56,0.55,0.5,1.0,0.0,True,False,0.40133253770717014,0.0,0.6013325377071701,0.6013325377071701,True
rule_014,0.58,0.56,0.55,0.5,2.0,0.5,True,False,0.39280483508228214,0.0,0.5928048350822821,0.5928048350822821,True
rule_014,0.58,0.56,0.55,0.5,3.0,0.5,True,False,0.41911839112680827,0.0,0.6191183911268083,0.6191183911268083,True
rule_014,0.58,0.56,0.55,0.5,5.5,1.0,True,False,0.4046676115607464,0.0,0.6046676115607463,0.6046676115607463,True
rule_014,0.58,0.56,0.55,1.0,1.0,0.0,True,False,0.38317334517135093,0.0,0.583173345171351,0.583173345171351,True
rule_014,0.58,0.56,0.55,1.0,2.0,0.0,True,False,0.40102064390980663,0.0,0.6010206439098067,0.6010206439098067,True
rule_014,0.58,0.56,0.55,1.0,3.0,0.0,True,False,0.4193445790455904,0.0,0.6193445790455905,0.6193445790455905,True
rule_014,0.58,0.56,0.55,1.0,4.0,0.5,True,False,0.4000394042980864,0.0,0.6000394042980863,0.6000394042980863,True
rule_014,0.58,0.56,0.55,1.0,7.0,1.0,True,False,0.3928355123201899,0.0,0.5928355123201898,0.5928355123201898,True
rule_014,0.58,0.56,0.55,2.0,1.0,-1.0,True,False,0.40935423372507374,0.0,0.6093542337250737,0.6093542337250737,True
rule_014,0.58,0.56,0.55,2.0,1.0,-0.5,True,False,0.38274649286598883,0.0,0.5827464928659889,0.5827464928659889,True
rule_014,0.58,0.56,0.55,2.0,2.0,-0.5,True,False,0.3844083295463818,0.0,0.5844083295463818,0.5844083295463818,True
rule_014,0.58,0.56,0.55,2.0,3.0,-0.5,True,False,0.4065933543319622,0.0,0.6065933543319622,0.6065933543319622,True
rule_014,0.58,0.56,0.55,2.0,3.0,0.0,True,False,0.38271827511873524,0.0,0.5827182751187352,0.5827182751187352,True
rule_014,0.58,0.56,0.55,2.0,4.0,0.0,True,False,0.39399655361361086,0.0,0.5939965536136109,0.5939965536136109,True
rule_014,0.58,0.56,0.55,2.0,7.0,0.5,True,False,0.4064331264975083,0.0,0.6064331264975082,0.6064331264975082,True
rule_015,0.58,0.56,0.6,0.2,1.0,1.0,True,False,0.3813590196308667,0.0,0.5813590196308667,0.5813590196308667,True
rule_015,0.58,0.56,0.6,0.5,1.0,0.0,True,False,0.40133253770717014,0.0,0.6013325377071701,0.6013325377071701,True
rule_015,0.58,0.56,0.6,0.5,2.0,0.5,True,False,0.39280483508228214,0.0,0.5928048350822821,0.5928048350822821,True
rule_015,0.58,0.56,0.6,0.5,3.0,0.5,True,False,0.41911839112680827,0.0,0.6191183911268083,0.6191183911268083,True
rule_015,0.58,0.56,0.6,0.5,5.5,1.0,True,False,0.4046676115607464,0.0,0.6046676115607463,0.6046676115607463,True
rule_015,0.58,0.56,0.6,1.0,1.0,0.0,True,False,0.38317334517135093,0.0,0.583173345171351,0.583173345171351,True
rule_015,0.58,0.56,0.6,1.0,2.0,0.0,True,False,0.40102064390980663,0.0,0.6010206439098067,0.6010206439098067,True
rule_015,0.58,0.56,0.6,1.0,3.0,0.0,True,False,0.4193445790455904,0.0,0.6193445790455905,0.6193445790455905,True
rule_015,0.58,0.56,0.6,1.0,4.0,0.5,True,False,0.4000394042980864,0.0,0.6000394042980863,0.6000394042980863,True
rule_015,0.58,0.56,0.6,1.0,7.0,1.0,True,False,0.3928355123201899,0.0,0.5928355123201898,0.5928355123201898,True
rule_015,0.58,0.56,0.6,2.0,1.0,-1.0,True,False,0.40935423372507374,0.0,0.6093542337250737,0.6093542337250737,True
rule_015,0.58,0.56,0.6,2.0,1.0,-0.5,True,False,0.38274649286598883,0.0,0.5827464928659889,0.5827464928659889,True
rule_015,0.58,0.56,0.6,2.0,2.0,-0.5,True,False,0.3844083295463818,0.0,0.5844083295463818,0.5844083295463818,True
rule_015,0.58,0.56,0.6,2.0,3.0,-0.5,True,False,0.4065933543319622,0.0,0.6065933543319622,0.6065933543319622,True
rule_015,0.58,0.56,0.6,2.0,3.0,0.0,True,False,0.38271827511873524,0.0,0.5827182751187352,0.5827182751187352,True
rule_015,0.58,0.56,0.6,2.0,4.0,0.0,True,False,0.39399655361361086,0.0,0.5939965536136109,0.5939965536136109,True
rule_015,0.58,0.56,0.6,2.0,7.0,0.5,True,False,0.4064331264975083,0.0,0.6064331264975082,0.6064331264975082,True
rule_016,0.6,0.48,0.5,0.5,1.0,0.0,True,False,0.40133253770717014,0.0,0.6013325377071701,0.6013325377071701,True
rule_016,0.6,0.48,0.5,0.5,3.0,0.5,True,False,0.41911839112680827,0.0,0.6191183911268083,0.6191183911268083,True
rule_016,0.6,0.48,0.5,0.5,5.5,1.0,True,False,0.4046676115607464,0.0,0.6046676115607463,0.6046676115607463,True
rule_016,0.6,0.48,0.5,1.0,2.0,0.0,True,False,0.40102064390980663,0.0,0.6010206439098067,0.6010206439098067,True
rule_016,0.6,0.48,0.5,1.0,3.0,0.0,True,False,0.4193445790455904,0.0,0.6193445790455905,0.6193445790455905,True
rule_016,0.6,0.48,0.5,1.0,4.0,0.5,True,False,0.4000394042980864,0.0,0.6000394042980863,0.6000394042980863,True
rule_016,0.6,0.48,0.5,2.0,1.0,-1.0,True,False,0.40935423372507374,0.0,0.6093542337250737,0.6093542337250737,True
rule_016,0.6,0.48,0.5,2.0,3.0,-0.5,True,False,0.4065933543319622,0.0,0.6065933543319622,0.6065933543319622,True
rule_016,0.6,0.48,0.5,2.0,7.0,0.5,True,False,0.4064331264975083,0.0,0.6064331264975082,0.6064331264975082,True
rule_017,0.6,0.48,0.55,0.5,1.0,0.0,True,False,0.40133253770717014,0.0,0.6013325377071701,0.6013325377071701,True
rule_017,0.6,0.48,0.55,0.5,3.0,0.5,True,False,0.41911839112680827,0.0,0.6191183911268083,0.6191183911268083,True
rule_017,0.6,0.48,0.55,0.5,5.5,1.0,True,False,0.4046676115607464,0.0,0.6046676115607463,0.6046676115607463,True
rule_017,0.6,0.48,0.55,1.0,2.0,0.0,True,False,0.40102064390980663,0.0,0.6010206439098067,0.6010206439098067,True
rule_017,0.6,0.48,0.55,1.0,3.0,0.0,True,False,0.4193445790455904,0.0,0.6193445790455905,0.6193445790455905,True
rule_017,0.6,0.48,0.55,1.0,4.0,0.5,True,False,0.4000394042980864,0.0,0.6000394042980863,0.6000394042980863,True
rule_017,0.6,0.48,0.55,2.0,1.0,-1.0,True,False,0.40935423372507374,0.0,0.6093542337250737,0.6093542337250737,True
rule_017,0.6,0.48,0.55,2.0,3.0,-0.5,True,False,0.4065933543319622,0.0,0.6065933543319622,0.6065933543319622,True
rule_017,0.6,0.48,0.55,2.0,7.0,0.5,True,False,0.4064331264975083,0.0,0.6064331264975082,0.6064331264975082,True
rule_018,0.6,0.48,0.6,0.5,1.0,0.0,True,False,0.40133253770717014,0.0,0.6013325377071701,0.6013325377071701,True
rule_018,0.6,0.48,0.6,0.5,3.0,0.5,True,False,0.41911839112680827,0.0,0.6191183911268083,0.6191183911268083,True
rule_018,0.6,0.48,0.6,0.5,5.5,1.0,True,False,0.4046676115607464,0.0,0.6046676115607463,0.6046676115607463,True
rule_018,0.6,0.48,0.6,1.0,2.0,0.0,True,False,0.40102064390980663,0.0,0.6010206439098067,0.6010206439098067,True
rule_018,0.6,0.48,0.6,1.0,3.0,0.0,True,False,0.4193445790455904,0.0,0.6193445790455905,0.6193445790455905,True
rule_018,0.6,0.48,0.6,1.0,4.0,0.5,True,False,0.4000394042980864,0.0,0.6000394042980863,0.6000394042980863,True
rule_018,0.6,0.48,0.6,2.0,1.0,-1.0,True,False,0.40935423372507374,0.0,0.6093542337250737,0.6093542337250737,True
rule_018,0.6,0.48,0.6,2.0,3.0,-0.5,True,False,0.4065933543319622,0.0,0.6065933543319622,0.6065933543319622,True
rule_018,0.6,0.48,0.6,2.0,7.0,0.5,True,False,0.4064331264975083,0.0,0.6064331264975082,0.6064331264975082,True
rule_019,0.6,0.5,0.5,0.5,1.0,0.0,True,False,0.40133253770717014,0.0,0.6013325377071701,0.6013325377071701,True
rule_019,0.6,0.5,0.5,0.5,3.0,0.5,True,False,0.41911839112680827,0.0,0.6191183911268083,0.6191183911268083,True
rule_019,0.6,0.5,0.5,0.5,5.5,1.0,True,False,0.4046676115607464,0.0,0.6046676115607463,0.6046676115607463,True
rule_019,0.6,0.5,0.5,1.0,2.0,0.0,True,False,0.40102064390980663,0.0,0.6010206439098067,0.6010206439098067,True
rule_019,0.6,0.5,0.5,1.0,3.0,0.0,True,False,0.4193445790455904,0.0,0.6193445790455905,0.6193445790455905,True
rule_019,0.6,0.5,0.5,1.0,4.0,0.5,True,False,0.4000394042980864,0.0,0.6000394042980863,0.6000394042980863,True
rule_019,0.6,0.5,0.5,2.0,1.0,-1.0,True,False,0.40935423372507374,0.0,0.6093542337250737,0.6093542337250737,True
rule_019,0.6,0.5,0.5,2.0,3.0,-0.5,True,False,0.4065933543319622,0.0,0.6065933543319622,0.6065933543319622,True
rule_019,0.6,0.5,0.5,2.0,7.0,0.5,True,False,0.4064331264975083,0.0,0.6064331264975082,0.6064331264975082,True
rule_020,0.6,0.5,0.55,0.5,1.0,0.0,True,False,0.40133253770717014,0.0,0.6013325377071701,0.6013325377071701,True
rule_020,0.6,0.5,0.55,0.5,3.0,0.5,True,False,0.41911839112680827,0.0,0.6191183911268083,0.6191183911268083,True
rule_020,0.6,0.5,0.55,0.5,5.5,1.0,True,False,0.4046676115607464,0.0,0.6046676115607463,0.6046676115607463,True
rule_020,0.6,0.5,0.55,1.0,2.0,0.0,True,False,0.40102064390980663,0.0,0.6010206439098067,0.6010206439098067,True
rule_020,0.6,0.5,0.55,1.0,3.0,0.0,True,False,0.4193445790455904,0.0,0.6193445790455905,0.6193445790455905,True
rule_020,0.6,0.5,0.55,1.0,4.0,0.5,True,False,0.4000394042980864,0.0,0.6000394042980863,0.6000394042980863,True
rule_020,0.6,0.5,0.55,2.0,1.0,-1.0,True,False,0.40935423372507374,0.0,0.6093542337250737,0.6093542337250737,True
rule_020,0.6,0.5,0.55,2.0,3.0,-0.5,True,False,0.4065933543319622,0.0,0.6065933543319622,0.6065933543319622,True
rule_020,0.6,0.5,0.55,2.0,7.0,0.5,True,False,0.4064331264975083,0.0,0.6064331264975082,0.6064331264975082,True
rule_021,0.6,0.5,0.6,0.5,1.0,0.0,True,False,0.40133253770717014,0.0,0.6013325377071701,0.6013325377071701,True
rule_021,0.6,0.5,0.6,0.5,3.0,0.5,True,False,0.41911839112680827,0.0,0.6191183911268083,0.6191183911268083,True
rule_021,0.6,0.5,0.6,0.5,5.5,1.0,True,False,0.4046676115607464,0.0,0.6046676115607463,0.6046676115607463,True
rule_021,0.6,0.5,0.6,1.0,2.0,0.0,True,False,0.40102064390980663,0.0,0.6010206439098067,0.6010206439098067,True
rule_021,0.6,0.5,0.6,1.0,3.0,0.0,True,False,0.4193445790455904,0.0,0.6193445790455905,0.6193445790455905,True
rule_021,0.6,0.5,0.6,1.0,4.0,0.5,True,False,0.4000394042980864,0.0,0.6000394042980863,0.6000394042980863,True
rule_021,0.6,0.5,0.6,2.0,1.0,-1.0,True,False,0.40935423372507374,0.0,0.6093542337250737,0.6093542337250737,True
rule_021,0.6,0.5,0.6,2.0,3.0,-0.5,True,False,0.4065933543319622,0.0,0.6065933543319622,0.6065933543319622,True
rule_021,0.6,0.5,0.6,2.0,7.0,0.5,True,False,0.4064331264975083,0.0,0.6064331264975082,0.6064331264975082,True
rule_022,0.6,0.52,0.5,0.5,1.0,0.0,True,False,0.40133253770717014,0.0,0.6013325377071701,0.6013325377071701,True
rule_022,0.6,0.52,0.5,0.5,3.0,0.5,True,False,0.41911839112680827,0.0,0.6191183911268083,0.6191183911268083,True
rule_022,0.6,0.52,0.5,0.5,5.5,1.0,True,False,0.4046676115607464,0.0,0.6046676115607463,0.6046676115607463,True
rule_022,0.6,0.52,0.5,1.0,2.0,0.0,True,False,0.40102064390980663,0.0,0.6010206439098067,0.6010206439098067,True
rule_022,0.6,0.52,0.5,1.0,3.0,0.0,True,False,0.4193445790455904,0.0,0.6193445790455905,0.6193445790455905,True
rule_022,0.6,0.52,0.5,1.0,4.0,0.5,True,False,0.4000394042980864,0.0,0.6000394042980863,0.6000394042980863,True
rule_022,0.6,0.52,0.5,2.0,1.0,-1.0,True,False,0.40935423372507374,0.0,0.6093542337250737,0.6093542337250737,True
rule_022,0.6,0.52,0.5,2.0,3.0,-0.5,True,False,0.4065933543319622,0.0,0.6065933543319622,0.6065933543319622,True
rule_022,0.6,0.52,0.5,2.0,7.0,0.5,True,False,0.4064331264975083,0.0,0.6064331264975082,0.6064331264975082,True
rule_023,0.6,0.52,0.55,0.5,1.0,0.0,True,False,0.40133253770717014,0.0,0.6013325377071701,0.6013325377071701,True
rule_023,0.6,0.52,0.55,0.5,3.0,0.5,True,False,0.41911839112680827,0.0,0.6191183911268083,0.6191183911268083,True
rule_023,0.6,0.52,0.55,0.5,5.5,1.0,True,False,0.4046676115607464,0.0,0.6046676115607463,0.6046676115607463,True
rule_023,0.6,0.52,0.55,1.0,2.0,0.0,True,False,0.40102064390980663,0.0,0.6010206439098067,0.6010206439098067,True
rule_023,0.6,0.52,0.55,1.0,3.0,0.0,True,False,0.4193445790455904,0.0,0.6193445790455905,0.6193445790455905,True
rule_023,0.6,0.52,0.55,1.0,4.0,0.5,True,False,0.4000394042980864,0.0,0.6000394042980863,0.6000394042980863,True
rule_023,0.6,0.52,0.55,2.0,1.0,-1.0,True,False,0.40935423372507374,0.0,0.6093542337250737,0.6093542337250737,True
rule_023,0.6,0.52,0.55,2.0,3.0,-0.5,True,False,0.4065933543319622,0.0,0.6065933543319622,0.6065933543319622,True
rule_023,0.6,0.52,0.55,2.0,7.0,0.5,True,False,0.4064331264975083,0.0,0.6064331264975082,0.6064331264975082,True
rule_024,0.6,0.52,0.6,0.5,1.0,0.0,True,False,0.40133253770717014,0.0,0.6013325377071701,0.6013325377071701,True
rule_024,0.6,0.52,0.6,0.5,3.0,0.5,True,False,0.41911839112680827,0.0,0.6191183911268083,0.6191183911268083,True
rule_024,0.6,0.52,0.6,0.5,5.5,1.0,True,False,0.4046676115607464,0.0,0.6046676115607463,0.6046676115607463,True
rule_024,0.6,0.52,0.6,1.0,2.0,0.0,True,False,0.40102064390980663,0.0,0.6010206439098067,0.6010206439098067,True
rule_024,0.6,0.52,0.6,1.0,3.0,0.0,True,False,0.4193445790455904,0.0,0.6193445790455905,0.6193445790455905,True
rule_024,0.6,0.52,0.6,1.0,4.0,0.5,True,False,0.4000394042980864,0.0,0.6000394042980863,0.6000394042980863,True
rule_024,0.6,0.52,0.6,2.0,1.0,-1.0,True,False,0.40935423372507374,0.0,0.6093542337250737,0.6093542337250737,True
rule_024,0.6,0.52,0.6,2.0,3.0,-0.5,True,False,0.4065933543319622,0.0,0.6065933543319622,0.6065933543319622,True
rule_024,0.6,0.52,0.6,2.0,7.0,0.5,True,False,0.4064331264975083,0.0,0.6064331264975082,0.6064331264975082,True
rule_025,0.6,0.54,0.5,0.5,1.0,0.0,True,False,0.40133253770717014,0.0,0.6013325377071701,0.6013325377071701,True
rule_025,0.6,0.54,0.5,0.5,3.0,0.5,True,False,0.41911839112680827,0.0,0.6191183911268083,0.6191183911268083,True
rule_025,0.6,0.54,0.5,0.5,5.5,1.0,True,False,0.4046676115607464,0.0,0.6046676115607463,0.6046676115607463,True
rule_025,0.6,0.54,0.5,1.0,2.0,0.0,True,False,0.40102064390980663,0.0,0.6010206439098067,0.6010206439098067,True
rule_025,0.6,0.54,0.5,1.0,3.0,0.0,True,False,0.4193445790455904,0.0,0.6193445790455905,0.6193445790455905,True
rule_025,0.6,0.54,0.5,1.0,4.0,0.5,True,False,0.4000394042980864,0.0,0.6000394042980863,0.6000394042980863,True
rule_025,0.6,0.54,0.5,2.0,1.0,-1.0,True,False,0.40935423372507374,0.0,0.6093542337250737,0.6093542337250737,True
rule_025,0.6,0.54,0.5,2.0,3.0,-0.5,True,False,0.4065933543319622,0.0,0.6065933543319622,0.6065933543319622,True
rule_025,0.6,0.54,0.5,2.0,7.0,0.5,True,False,0.4064331264975083,0.0,0.6064331264975082,0.6064331264975082,True
rule_026,0.6,0.54,0.55,0.5,1.0,0.0,True,False,0.40133253770717014,0.0,0.6013325377071701,0.6013325377071701,True
rule_026,0.6,0.54,0.55,0.5,3.0,0.5,True,False,0.41911839112680827,0.0,0.6191183911268083,0.6191183911268083,True
rule_026,0.6,0.54,0.55,0.5,5.5,1.0,True,False,0.4046676115607464,0.0,0.6046676115607463,0.6046676115607463,True
rule_026,0.6,0.54,0.55,1.0,2.0,0.0,True,False,0.40102064390980663,0.0,0.6010206439098067,0.6010206439098067,True
rule_026,0.6,0.54,0.55,1.0,3.0,0.0,True,False,0.4193445790455904,0.0,0.6193445790455905,0.6193445790455905,True
rule_026,0.6,0.54,0.55,1.0,4.0,0.5,True,False,0.4000394042980864,0.0,0.6000394042980863,0.6000394042980863,True
rule_026,0.6,0.54,0.55,2.0,1.0,-1.0,True,False,0.40935423372507374,0.0,0.6093542337250737,0.6093542337250737,True
rule_026,0.6,0.54,0.55,2.0,3.0,-0.5,True,False,0.4065933543319622,0.0,0.6065933543319622,0.6065933543319622,True
rule_026,0.6,0.54,0.55,2.0,7.0,0.5,True,False,0.4064331264975083,0.0,0.6064331264975082,0.6064331264975082,True
rule_027,0.6,0.54,0.6,0.5,1.0,0.0,True,False,0.40133253770717014,0.0,0.6013325377071701,0.6013325377071701,True
rule_027,0.6,0.54,0.6,0.5,3.0,0.5,True,False,0.41911839112680827,0.0,0.6191183911268083,0.6191183911268083,True
rule_027,0.6,0.54,0.6,0.5,5.5,1.0,True,False,0.4046676115607464,0.0,0.6046676115607463,0.6046676115607463,True
rule_027,0.6,0.54,0.6,1.0,2.0,0.0,True,False,0.40102064390980663,0.0,0.6010206439098067,0.6010206439098067,True
rule_027,0.6,0.54,0.6,1.0,3.0,0.0,True,False,0.4193445790455904,0.0,0.6193445790455905,0.6193445790455905,True
rule_027,0.6,0.54,0.6,1.0,4.0,0.5,True,False,0.4000394042980864,0.0,0.6000394042980863,0.6000394042980863,True
rule_027,0.6,0.54,0.6,2.0,1.0,-1.0,True,False,0.40935423372507374,0.0,0.6093542337250737,0.6093542337250737,True
rule_027,0.6,0.54,0.6,2.0,3.0,-0.5,True,False,0.4065933543319622,0.0,0.6065933543319622,0.6065933543319622,True
rule_027,0.6,0.54,0.6,2.0,7.0,0.5,True,False,0.4064331264975083,0.0,0.6064331264975082,0.6064331264975082,True
rule_028,0.6,0.56,0.5,0.5,1.0,0.0,True,False,0.40133253770717014,0.0,0.6013325377071701,0.6013325377071701,True
rule_028,0.6,0.56,0.5,0.5,3.0,0.5,True,False,0.41911839112680827,0.0,0.6191183911268083,0.6191183911268083,True
rule_028,0.6,0.56,0.5,0.5,5.5,1.0,True,False,0.4046676115607464,0.0,0.6046676115607463,0.6046676115607463,True
rule_028,0.6,0.56,0.5,1.0,2.0,0.0,True,False,0.40102064390980663,0.0,0.6010206439098067,0.6010206439098067,True
rule_028,0.6,0.56,0.5,1.0,3.0,0.0,True,False,0.4193445790455904,0.0,0.6193445790455905,0.6193445790455905,True
rule_028,0.6,0.56,0.5,1.0,4.0,0.5,True,False,0.4000394042980864,0.0,0.6000394042980863,0.6000394042980863,True
rule_028,0.6,0.56,0.5,2.0,1.0,-1.0,True,False,0.40935423372507374,0.0,0.6093542337250737,0.6093542337250737,True
rule_028,0.6,0.56,0.5,2.0,3.0,-0.5,True,False,0.4065933543319622,0.0,0.6065933543319622,0.6065933543319622,True
rule_028,0.6,0.56,0.5,2.0,7.0,0.5,True,False,0.4064331264975083,0.0,0.6064331264975082,0.6064331264975082,True
rule_029,0.6,0.56,0.55,0.5,1.0,0.0,True,False,0.40133253770717014,0.0,0.6013325377071701,0.6013325377071701,True
rule_029,0.6,0.56,0.55,0.5,3.0,0.5,True,False,0.41911839112680827,0.0,0.6191183911268083,0.6191183911268083,True
rule_029,0.6,0.56,0.55,0.5,5.5,1.0,True,False,0.4046676115607464,0.0,0.6046676115607463,0.6046676115607463,True
rule_029,0.6,0.56,0.55,1.0,2.0,0.0,True,False,0.40102064390980663,0.0,0.6010206439098067,0.6010206439098067,True
rule_029,0.6,0.56,0.55,1.0,3.0,0.0,True,False,0.4193445790455904,0.0,0.6193445790455905,0.6193445790455905,True
rule_029,0.6,0.56,0.55,1.0,4.0,0.5,True,False,0.4000394042980864,0.0,0.6000394042980863,0.6000394042980863,True
rule_029,0.6,0.56,0.55,2.0,1.0,-1.0,True,False,0.40935423372507374,0.0,0.6093542337250737,0.6093542337250737,True
rule_029,0.6,0.56,0.55,2.0,3.0,-0.5,True,False,0.4065933543319622,0.0,0.6065933543319622,0.6065933543319622,True
rule_029,0.6,0.56,0.55,2.0,7.0,0.5,True,False,0.4064331264975083,0.0,0.6064331264975082,0.6064331264975082,True
rule_030,0.6,0.56,0.6,0.5,1.0,0.0,True,False,0.40133253770717014,0.0,0.6013325377071701,0.6013325377071701,True
rule_030,0.6,0.56,0.6,0.5,3.0,0.5,True,False,0.41911839112680827,0.0,0.6191183911268083,0.6191183911268083,True
rule_030,0.6,0.56,0.6,0.5,5.5,1.0,True,False,0.4046676115607464,0.0,0.6046676115607463,0.6046676115607463,True
rule_030,0.6,0.56,0.6,1.0,2.0,0.0,True,False,0.40102064390980663,0.0,0.6010206439098067,0.6010206439098067,True
rule_030,0.6,0.56,0.6,1.0,3.0,0.0,True,False,0.4193445790455904,0.0,0.6193445790455905,0.6193445790455905,True
rule_030,0.6,0.56,0.6,1.0,4.0,0.5,True,False,0.4000394042980864,0.0,0.6000394042980863,0.6000394042980863,True
rule_030,0.6,0.56,0.6,2.0,1.0,-1.0,True,False,0.40935423372507374,0.0,0.6093542337250737,0.6093542337250737,True
rule_030,0.6,0.56,0.6,2.0,3.0,-0.5,True,False,0.4065933543319622,0.0,0.6065933543319622,0.6065933543319622,True
rule_030,0.6,0.56,0.6,2.0,7.0,0.5,True,False,0.4064331264975083,0.0,0.6064331264975082,0.6064331264975082,True
rule_046,0.64,0.48,0.5,0.5,2.0,0.0,False,True,0.4292245442445848,0.0,0.6292245442445847,0.6292245442445847,True
rule_046,0.64,0.48,0.5,0.5,4.0,0.5,False,True,0.4316439368127647,0.0,0.6316439368127647,0.6316439368127647,True
rule_046,0.64,0.48,0.5,1.0,1.0,-0.5,False,True,0.4269665333918632,0.0,0.6269665333918633,0.6269665333918633,True
rule_046,0.64,0.48,0.5,1.0,5.5,0.5,False,True,0.42962979559610714,0.0,0.6296297955961072,0.6296297955961072,True
rule_046,0.64,0.48,0.5,2.0,2.0,-1.0,False,True,0.42140458217045496,0.0,0.621404582170455,0.621404582170455,True
rule_046,0.64,0.48,0.5,2.0,3.0,-1.0,False,True,0.4388546172195582,0.0,0.6388546172195582,0.6388546172195582,True
rule_046,0.64,0.48,0.5,2.0,4.0,-0.5,False,True,0.43028966491684406,0.0,0.6302896649168441,0.6302896649168441,True
rule_046,0.64,0.48,0.5,2.0,5.5,0.0,False,True,0.4326031161187692,0.0,0.6326031161187693,0.6326031161187693,True
rule_047,0.64,0.48,0.55,0.5,2.0,0.0,False,True,0.4292245442445848,0.0,0.6292245442445847,0.6292245442445847,True
rule_047,0.64,0.48,0.55,0.5,4.0,0.5,False,True,0.4316439368127647,0.0,0.6316439368127647,0.6316439368127647,True
rule_047,0.64,0.48,0.55,1.0,1.0,-0.5,False,True,0.4269665333918632,0.0,0.6269665333918633,0.6269665333918633,True
rule_047,0.64,0.48,0.55,1.0,5.5,0.5,False,True,0.42962979559610714,0.0,0.6296297955961072,0.6296297955961072,True
rule_047,0.64,0.48,0.55,2.0,2.0,-1.0,False,True,0.42140458217045496,0.0,0.621404582170455,0.621404582170455,True
rule_047,0.64,0.48,0.55,2.0,3.0,-1.0,False,True,0.4388546172195582,0.0,0.6388546172195582,0.6388546172195582,True
rule_047,0.64,0.48,0.55,2.0,4.0,-0.5,False,True,0.43028966491684406,0.0,0.6302896649168441,0.6302896649168441,True
rule_047,0.64,0.48,0.55,2.0,5.5,0.0,False,True,0.4326031161187692,0.0,0.6326031161187693,0.6326031161187693,True
rule_048,0.64,0.48,0.6,0.5,2.0,0.0,False,True,0.4292245442445848,0.0,0.6292245442445847,0.6292245442445847,True
rule_048,0.64,0.48,0.6,0.5,4.0,0.5,False,True,0.4316439368127647,0.0,0.6316439368127647,0.6316439368127647,True
rule_048,0.64,0.48,0.6,1.0,1.0,-0.5,False,True,0.4269665333918632,0.0,0.6269665333918633,0.6269665333918633,True
rule_048,0.64,0.48,0.6,1.0,5.5,0.5,False,True,0.42962979559610714,0.0,0.6296297955961072,0.6296297955961072,True
rule_048,0.64,0.48,0.6,2.0,2.0,-1.0,False,True,0.42140458217045496,0.0,0.621404582170455,0.621404582170455,True
rule_048,0.64,0.48,0.6,2.0,3.0,-1.0,False,True,0.4388546172195582,0.0,0.6388546172195582,0.6388546172195582,True
rule_048,0.64,0.48,0.6,2.0,4.0,-0.5,False,True,0.43028966491684406,0.0,0.6302896649168441,0.6302896649168441,True
rule_048,0.64,0.48,0.6,2.0,5.5,0.0,False,True,0.4326031161187692,0.0,0.6326031161187693,0.6326031161187693,True
rule_049,0.64,0.5,0.5,0.5,2.0,0.0,False,True,0.4292245442445848,0.0,0.6292245442445847,0.6292245442445847,True
rule_049,0.64,0.5,0.5,0.5,4.0,0.5,False,True,0.4316439368127647,0.0,0.6316439368127647,0.6316439368127647,True
rule_049,0.64,0.5,0.5,1.0,1.0,-0.5,False,True,0.4269665333918632,0.0,0.6269665333918633,0.6269665333918633,True
rule_049,0.64,0.5,0.5,1.0,5.5,0.5,False,True,0.42962979559610714,0.0,0.6296297955961072,0.6296297955961072,True
rule_049,0.64,0.5,0.5,2.0,2.0,-1.0,False,True,0.42140458217045496,0.0,0.621404582170455,0.621404582170455,True
rule_049,0.64,0.5,0.5,2.0,3.0,-1.0,False,True,0.4388546172195582,0.0,0.6388546172195582,0.6388546172195582,True
rule_049,0.64,0.5,0.5,2.0,4.0,-0.5,False,True,0.43028966491684406,0.0,0.6302896649168441,0.6302896649168441,True
rule_049,0.64,0.5,0.5,2.0,5.5,0.0,False,True,0.4326031161187692,0.0,0.6326031161187693,0.6326031161187693,True
rule_050,0.64,0.5,0.55,0.5,2.0,0.0,False,True,0.4292245442445848,0.0,0.6292245442445847,0.6292245442445847,True
rule_050,0.64,0.5,0.55,0.5,4.0,0.5,False,True,0.4316439368127647,0.0,0.6316439368127647,0.6316439368127647,True
rule_050,0.64,0.5,0.55,1.0,1.0,-0.5,False,True,0.4269665333918632,0.0,0.6269665333918633,0.6269665333918633,True
rule_050,0.64,0.5,0.55,1.0,5.5,0.5,False,True,0.42962979559610714,0.0,0.6296297955961072,0.6296297955961072,True
rule_050,0.64,0.5,0.55,2.0,2.0,-1.0,False,True,0.42140458217045496,0.0,0.621404582170455,0.621404582170455,True
rule_050,0.64,0.5,0.55,2.0,3.0,-1.0,False,True,0.4388546172195582,0.0,0.6388546172195582,0.6388546172195582,True
rule_050,0.64,0.5,0.55,2.0,4.0,-0.5,False,True,0.43028966491684406,0.0,0.6302896649168441,0.6302896649168441,True
rule_050,0.64,0.5,0.55,2.0,5.5,0.0,False,True,0.4326031161187692,0.0,0.6326031161187693,0.6326031161187693,True
rule_051,0.64,0.5,0.6,0.5,2.0,0.0,False,True,0.4292245442445848,0.0,0.6292245442445847,0.6292245442445847,True
rule_051,0.64,0.5,0.6,0.5,4.0,0.5,False,True,0.4316439368127647,0.0,0.6316439368127647,0.6316439368127647,True
rule_051,0.64,0.5,0.6,1.0,1.0,-0.5,False,True,0.4269665333918632,0.0,0.6269665333918633,0.6269665333918633,True
rule_051,0.64,0.5,0.6,1.0,5.5,0.5,False,True,0.42962979559610714,0.0,0.6296297955961072,0.6296297955961072,True
rule_051,0.64,0.5,0.6,2.0,2.0,-1.0,False,True,0.42140458217045496,0.0,0.621404582170455,0.621404582170455,True
rule_051,0.64,0.5,0.6,2.0,3.0,-1.0,False,True,0.4388546172195582,0.0,0.6388546172195582,0.6388546172195582,True
rule_051,0.64,0.5,0.6,2.0,4.0,-0.5,False,True,0.43028966491684406,0.0,0.6302896649168441,0.6302896649168441,True
rule_051,0.64,0.5,0.6,2.0,5.5,0.0,False,True,0.4326031161187692,0.0,0.6326031161187693,0.6326031161187693,True
rule_052,0.64,0.52,0.5,0.5,2.0,0.0,False,True,0.4292245442445848,0.0,0.6292245442445847,0.6292245442445847,True
rule_052,0.64,0.52,0.5,0.5,4.0,0.5,False,True,0.4316439368127647,0.0,0.6316439368127647,0.6316439368127647,True
rule_052,0.64,0.52,0.5,1.0,1.0,-0.5,False,True,0.4269665333918632,0.0,0.6269665333918633,0.6269665333918633,True
rule_052,0.64,0.52,0.5,1.0,5.5,0.5,False,True,0.42962979559610714,0.0,0.6296297955961072,0.6296297955961072,True
rule_052,0.64,0.52,0.5,2.0,2.0,-1.0,False,True,0.42140458217045496,0.0,0.621404582170455,0.621404582170455,True
rule_052,0.64,0.52,0.5,2.0,3.0,-1.0,False,True,0.4388546172195582,0.0,0.6388546172195582,0.6388546172195582,True
rule_052,0.64,0.52,0.5,2.0,4.0,-0.5,False,True,0.43028966491684406,0.0,0.6302896649168441,0.6302896649168441,True
rule_052,0.64,0.52,0.5,2.0,5.5,0.0,False,True,0.4326031161187692,0.0,0.6326031161187693,0.6326031161187693,True
rule_053,0.64,0.52,0.55,0.5,2.0,0.0,False,True,0.4292245442445848,0.0,0.6292245442445847,0.6292245442445847,True
rule_053,0.64,0.52,0.55,0.5,4.0,0.5,False,True,0.4316439368127647,0.0,0.6316439368127647,0.6316439368127647,True
rule_053,0.64,0.52,0.55,1.0,1.0,-0.5,False,True,0.4269665333918632,0.0,0.6269665333918633,0.6269665333918633,True
rule_053,0.64,0.52,0.55,1.0,5.5,0.5,False,True,0.42962979559610714,0.0,0.6296297955961072,0.6296297955961072,True
rule_053,0.64,0.52,0.55,2.0,2.0,-1.0,False,True,0.42140458217045496,0.0,0.621404582170455,0.621404582170455,True
rule_053,0.64,0.52,0.55,2.0,3.0,-1.0,False,True,0.4388546172195582,0.0,0.6388546172195582,0.6388546172195582,True
rule_053,0.64,0.52,0.55,2.0,4.0,-0.5,False,True,0.43028966491684406,0.0,0.6302896649168441,0.6302896649168441,True
rule_053,0.64,0.52,0.55,2.0,5.5,0.0,False,True,0.4326031161187692,0.0,0.6326031161187693,0.6326031161187693,True
rule_054,0.64,0.52,0.6,0.5,2.0,0.0,False,True,0.4292245442445848,0.0,0.6292245442445847,0.6292245442445847,True
rule_054,0.64,0.52,0.6,0.5,4.0,0.5,False,True,0.4316439368127647,0.0,0.6316439368127647,0.6316439368127647,True
rule_054,0.64,0.52,0.6,1.0,1.0,-0.5,False,True,0.4269665333918632,0.0,0.6269665333918633,0.6269665333918633,True
rule_054,0.64,0.52,0.6,1.0,5.5,0.5,False,True,0.42962979559610714,0.0,0.6296297955961072,0.6296297955961072,True
rule_054,0.64,0.52,0.6,2.0,2.0,-1.0,False,True,0.42140458217045496,0.0,0.621404582170455,0.621404582170455,True
rule_054,0.64,0.52,0.6,2.0,3.0,-1.0,False,True,0.4388546172195582,0.0,0.6388546172195582,0.6388546172195582,True
rule_054,0.64,0.52,0.6,2.0,4.0,-0.5,False,True,0.43028966491684406,0.0,0.6302896649168441,0.6302896649168441,True
rule_054,0.64,0.52,0.6,2.0,5.5,0.0,False,True,0.4326031161187692,0.0,0.6326031161187693,0.6326031161187693,True
rule_055,0.64,0.54,0.5,0.5,2.0,0.0,False,True,0.4292245442445848,0.0,0.6292245442445847,0.6292245442445847,True
rule_055,0.64,0.54,0.5,0.5,4.0,0.5,False,True,0.4316439368127647,0.0,0.6316439368127647,0.6316439368127647,True
rule_055,0.64,0.54,0.5,1.0,1.0,-0.5,False,True,0.4269665333918632,0.0,0.6269665333918633,0.6269665333918633,True
rule_055,0.64,0.54,0.5,1.0,5.5,0.5,False,True,0.42962979559610714,0.0,0.6296297955961072,0.6296297955961072,True
rule_055,0.64,0.54,0.5,2.0,2.0,-1.0,False,True,0.42140458217045496,0.0,0.621404582170455,0.621404582170455,True
rule_055,0.64,0.54,0.5,2.0,3.0,-1.0,False,True,0.4388546172195582,0.0,0.6388546172195582,0.6388546172195582,True
rule_055,0.64,0.54,0.5,2.0,4.0,-0.5,False,True,0.43028966491684406,0.0,0.6302896649168441,0.6302896649168441,True
rule_055,0.64,0.54,0.5,2.0,5.5,0.0,False,True,0.4326031161187692,0.0,0.6326031161187693,0.6326031161187693,True
rule_056,0.64,0.54,0.55,0.5,2.0,0.0,False,True,0.4292245442445848,0.0,0.6292245442445847,0.6292245442445847,True
rule_056,0.64,0.54,0.55,0.5,4.0,0.5,False,True,0.4316439368127647,0.0,0.6316439368127647,0.6316439368127647,True
rule_056,0.64,0.54,0.55,1.0,1.0,-0.5,False,True,0.4269665333918632,0.0,0.6269665333918633,0.6269665333918633,True
rule_056,0.64,0.54,0.55,1.0,5.5,0.5,False,True,0.42962979559610714,0.0,0.6296297955961072,0.6296297955961072,True
rule_056,0.64,0.54,0.55,2.0,2.0,-1.0,False,True,0.42140458217045496,0.0,0.621404582170455,0.621404582170455,True
rule_056,0.64,0.54,0.55,2.0,3.0,-1.0,False,True,0.4388546172195582,0.0,0.6388546172195582,0.6388546172195582,True
rule_056,0.64,0.54,0.55,2.0,4.0,-0.5,False,True,0.43028966491684406,0.0,0.6302896649168441,0.6302896649168441,True
rule_056,0.64,0.54,0.55,2.0,5.5,0.0,False,True,0.4326031161187692,0.0,0.6326031161187693,0.6326031161187693,True
rule_057,0.64,0.54,0.6,0.5,2.0,0.0,False,True,0.4292245442445848,0.0,0.6292245442445847,0.6292245442445847,True
rule_057,0.64,0.54,0.6,0.5,4.0,0.5,False,True,0.4316439368127647,0.0,0.6316439368127647,0.6316439368127647,True
rule_057,0.64,0.54,0.6,1.0,1.0,-0.5,False,True,0.4269665333918632,0.0,0.6269665333918633,0.6269665333918633,True
rule_057,0.64,0.54,0.6,1.0,5.5,0.5,False,True,0.42962979559610714,0.0,0.6296297955961072,0.6296297955961072,True
rule_057,0.64,0.54,0.6,2.0,2.0,-1.0,False,True,0.42140458217045496,0.0,0.621404582170455,0.621404582170455,True
rule_057,0.64,0.54,0.6,2.0,3.0,-1.0,False,True,0.4388546172195582,0.0,0.6388546172195582,0.6388546172195582,True
rule_057,0.64,0.54,0.6,2.0,4.0,-0.5,False,True,0.43028966491684406,0.0,0.6302896649168441,0.6302896649168441,True
rule_057,0.64,0.54,0.6,2.0,5.5,0.0,False,True,0.4326031161187692,0.0,0.6326031161187693,0.6326031161187693,True
rule_058,0.64,0.56,0.5,0.5,2.0,0.0,False,True,0.4292245442445848,0.0,0.6292245442445847,0.6292245442445847,True
rule_058,0.64,0.56,0.5,0.5,4.0,0.5,False,True,0.4316439368127647,0.0,0.6316439368127647,0.6316439368127647,True
rule_058,0.64,0.56,0.5,1.0,1.0,-0.5,False,True,0.4269665333918632,0.0,0.6269665333918633,0.6269665333918633,True
rule_058,0.64,0.56,0.5,1.0,5.5,0.5,False,True,0.42962979559610714,0.0,0.6296297955961072,0.6296297955961072,True
rule_058,0.64,0.56,0.5,2.0,2.0,-1.0,False,True,0.42140458217045496,0.0,0.621404582170455,0.621404582170455,True
rule_058,0.64,0.56,0.5,2.0,3.0,-1.0,False,True,0.4388546172195582,0.0,0.6388546172195582,0.6388546172195582,True
rule_058,0.64,0.56,0.5,2.0,4.0,-0.5,False,True,0.43028966491684406,0.0,0.6302896649168441,0.6302896649168441,True
rule_058,0.64,0.56,0.5,2.0,5.5,0.0,False,True,0.4326031161187692,0.0,0.6326031161187693,0.6326031161187693,True
rule_059,0.64,0.56,0.55,0.5,2.0,0.0,False,True,0.4292245442445848,0.0,0.6292245442445847,0.6292245442445847,True
rule_059,0.64,0.56,0.55,0.5,4.0,0.5,False,True,0.4316439368127647,0.0,0.6316439368127647,0.6316439368127647,True
rule_059,0.64,0.56,0.55,1.0,1.0,-0.5,False,True,0.4269665333918632,0.0,0.6269665333918633,0.6269665333918633,True
rule_059,0.64,0.56,0.55,1.0,5.5,0.5,False,True,0.42962979559610714,0.0,0.6296297955961072,0.6296297955961072,True
rule_059,0.64,0.56,0.55,2.0,2.0,-1.0,False,True,0.42140458217045496,0.0,0.621404582170455,0.621404582170455,True
rule_059,0.64,0.56,0.55,2.0,3.0,-1.0,False,True,0.4388546172195582,0.0,0.6388546172195582,0.6388546172195582,True
rule_059,0.64,0.56,0.55,2.0,4.0,-0.5,False,True,0.43028966491684406,0.0,0.6302896649168441,0.6302896649168441,True
rule_059,0.64,0.56,0.55,2.0,5.5,0.0,False,True,0.4326031161187692,0.0,0.6326031161187693,0.6326031161187693,True
rule_060,0.64,0.56,0.6,0.5,2.0,0.0,False,True,0.4292245442445848,0.0,0.6292245442445847,0.6292245442445847,True
rule_060,0.64,0.56,0.6,0.5,4.0,0.5,False,True,0.4316439368127647,0.0,0.6316439368127647,0.6316439368127647,True
rule_060,0.64,0.56,0.6,1.0,1.0,-0.5,False,True,0.4269665333918632,0.0,0.6269665333918633,0.6269665333918633,True
rule_060,0.64,0.56,0.6,1.0,5.5,0.5,False,True,0.42962979559610714,0.0,0.6296297955961072,0.6296297955961072,True
rule_060,0.64,0.56,0.6,2.0,2.0,-1.0,False,True,0.42140458217045496,0.0,0.621404582170455,0.621404582170455,True
rule_060,0.64,0.56,0.6,2.0,3.0,-1.0,False,True,0.4388546172195582,0.0,0.6388546172195582,0.6388546172195582,True
rule_060,0.64,0.56,0.6,2.0,4.0,-0.5,False,True,0.43028966491684406,0.0,0.6302896649168441,0.6302896649168441,True
rule_060,0.64,0.56,0.6,2.0,5.5,0.0,False,True,0.4326031161187692,0.0,0.6326031161187693,0.6326031161187693,True
rule_061,0.66,0.48,0.5,0.2,1.0,0.5,False,True,0.44197485950629345,0.0,0.6419748595062935,0.6419748595062935,True
rule_061,0.66,0.48,0.5,0.5,1.0,-0.5,False,True,0.45187702870005386,0.0,0.6518770287000539,0.6518770287000539,True
rule_061,0.66,0.48,0.5,0.5,2.0,0.0,False,True,0.4292245442445848,0.0,0.6292245442445847,0.6292245442445847,True
rule_061,0.66,0.48,0.5,0.5,4.0,0.5,False,True,0.4316439368127647,0.0,0.6316439368127647,0.6316439368127647,True
rule_061,0.66,0.48,0.5,0.5,7.0,1.0,False,True,0.44764688539944486,0.0,0.6476468853994448,0.6476468853994448,True
rule_061,0.66,0.48,0.5,1.0,1.0,-0.5,False,True,0.4269665333918632,0.0,0.6269665333918633,0.6269665333918633,True
rule_061,0.66,0.48,0.5,1.0,2.0,-0.5,False,True,0.451859422564317,0.0,0.6518594225643171,0.6518594225643171,True
rule_061,0.66,0.48,0.5,1.0,5.5,0.5,False,True,0.42962979559610714,0.0,0.6296297955961072,0.6296297955961072,True
rule_061,0.66,0.48,0.5,2.0,2.0,-1.0,False,True,0.42140458217045496,0.0,0.621404582170455,0.621404582170455,True
rule_061,0.66,0.48,0.5,2.0,3.0,-1.0,False,True,0.4388546172195582,0.0,0.6388546172195582,0.6388546172195582,True
rule_061,0.66,0.48,0.5,2.0,4.0,-0.5,False,True,0.43028966491684406,0.0,0.6302896649168441,0.6302896649168441,True
rule_061,0.66,0.48,0.5,2.0,5.5,0.0,False,True,0.4326031161187692,0.0,0.6326031161187693,0.6326031161187693,True
rule_062,0.66,0.48,0.55,0.2,1.0,0.5,False,True,0.44197485950629345,0.0,0.6419748595062935,0.6419748595062935,True
rule_062,0.66,0.48,0.55,0.5,1.0,-0.5,False,True,0.45187702870005386,0.0,0.6518770287000539,0.6518770287000539,True
rule_062,0.66,0.48,0.55,0.5,2.0,0.0,False,True,0.4292245442445848,0.0,0.6292245442445847,0.6292245442445847,True
rule_062,0.66,0.48,0.55,0.5,4.0,0.5,False,True,0.4316439368127647,0.0,0.6316439368127647,0.6316439368127647,True
rule_062,0.66,0.48,0.55,0.5,7.0,1.0,False,True,0.44764688539944486,0.0,0.6476468853994448,0.6476468853994448,True
rule_062,0.66,0.48,0.55,1.0,1.0,-0.5,False,True,0.4269665333918632,0.0,0.6269665333918633,0.6269665333918633,True
rule_062,0.66,0.48,0.55,1.0,2.0,-0.5,False,True,0.451859422564317,0.0,0.6518594225643171,0.6518594225643171,True
rule_062,0.66,0.48,0.55,1.0,5.5,0.5,False,True,0.42962979559610714,0.0,0.6296297955961072,0.6296297955961072,True
rule_062,0.66,0.48,0.55,2.0,2.0,-1.0,False,True,0.42140458217045496,0.0,0.621404582170455,0.621404582170455,True
rule_062,0.66,0.48,0.55,2.0,3.0,-1.0,False,True,0.4388546172195582,0.0,0.6388546172195582,0.6388546172195582,True
rule_062,0.66,0.48,0.55,2.0,4.0,-0.5,False,True,0.43028966491684406,0.0,0.6302896649168441,0.6302896649168441,True
rule_062,0.66,0.48,0.55,2.0,5.5,0.0,False,True,0.4326031161187692,0.0,0.6326031161187693,0.6326031161187693,True
rule_063,0.66,0.48,0.6,0.2,1.0,0.5,False,True,0.44197485950629345,0.0,0.6419748595062935,0.6419748595062935,True
rule_063,0.66,0.48,0.6,0.5,1.0,-0.5,False,True,0.45187702870005386,0.0,0.6518770287000539,0.6518770287000539,True
rule_063,0.66,0.48,0.6,0.5,2.0,0.0,False,True,0.4292245442445848,0.0,0.6292245442445847,0.6292245442445847,True
rule_063,0.66,0.48,0.6,0.5,4.0,0.5,False,True,0.4316439368127647,0.0,0.6316439368127647,0.6316439368127647,True
rule_063,0.66,0.48,0.6,0.5,7.0,1.0,False,True,0.44764688539944486,0.0,0.6476468853994448,0.6476468853994448,True
rule_063,0.66,0.48,0.6,1.0,1.0,-0.5,False,True,0.4269665333918632,0.0,0.6269665333918633,0.6269665333918633,True
rule_063,0.66,0.48,0.6,1.0,2.0,-0.5,False,True,0.451859422564317,0.0,0.6518594225643171,0.6518594225643171,True
rule_063,0.66,0.48,0.6,1.0,5.5,0.5,False,True,0.42962979559610714,0.0,0.6296297955961072,0.6296297955961072,True
rule_063,0.66,0.48,0.6,2.0,2.0,-1.0,False,True,0.42140458217045496,0.0,0.621404582170455,0.621404582170455,True
rule_063,0.66,0.48,0.6,2.0,3.0,-1.0,False,True,0.4388546172195582,0.0,0.6388546172195582,0.6388546172195582,True
rule_063,0.66,0.48,0.6,2.0,4.0,-0.5,False,True,0.43028966491684406,0.0,0.6302896649168441,0.6302896649168441,True
rule_063,0.66,0.48,0.6,2.0,5.5,0.0,False,True,0.4326031161187692,0.0,0.6326031161187693,0.6326031161187693,True
rule_064,0.66,0.5,0.5,0.2,1.0,0.5,False,True,0.44197485950629345,0.0,0.6419748595062935,0.6419748595062935,True
rule_064,0.66,0.5,0.5,0.5,1.0,-0.5,False,True,0.45187702870005386,0.0,0.6518770287000539,0.6518770287000539,True
rule_064,0.66,0.5,0.5,0.5,2.0,0.0,False,True,0.4292245442445848,0.0,0.6292245442445847,0.6292245442445847,True
rule_064,0.66,0.5,0.5,0.5,4.0,0.5,False,True,0.4316439368127647,0.0,0.6316439368127647,0.6316439368127647,True
rule_064,0.66,0.5,0.5,0.5,7.0,1.0,False,True,0.44764688539944486,0.0,0.6476468853994448,0.6476468853994448,True
rule_064,0.66,0.5,0.5,1.0,1.0,-0.5,False,True,0.4269665333918632,0.0,0.6269665333918633,0.6269665333918633,True
rule_064,0.66,0.5,0.5,1.0,2.0,-0.5,False,True,0.451859422564317,0.0,0.6518594225643171,0.6518594225643171,True
rule_064,0.66,0.5,0.5,1.0,5.5,0.5,False,True,0.42962979559610714,0.0,0.6296297955961072,0.6296297955961072,True
rule_064,0.66,0.5,0.5,2.0,2.0,-1.0,False,True,0.42140458217045496,0.0,0.621404582170455,0.621404582170455,True
rule_064,0.66,0.5,0.5,2.0,3.0,-1.0,False,True,0.4388546172195582,0.0,0.6388546172195582,0.6388546172195582,True
rule_064,0.66,0.5,0.5,2.0,4.0,-0.5,False,True,0.43028966491684406,0.0,0.6302896649168441,0.6302896649168441,True
rule_064,0.66,0.5,0.5,2.0,5.5,0.0,False,True,0.4326031161187692,0.0,0.6326031161187693,0.6326031161187693,True
rule_065,0.66,0.5,0.55,0.2,1.0,0.5,False,True,0.44197485950629345,0.0,0.6419748595062935,0.6419748595062935,True
rule_065,0.66,0.5,0.55,0.5,1.0,-0.5,False,True,0.45187702870005386,0.0,0.6518770287000539,0.6518770287000539,True
rule_065,0.66,0.5,0.55,0.5,2.0,0.0,False,True,0.4292245442445848,0.0,0.6292245442445847,0.6292245442445847,True
rule_065,0.66,0.5,0.55,0.5,4.0,0.5,False,True,0.4316439368127647,0.0,0.6316439368127647,0.6316439368127647,True
rule_065,0.66,0.5,0.55,0.5,7.0,1.0,False,True,0.44764688539944486,0.0,0.6476468853994448,0.6476468853994448,True
rule_065,0.66,0.5,0.55,1.0,1.0,-0.5,False,True,0.4269665333918632,0.0,0.6269665333918633,0.6269665333918633,True
rule_065,0.66,0.5,0.55,1.0,2.0,-0.5,False,True,0.451859422564317,0.0,0.6518594225643171,0.6518594225643171,True
rule_065,0.66,0.5,0.55,1.0,5.5,0.5,False,True,0.42962979559610714,0.0,0.6296297955961072,0.6296297955961072,True
rule_065,0.66,0.5,0.55,2.0,2.0,-1.0,False,True,0.42140458217045496,0.0,0.621404582170455,0.621404582170455,True
rule_065,0.66,0.5,0.55,2.0,3.0,-1.0,False,True,0.4388546172195582,0.0,0.6388546172195582,0.6388546172195582,True
rule_065,0.66,0.5,0.55,2.0,4.0,-0.5,False,True,0.43028966491684406,0.0,0.6302896649168441,0.6302896649168441,True
rule_065,0.66,0.5,0.55,2.0,5.5,0.0,False,True,0.4326031161187692,0.0,0.6326031161187693,0.6326031161187693,True
rule_066,0.66,0.5,0.6,0.2,1.0,0.5,False,True,0.44197485950629345,0.0,0.6419748595062935,0.6419748595062935,True
rule_066,0.66,0.5,0.6,0.5,1.0,-0.5,False,True,0.45187702870005386,0.0,0.6518770287000539,0.6518770287000539,True
rule_066,0.66,0.5,0.6,0.5,2.0,0.0,False,True,0.4292245442445848,0.0,0.6292245442445847,0.6292245442445847,True
rule_066,0.66,0.5,0.6,0.5,4.0,0.5,False,True,0.4316439368127647,0.0,0.6316439368127647,0.6316439368127647,True
rule_066,0.66,0.5,0.6,0.5,7.0,1.0,False,True,0.44764688539944486,0.0,0.6476468853994448,0.6476468853994448,True
rule_066,0.66,0.5,0.6,1.0,1.0,-0.5,False,True,0.4269665333918632,0.0,0.6269665333918633,0.6269665333918633,True
rule_066,0.66,0.5,0.6,1.0,2.0,-0.5,False,True,0.451859422564317,0.0,0.6518594225643171,0.6518594225643171,True
rule_066,0.66,0.5,0.6,1.0,5.5,0.5,False,True,0.42962979559610714,0.0,0.6296297955961072,0.6296297955961072,True
rule_066,0.66,0.5,0.6,2.0,2.0,-1.0,False,True,0.42140458217045496,0.0,0.621404582170455,0.621404582170455,True
rule_066,0.66,0.5,0.6,2.0,3.0,-1.0,False,True,0.4388546172195582,0.0,0.6388546172195582,0.6388546172195582,True
rule_066,0.66,0.5,0.6,2.0,4.0,-0.5,False,True,0.43028966491684406,0.0,0.6302896649168441,0.6302896649168441,True
rule_066,0.66,0.5,0.6,2.0,5.5,0.0,False,True,0.4326031161187692,0.0,0.6326031161187693,0.6326031161187693,True
rule_067,0.66,0.52,0.5,0.2,1.0,0.5,False,True,0.44197485950629345,0.0,0.6419748595062935,0.6419748595062935,True
rule_067,0.66,0.52,0.5,0.5,1.0,-0.5,False,True,0.45187702870005386,0.0,0.6518770287000539,0.6518770287000539,True
rule_067,0.66,0.52,0.5,0.5,2.0,0.0,False,True,0.4292245442445848,0.0,0.6292245442445847,0.6292245442445847,True
rule_067,0.66,0.52,0.5,0.5,4.0,0.5,False,True,0.4316439368127647,0.0,0.6316439368127647,0.6316439368127647,True
rule_067,0.66,0.52,0.5,0.5,7.0,1.0,False,True,0.44764688539944486,0.0,0.6476468853994448,0.6476468853994448,True
rule_067,0.66,0.52,0.5,1.0,1.0,-0.5,False,True,0.4269665333918632,0.0,0.6269665333918633,0.6269665333918633,True
rule_067,0.66,0.52,0.5,1.0,2.0,-0.5,False,True,0.451859422564317,0.0,0.6518594225643171,0.6518594225643171,True
rule_067,0.66,0.52,0.5,1.0,5.5,0.5,False,True,0.42962979559610714,0.0,0.6296297955961072,0.6296297955961072,True
rule_067,0.66,0.52,0.5,2.0,2.0,-1.0,False,True,0.42140458217045496,0.0,0.621404582170455,0.621404582170455,True
rule_067,0.66,0.52,0.5,2.0,3.0,-1.0,False,True,0.4388546172195582,0.0,0.6388546172195582,0.6388546172195582,True
rule_067,0.66,0.52,0.5,2.0,4.0,-0.5,False,True,0.43028966491684406,0.0,0.6302896649168441,0.6302896649168441,True
rule_067,0.66,0.52,0.5,2.0,5.5,0.0,False,True,0.4326031161187692,0.0,0.6326031161187693,0.6326031161187693,True
rule_068,0.66,0.52,0.55,0.2,1.0,0.5,False,True,0.44197485950629345,0.0,0.6419748595062935,0.6419748595062935,True
rule_068,0.66,0.52,0.55,0.5,1.0,-0.5,False,True,0.45187702870005386,0.0,0.6518770287000539,0.6518770287000539,True
rule_068,0.66,0.52,0.55,0.5,2.0,0.0,False,True,0.4292245442445848,0.0,0.6292245442445847,0.6292245442445847,True
rule_068,0.66,0.52,0.55,0.5,4.0,0.5,False,True,0.4316439368127647,0.0,0.6316439368127647,0.6316439368127647,True
rule_068,0.66,0.52,0.55,0.5,7.0,1.0,False,True,0.44764688539944486,0.0,0.6476468853994448,0.6476468853994448,True
rule_068,0.66,0.52,0.55,1.0,1.0,-0.5,False,True,0.4269665333918632,0.0,0.6269665333918633,0.6269665333918633,True
rule_068,0.66,0.52,0.55,1.0,2.0,-0.5,False,True,0.451859422564317,0.0,0.6518594225643171,0.6518594225643171,True
rule_068,0.66,0.52,0.55,1.0,5.5,0.5,False,True,0.42962979559610714,0.0,0.6296297955961072,0.6296297955961072,True
rule_068,0.66,0.52,0.55,2.0,2.0,-1.0,False,True,0.42140458217045496,0.0,0.621404582170455,0.621404582170455,True
rule_068,0.66,0.52,0.55,2.0,3.0,-1.0,False,True,0.4388546172195582,0.0,0.6388546172195582,0.6388546172195582,True
rule_068,0.66,0.52,0.55,2.0,4.0,-0.5,False,True,0.43028966491684406,0.0,0.6302896649168441,0.6302896649168441,True
rule_068,0.66,0.52,0.55,2.0,5.5,0.0,False,True,0.4326031161187692,0.0,0.6326031161187693,0.6326031161187693,True
rule_069,0.66,0.52,0.6,0.2,1.0,0.5,False,True,0.44197485950629345,0.0,0.6419748595062935,0.6419748595062935,True
rule_069,0.66,0.52,0.6,0.5,1.0,-0.5,False,True,0.45187702870005386,0.0,0.6518770287000539,0.6518770287000539,True
rule_069,0.66,0.52,0.6,0.5,2.0,0.0,False,True,0.4292245442445848,0.0,0.6292245442445847,0.6292245442445847,True
rule_069,0.66,0.52,0.6,0.5,4.0,0.5,False,True,0.4316439368127647,0.0,0.6316439368127647,0.6316439368127647,True
rule_069,0.66,0.52,0.6,0.5,7.0,1.0,False,True,0.44764688539944486,0.0,0.6476468853994448,0.6476468853994448,True
rule_069,0.66,0.52,0.6,1.0,1.0,-0.5,False,True,0.4269665333918632,0.0,0.6269665333918633,0.6269665333918633,True
rule_069,0.66,0.52,0.6,1.0,2.0,-0.5,False,True,0.451859422564317,0.0,0.6518594225643171,0.6518594225643171,True
rule_069,0.66,0.52,0.6,1.0,5.5,0.5,False,True,0.42962979559610714,0.0,0.6296297955961072,0.6296297955961072,True
rule_069,0.66,0.52,0.6,2.0,2.0,-1.0,False,True,0.42140458217045496,0.0,0.621404582170455,0.621404582170455,True
rule_069,0.66,0.52,0.6,2.0,3.0,-1.0,False,True,0.4388546172195582,0.0,0.6388546172195582,0.6388546172195582,True
rule_069,0.66,0.52,0.6,2.0,4.0,-0.5,False,True,0.43028966491684406,0.0,0.6302896649168441,0.6302896649168441,True
rule_069,0.66,0.52,0.6,2.0,5.5,0.0,False,True,0.4326031161187692,0.0,0.6326031161187693,0.6326031161187693,True
rule_070,0.66,0.54,0.5,0.2,1.0,0.5,False,True,0.44197485950629345,0.0,0.6419748595062935,0.6419748595062935,True
rule_070,0.66,0.54,0.5,0.5,1.0,-0.5,False,True,0.45187702870005386,0.0,0.6518770287000539,0.6518770287000539,True
rule_070,0.66,0.54,0.5,0.5,2.0,0.0,False,True,0.4292245442445848,0.0,0.6292245442445847,0.6292245442445847,True
rule_070,0.66,0.54,0.5,0.5,4.0,0.5,False,True,0.4316439368127647,0.0,0.6316439368127647,0.6316439368127647,True
rule_070,0.66,0.54,0.5,0.5,7.0,1.0,False,True,0.44764688539944486,0.0,0.6476468853994448,0.6476468853994448,True
rule_070,0.66,0.54,0.5,1.0,1.0,-0.5,False,True,0.4269665333918632,0.0,0.6269665333918633,0.6269665333918633,True
rule_070,0.66,0.54,0.5,1.0,2.0,-0.5,False,True,0.451859422564317,0.0,0.6518594225643171,0.6518594225643171,True
rule_070,0.66,0.54,0.5,1.0,5.5,0.5,False,True,0.42962979559610714,0.0,0.6296297955961072,0.6296297955961072,True
rule_070,0.66,0.54,0.5,2.0,2.0,-1.0,False,True,0.42140458217045496,0.0,0.621404582170455,0.621404582170455,True
rule_070,0.66,0.54,0.5,2.0,3.0,-1.0,False,True,0.4388546172195582,0.0,0.6388546172195582,0.6388546172195582,True
rule_070,0.66,0.54,0.5,2.0,4.0,-0.5,False,True,0.43028966491684406,0.0,0.6302896649168441,0.6302896649168441,True
rule_070,0.66,0.54,0.5,2.0,5.5,0.0,False,True,0.4326031161187692,0.0,0.6326031161187693,0.6326031161187693,True
rule_071,0.66,0.54,0.55,0.2,1.0,0.5,False,True,0.44197485950629345,0.0,0.6419748595062935,0.6419748595062935,True
rule_071,0.66,0.54,0.55,0.5,1.0,-0.5,False,True,0.45187702870005386,0.0,0.6518770287000539,0.6518770287000539,True
rule_071,0.66,0.54,0.55,0.5,2.0,0.0,False,True,0.4292245442445848,0.0,0.6292245442445847,0.6292245442445847,True
rule_071,0.66,0.54,0.55,0.5,4.0,0.5,False,True,0.4316439368127647,0.0,0.6316439368127647,0.6316439368127647,True
rule_071,0.66,0.54,0.55,0.5,7.0,1.0,False,True,0.44764688539944486,0.0,0.6476468853994448,0.6476468853994448,True
rule_071,0.66,0.54,0.55,1.0,1.0,-0.5,False,True,0.4269665333918632,0.0,0.6269665333918633,0.6269665333918633,True
rule_071,0.66,0.54,0.55,1.0,2.0,-0.5,False,True,0.451859422564317,0.0,0.6518594225643171,0.6518594225643171,True
rule_071,0.66,0.54,0.55,1.0,5.5,0.5,False,True,0.42962979559610714,0.0,0.6296297955961072,0.6296297955961072,True
rule_071,0.66,0.54,0.55,2.0,2.0,-1.0,False,True,0.42140458217045496,0.0,0.621404582170455,0.621404582170455,True
rule_071,0.66,0.54,0.55,2.0,3.0,-1.0,False,True,0.4388546172195582,0.0,0.6388546172195582,0.6388546172195582,True
rule_071,0.66,0.54,0.55,2.0,4.0,-0.5,False,True,0.43028966491684406,0.0,0.6302896649168441,0.6302896649168441,True
rule_071,0.66,0.54,0.55,2.0,5.5,0.0,False,True,0.4326031161187692,0.0,0.6326031161187693,0.6326031161187693,True
rule_072,0.66,0.54,0.6,0.2,1.0,0.5,False,True,0.44197485950629345,0.0,0.6419748595062935,0.6419748595062935,True
rule_072,0.66,0.54,0.6,0.5,1.0,-0.5,False,True,0.45187702870005386,0.0,0.6518770287000539,0.6518770287000539,True
rule_072,0.66,0.54,0.6,0.5,2.0,0.0,False,True,0.4292245442445848,0.0,0.6292245442445847,0.6292245442445847,True
rule_072,0.66,0.54,0.6,0.5,4.0,0.5,False,True,0.4316439368127647,0.0,0.6316439368127647,0.6316439368127647,True
rule_072,0.66,0.54,0.6,0.5,7.0,1.0,False,True,0.44764688539944486,0.0,0.6476468853994448,0.6476468853994448,True
rule_072,0.66,0.54,0.6,1.0,1.0,-0.5,False,True,0.4269665333918632,0.0,0.6269665333918633,0.6269665333918633,True
rule_072,0.66,0.54,0.6,1.0,2.0,-0.5,False,True,0.451859422564317,0.0,0.6518594225643171,0.6518594225643171,True
rule_072,0.66,0.54,0.6,1.0,5.5,0.5,False,True,0.42962979559610714,0.0,0.6296297955961072,0.6296297955961072,True
rule_072,0.66,0.54,0.6,2.0,2.0,-1.0,False,True,0.42140458217045496,0.0,0.621404582170455,0.621404582170455,True
rule_072,0.66,0.54,0.6,2.0,3.0,-1.0,False,True,0.4388546172195582,0.0,0.6388546172195582,0.6388546172195582,True
rule_072,0.66,0.54,0.6,2.0,4.0,-0.5,False,True,0.43028966491684406,0.0,0.6302896649168441,0.6302896649168441,True
rule_072,0.66,0.54,0.6,2.0,5.5,0.0,False,True,0.4326031161187692,0.0,0.6326031161187693,0.6326031161187693,True
rule_073,0.66,0.56,0.5,0.2,1.0,0.5,False,True,0.44197485950629345,0.0,0.6419748595062935,0.6419748595062935,True
rule_073,0.66,0.56,0.5,0.5,1.0,-0.5,False,True,0.45187702870005386,0.0,0.6518770287000539,0.6518770287000539,True
rule_073,0.66,0.56,0.5,0.5,2.0,0.0,False,True,0.4292245442445848,0.0,0.6292245442445847,0.6292245442445847,True
rule_073,0.66,0.56,0.5,0.5,4.0,0.5,False,True,0.4316439368127647,0.0,0.6316439368127647,0.6316439368127647,True
rule_073,0.66,0.56,0.5,0.5,7.0,1.0,False,True,0.44764688539944486,0.0,0.6476468853994448,0.6476468853994448,True
rule_073,0.66,0.56,0.5,1.0,1.0,-0.5,False,True,0.4269665333918632,0.0,0.6269665333918633,0.6269665333918633,True
rule_073,0.66,0.56,0.5,1.0,2.0,-0.5,False,True,0.451859422564317,0.0,0.6518594225643171,0.6518594225643171,True
rule_073,0.66,0.56,0.5,1.0,5.5,0.5,False,True,0.42962979559610714,0.0,0.6296297955961072,0.6296297955961072,True
rule_073,0.66,0.56,0.5,2.0,2.0,-1.0,False,True,0.42140458217045496,0.0,0.621404582170455,0.621404582170455,True
rule_073,0.66,0.56,0.5,2.0,3.0,-1.0,False,True,0.4388546172195582,0.0,0.6388546172195582,0.6388546172195582,True
rule_073,0.66,0.56,0.5,2.0,4.0,-0.5,False,True,0.43028966491684406,0.0,0.6302896649168441,0.6302896649168441,True
rule_073,0.66,0.56,0.5,2.0,5.5,0.0,False,True,0.4326031161187692,0.0,0.6326031161187693,0.6326031161187693,True
rule_074,0.66,0.56,0.55,0.2,1.0,0.5,False,True,0.44197485950629345,0.0,0.6419748595062935,0.6419748595062935,True
rule_074,0.66,0.56,0.55,0.5,1.0,-0.5,False,True,0.45187702870005386,0.0,0.6518770287000539,0.6518770287000539,True
rule_074,0.66,0.56,0.55,0.5,2.0,0.0,False,True,0.4292245442445848,0.0,0.6292245442445847,0.6292245442445847,True
rule_074,0.66,0.56,0.55,0.5,4.0,0.5,False,True,0.4316439368127647,0.0,0.6316439368127647,0.6316439368127647,True
rule_074,0.66,0.56,0.55,0.5,7.0,1.0,False,True,0.44764688539944486,0.0,0.6476468853994448,0.6476468853994448,True
rule_074,0.66,0.56,0.55,1.0,1.0,-0.5,False,True,0.4269665333918632,0.0,0.6269665333918633,0.6269665333918633,True
rule_074,0.66,0.56,0.55,1.0,2.0,-0.5,False,True,0.451859422564317,0.0,0.6518594225643171,0.6518594225643171,True
rule_074,0.66,0.56,0.55,1.0,5.5,0.5,False,True,0.42962979559610714,0.0,0.6296297955961072,0.6296297955961072,True
rule_074,0.66,0.56,0.55,2.0,2.0,-1.0,False,True,0.42140458217045496,0.0,0.621404582170455,0.621404582170455,True
rule_074,0.66,0.56,0.55,2.0,3.0,-1.0,False,True,0.4388546172195582,0.0,0.6388546172195582,0.6388546172195582,True
rule_074,0.66,0.56,0.55,2.0,4.0,-0.5,False,True,0.43028966491684406,0.0,0.6302896649168441,0.6302896649168441,True
rule_074,0.66,0.56,0.55,2.0,5.5,0.0,False,True,0.4326031161187692,0.0,0.6326031161187693,0.6326031161187693,True
rule_075,0.66,0.56,0.6,0.2,1.0,0.5,False,True,0.44197485950629345,0.0,0.6419748595062935,0.6419748595062935,True
rule_075,0.66,0.56,0.6,0.5,1.0,-0.5,False,True,0.45187702870005386,0.0,0.6518770287000539,0.6518770287000539,True
rule_075,0.66,0.56,0.6,0.5,2.0,0.0,False,True,0.4292245442445848,0.0,0.6292245442445847,0.6292245442445847,True
rule_075,0.66,0.56,0.6,0.5,4.0,0.5,False,True,0.4316439368127647,0.0,0.6316439368127647,0.6316439368127647,True
rule_075,0.66,0.56,0.6,0.5,7.0,1.0,False,True,0.44764688539944486,0.0,0.6476468853994448,0.6476468853994448,True
rule_075,0.66,0.56,0.6,1.0,1.0,-0.5,False,True,0.4269665333918632,0.0,0.6269665333918633,0.6269665333918633,True
rule_075,0.66,0.56,0.6,1.0,2.0,-0.5,False,True,0.451859422564317,0.0,0.6518594225643171,0.6518594225643171,True
rule_075,0.66,0.56,0.6,1.0,5.5,0.5,False,True,0.42962979559610714,0.0,0.6296297955961072,0.6296297955961072,True
rule_075,0.66,0.56,0.6,2.0,2.0,-1.0,False,True,0.42140458217045496,0.0,0.621404582170455,0.621404582170455,True
rule_075,0.66,0.56,0.6,2.0,3.0,-1.0,False,True,0.4388546172195582,0.0,0.6388546172195582,0.6388546172195582,True
rule_075,0.66,0.56,0.6,2.0,4.0,-0.5,False,True,0.43028966491684406,0.0,0.6302896649168441,0.6302896649168441,True
rule_075,0.66,0.56,0.6,2.0,5.5,0.0,False,True,0.4326031161187692,0.0,0.6326031161187693,0.6326031161187693,True
