criterion_id,risk_threshold,void_threshold,contact_threshold,is_baseline_rule,leverage_grid_cell_count,baseline_stable_cell_count,variant_stable_cell_count,changed_cell_count,agreement_fraction,changed_cell_fraction,changed_cells_near_boundary_fraction,minimum_stress_index_map_agreement_fraction,minimum_stress_index_changed_cell_count
rule_001,0.58,0.48,0.5,False,150,73,56,17,0.8866666666666667,0.11333333333333333,1.0,0.5,15
rule_002,0.58,0.48,0.55,False,150,73,56,17,0.8866666666666667,0.11333333333333333,1.0,0.5,15
rule_003,0.58,0.48,0.6,False,150,73,56,17,0.8866666666666667,0.11333333333333333,1.0,0.5,15
rule_004,0.58,0.5,0.5,False,150,73,56,17,0.8866666666666667,0.11333333333333333,1.0,0.5,15
rule_005,0.58,0.5,0.55,False,150,73,56,17,0.8866666666666667,0.11333333333333333,1.0,0.5,15
rule_006,0.58,0.5,0.6,False,150,73,56,17,0.8866666666666667,0.11333333333333333,1.0,0.5,15
rule_007,0.58,0.52,0.5,False,150,73,56,17,0.8866666666666667,0.11333333333333333,1.0,0.5,15
rule_008,0.58,0.52,0.55,False,150,73,56,17,0.8866666666666667,0.11333333333333333,1.0,0.5,15
rule_009,0.58,0.52,0.6,False,150,73,56,17,0.8866666666666667,0.11333333333333333,1.0,0.5,15
rule_010,0.58,0.54,0.5,False,150,73,56,17,0.8866666666666667,0.11333333333333333,1.0,0.5,15
rule_011,0.58,0.54,0.55,False,150,73,56,17,0.8866666666666667,0.11333333333333333,1.0,0.5,15
rule_012,0.58,0.54,0.6,False,150,73,56,17,0.8866666666666667,0.11333333333333333,1.0,0.5,15
rule_013,0.58,0.56,0.5,False,150,73,56,17,0.8866666666666667,0.11333333333333333,1.0,0.5,15
rule_014,0.58,0.56,0.55,False,150,73,56,17,0.8866666666666667,0.11333333333333333,1.0,0.5,15
rule_015,0.58,0.56,0.6,False,150,73,56,17,0.8866666666666667,0.11333333333333333,1.0,0.5,15
rule_016,0.6,0.48,0.5,False,150,73,64,9,0.94,0.06,1.0,0.7,9
rule_017,0.6,0.48,0.55,False,150,73,64,9,0.94,0.06,1.0,0.7,9
rule_018,0.6,0.48,0.6,False,150,73,64,9,0.94,0.06,1.0,0.7,9
rule_019,0.6,0.5,0.5,False,150,73,64,9,0.94,0.06,1.0,0.7,9
rule_020,0.6,0.5,0.55,False,150,73,64,9,0.94,0.06,1.0,0.7,9
rule_021,0.6,0.5,0.6,False,150,73,64,9,0.94,0.06,1.0,0.7,9
rule_022,0.6,0.52,0.5,False,150,73,64,9,0.94,0.06,1.0,0.7,9
rule_023,0.6,0.52,0.55,False,150,73,64,9,0.94,0.06,1.0,0.7,9
rule_024,0.6,0.52,0.6,False,150,73,64,9,0.94,0.06,1.0,0.7,9
rule_025,0.6,0.54,0.5,False,150,73,64,9,0.94,0.06,1.0,0.7,9
rule_026,0.6,0.54,0.55,False,150,73,64,9,0.94,0.06,1.0,0.7,9
rule_027,0.6,0.54,0.6,False,150,73,64,9,0.94,0.06,1.0,0.7,9
rule_028,0.6,0.56,0.5,False,150,73,64,9,0.94,0.06,1.0,0.7,9
rule_029,0.6,0.56,0.55,False,150,73,64,9,0.94,0.06,1.0,0.7,9
rule_030,0.6,0.56,0.6,False,150,73,64,9,0.94,0.06,1.0,0.7,9
rule_031,0.62,0.48,0.5,False,150,73,73,0,1.0,0.0,1.0,1.0,0
rule_032,0.62,0.48,0.55,False,150,73,73,0,1.0,0.0,1.0,1.0,0
rule_033,0.62,0.48,0.6,False,150,73,73,0,1.0,0.0,1.0,1.0,0
rule_034,0.62,0.5,0.5,False,150,73,73,0,1.0,0.0,1.0,1.0,0
rule_035,0.62,0.5,0.55,False,150,73,73,0,1.0,0.0,1.0,1.0,0
rule_036,0.62,0.5,0.6,False,150,73,73,0,1.0,0.0,1.0,1.0,0
rule_037,0.62,0.52,0.5,False,150,73,73,0,1.0,0.0,1.0,1.0,0
rule_038,0.62,0.52,0.55,True,150,73,73,0,1.0,0.0,1.0,1.0,0
rule_039,0.62,0.52,0.6,False,150,73,73,0,1.0,0.0,1.0,1.0,0
rule_040,0.62,0.54,0.5,False,150,73,73,0,1.0,0.0,1.0,1.0,0
rule_041,0.62,0.54,0.55,False,150,73,73,0,1.0,0.0,1.0,1.0,0
rule_042,0.62,0.54,0.6,False,150,73,73,0,1.0,0.0,1.0,1.0,0
rule_043,0.62,0.56,0.5,False,150,73,73,0,1.0,0.0,1.0,1.0,0
rule_044,0.62,0.56,0.55,False,150,73,73,0,1.0,0.0,1.0,1.0,0
rule_045,0.62,0.56,0.6,False,150,73,73,0,1.0,0.0,1.0,1.0,0
rule_046,0.64,0.48,0.5,False,150,73,81,8,0.9466666666666667,0.05333333333333334,1.0,0.7333333333333333,8
rule_047,0.64,0.48,0.55,False,150,73,81,8,0.9466666666666667,0.05333333333333334,1.0,0.7333333333333333,8
rule_048,0.64,0.48,0.6,False,150,73,81,8,0.9466666666666667,0.05333333333333334,1.0,0.7333333333333333,8
rule_049,0.64,0.5,0.5,False,150,73,81,8,0.9466666666666667,0.05333333333333334,1.0,0.7333333333333333,8
rule_050,0.64,0.5,0.55,False,150,73,81,8,0.9466666666666667,0.05333333333333334,1.0,0.7333333333333333,8
rule_051,0.64,0.5,0.6,False,150,73,81,8,0.9466666666666667,0.05333333333333334,1.0,0.7333333333333333,8
rule_052,0.64,0.52,0.5,False,150,73,81,8,0.9466666666666667,0.05333333333333334,1.0,0.7333333333333333,8
rule_053,0.64,0.52,0.55,False,150,73,81,8,0.9466666666666667,0.05333333333333334,1.0,0.7333333333333333,8
rule_054,0.64,0.52,0.6,False,150,73,81,8,0.9466666666666667,0.05333333333333334,1.0,0.7333333333333333,8
rule_055,0.64,0.54,0.5,False,150,73,81,8,0.9466666666666667,0.05333333333333334,1.0,0.7333333333333333,8
rule_056,0.64,0.54,0.55,False,150,73,81,8,0.9466666666666667,0.05333333333333334,1.0,0.7333333333333333,8
rule_057,0.64,0.54,0.6,False,150,73,81,8,0.9466666666666667,0.05333333333333334,1.0,0.7333333333333333,8
rule_058,0.64,0.56,0.5,False,150,73,81,8,0.9466666666666667,0.05333333333333334,1.0,0.7333333333333333,8
rule_059,0.64,0.56,0.55,False,150,73,81,8,0.9466666666666667,0.05333333333333334,1.0,0.7333333333333333,8
rule_060,0.64,0.56,0.6,False,150,73,81,8,0.9466666666666667,0.05333333333333334,1.0,0.7333333333333333,8
rule_061,0.66,0.48,0.5,False,150,73,85,12,0.92,0.08,1.0,0.6,12
rule_062,0.66,0.48,0.55,False,150,73,85,12,0.92,0.08,1.0,0.6,12
rule_063,0.66,0.48,0.6,False,150,73,85,12,0.92,0.08,1.0,0.6,12
rule_064,0.66,0.5,0.5,False,150,73,85,12,0.92,0.08,1.0,0.6,12
rule_065,0.66,0.5,0.55,False,150,73,85,12,0.92,0.08,1.0,0.6,12
rule_066,0.66,0.5,0.6,False,150,73,85,12,0.92,0.08,1.0,0.6,12
rule_067,0.66,0.52,0.5,False,150,73,85,12,0.92,0.08,1.0,0.6,12
rule_068,0.66,0.52,0.55,False,150,73,85,12,0.92,0.08,1.0,0.6,12
rule_069,0.66,0.52,0.6,False,150,73,85,12,0.92,0.08,1.0,0.6,12
rule_070,0.66,0.54,0.5,False,150,73,85,12,0.92,0.08,1.0,0.6,12
rule_071,0.66,0.54,0.55,False,150,73,85,12,0.92,0.08,1.0,0.6,12
rule_072,0.66,0.54,0.6,False,150,73,85,12,0.92,0.08,1.0,0.6,12
rule_073,0.66,0.56,0.5,False,150,73,85,12,0.92,0.08,1.0,0.6,12
rule_074,0.66,0.56,0.55,False,150,73,85,12,0.92,0.08,1.0,0.6,12
rule_075,0.66,0.56,0.6,False,150,73,85,12,0.92,0.08,1.0,0.6,12
