criterion_id,risk_threshold,void_threshold,contact_threshold,is_baseline_rule,leverage_map_agreement_fraction,leverage_map_changed_fraction,minimum_stress_index_map_agreement_fraction,changed_cells_near_boundary_fraction,threshold_hierarchy_preserved_fraction,max_numeric_threshold_midpoint_shift_MPa,stress_triad_void_ordering_preserved,stress_triad_risk_ordering_preserved
rule_001,0.58,0.48,0.5,False,0.8866666666666667,0.11333333333333333,0.5,1.0,0.6666666666666666,0.5,True,True
rule_002,0.58,0.48,0.55,False,0.8866666666666667,0.11333333333333333,0.5,1.0,0.0,0.0,True,True
rule_003,0.58,0.48,0.6,False,0.8866666666666667,0.11333333333333333,0.5,1.0,0.0,0.25,True,True
rule_004,0.58,0.5,0.5,False,0.8866666666666667,0.11333333333333333,0.5,1.0,1.0,0.5,True,True
rule_005,0.58,0.5,0.55,False,0.8866666666666667,0.11333333333333333,0.5,1.0,0.0,0.0,True,True
rule_006,0.58,0.5,0.6,False,0.8866666666666667,0.11333333333333333,0.5,1.0,0.0,0.25,True,True
rule_007,0.58,0.52,0.5,False,0.8866666666666667,0.11333333333333333,0.5,1.0,1.0,0.5,True,True
rule_008,0.58,0.52,0.55,False,0.8866666666666667,0.11333333333333333,0.5,1.0,0.0,0.0,True,True
rule_009,0.58,0.52,0.6,False,0.8866666666666667,0.11333333333333333,0.5,1.0,0.0,0.25,True,True
rule_010,0.58,0.54,0.5,False,0.8866666666666667,0.11333333333333333,0.5,1.0,1.0,0.5,True,True
rule_011,0.58,0.54,0.55,False,0.8866666666666667,0.11333333333333333,0.5,1.0,0.0,0.0,True,True
rule_012,0.58,0.54,0.6,False,0.8866666666666667,0.11333333333333333,0.5,1.0,0.0,0.25,True,True
rule_013,0.58,0.56,0.5,False,0.8866666666666667,0.11333333333333333,0.5,1.0,1.0,0.5,True,True
rule_014,0.58,0.56,0.55,False,0.8866666666666667,0.11333333333333333,0.5,1.0,0.0,0.0,True,True
rule_015,0.58,0.56,0.6,False,0.8866666666666667,0.11333333333333333,0.5,1.0,0.0,0.25,True,True
rule_016,0.6,0.48,0.5,False,0.94,0.06,0.7,1.0,0.6666666666666666,0.5,True,True
rule_017,0.6,0.48,0.55,False,0.94,0.06,0.7,1.0,0.6666666666666666,0.15000000000000013,True,True
rule_018,0.6,0.48,0.6,False,0.94,0.06,0.7,1.0,0.3333333333333333,0.25,True,True
rule_019,0.6,0.5,0.5,False,0.94,0.06,0.7,1.0,1.0,0.5,True,True
rule_020,0.6,0.5,0.55,False,0.94,0.06,0.7,1.0,0.6666666666666666,0.15000000000000013,True,True
rule_021,0.6,0.5,0.6,False,0.94,0.06,0.7,1.0,0.3333333333333333,0.25,True,True
rule_022,0.6,0.52,0.5,False,0.94,0.06,0.7,1.0,1.0,0.5,True,True
rule_023,0.6,0.52,0.55,False,0.94,0.06,0.7,1.0,0.6666666666666666,0.15000000000000013,True,True
rule_024,0.6,0.52,0.6,False,0.94,0.06,0.7,1.0,0.3333333333333333,0.25,True,True
rule_025,0.6,0.54,0.5,False,0.94,0.06,0.7,1.0,1.0,0.5,True,True
rule_026,0.6,0.54,0.55,False,0.94,0.06,0.7,1.0,0.6666666666666666,0.15000000000000013,True,True
rule_027,0.6,0.54,0.6,False,0.94,0.06,0.7,1.0,0.3333333333333333,0.25,True,True
rule_028,0.6,0.56,0.5,False,0.94,0.06,0.7,1.0,1.0,0.5,True,True
rule_029,0.6,0.56,0.55,False,0.94,0.06,0.7,1.0,0.6666666666666666,0.15000000000000013,True,True
rule_030,0.6,0.56,0.6,False,0.94,0.06,0.7,1.0,0.3333333333333333,0.25,True,True
rule_031,0.62,0.48,0.5,False,1.0,0.0,1.0,1.0,0.6666666666666666,0.5,True,True
rule_032,0.62,0.48,0.55,False,1.0,0.0,1.0,1.0,0.6666666666666666,0.0,True,True
rule_033,0.62,0.48,0.6,False,1.0,0.0,1.0,1.0,0.6666666666666666,0.0,True,True
rule_034,0.62,0.5,0.5,False,1.0,0.0,1.0,1.0,1.0,0.5,True,True
rule_035,0.62,0.5,0.55,False,1.0,0.0,1.0,1.0,1.0,0.0,True,True
rule_036,0.62,0.5,0.6,False,1.0,0.0,1.0,1.0,0.6666666666666666,0.0,True,True
rule_037,0.62,0.52,0.5,False,1.0,0.0,1.0,1.0,1.0,0.5,True,True
rule_038,0.62,0.52,0.55,True,1.0,0.0,1.0,1.0,1.0,0.0,True,True
rule_039,0.62,0.52,0.6,False,1.0,0.0,1.0,1.0,0.6666666666666666,0.0,True,True
rule_040,0.62,0.54,0.5,False,1.0,0.0,1.0,1.0,1.0,0.5,True,True
rule_041,0.62,0.54,0.55,False,1.0,0.0,1.0,1.0,1.0,0.0,True,True
rule_042,0.62,0.54,0.6,False,1.0,0.0,1.0,1.0,0.6666666666666666,0.0,True,True
rule_043,0.62,0.56,0.5,False,1.0,0.0,1.0,1.0,1.0,0.5,True,True
rule_044,0.62,0.56,0.55,False,1.0,0.0,1.0,1.0,1.0,0.0,True,True
rule_045,0.62,0.56,0.6,False,1.0,0.0,1.0,1.0,0.6666666666666666,0.0,True,True
rule_046,0.64,0.48,0.5,False,0.9466666666666667,0.05333333333333334,0.7333333333333333,1.0,0.6666666666666666,0.5,True,True
rule_047,0.64,0.48,0.55,False,0.9466666666666667,0.05333333333333334,0.7333333333333333,1.0,0.6666666666666666,0.375,True,True
rule_048,0.64,0.48,0.6,False,0.9466666666666667,0.05333333333333334,0.7333333333333333,1.0,0.6666666666666666,0.375,True,True
rule_049,0.64,0.5,0.5,False,0.9466666666666667,0.05333333333333334,0.7333333333333333,1.0,1.0,0.5,True,True
rule_050,0.64,0.5,0.55,False,0.9466666666666667,0.05333333333333334,0.7333333333333333,1.0,1.0,0.375,True,True
rule_051,0.64,0.5,0.6,False,0.9466666666666667,0.05333333333333334,0.7333333333333333,1.0,1.0,0.375,True,True
rule_052,0.64,0.52,0.5,False,0.9466666666666667,0.05333333333333334,0.7333333333333333,1.0,1.0,0.5,True,True
rule_053,0.64,0.52,0.55,False,0.9466666666666667,0.05333333333333334,0.7333333333333333,1.0,1.0,0.375,True,True
rule_054,0.64,0.52,0.6,False,0.9466666666666667,0.05333333333333334,0.7333333333333333,1.0,1.0,0.375,True,True
rule_055,0.64,0.54,0.5,False,0.9466666666666667,0.05333333333333334,0.7333333333333333,1.0,1.0,0.5,True,True
rule_056,0.64,0.54,0.55,False,0.9466666666666667,0.05333333333333334,0.7333333333333333,1.0,1.0,0.375,True,True
rule_057,0.64,0.54,0.6,False,0.9466666666666667,0.05333333333333334,0.7333333333333333,1.0,1.0,0.375,True,True
rule_058,0.64,0.56,0.5,False,0.9466666666666667,0.05333333333333334,0.7333333333333333,1.0,1.0,0.5,True,True
rule_059,0.64,0.56,0.55,False,0.9466666666666667,0.05333333333333334,0.7333333333333333,1.0,1.0,0.375,True,True
rule_060,0.64,0.56,0.6,False,0.9466666666666667,0.05333333333333334,0.7333333333333333,1.0,1.0,0.375,True,True
rule_061,0.66,0.48,0.5,False,0.92,0.08,0.6,1.0,0.6666666666666666,0.5,True,True
rule_062,0.66,0.48,0.55,False,0.92,0.08,0.6,1.0,0.6666666666666666,0.5,True,True
rule_063,0.66,0.48,0.6,False,0.92,0.08,0.6,1.0,0.6666666666666666,0.5,True,True
rule_064,0.66,0.5,0.5,False,0.92,0.08,0.6,1.0,1.0,0.5,True,True
rule_065,0.66,0.5,0.55,False,0.92,0.08,0.6,1.0,1.0,0.5,True,True
rule_066,0.66,0.5,0.6,False,0.92,0.08,0.6,1.0,1.0,0.5,True,True
rule_067,0.66,0.52,0.5,False,0.92,0.08,0.6,1.0,1.0,0.5,True,True
rule_068,0.66,0.52,0.55,False,0.92,0.08,0.6,1.0,1.0,0.5,True,True
rule_069,0.66,0.52,0.6,False,0.92,0.08,0.6,1.0,1.0,0.5,True,True
rule_070,0.66,0.54,0.5,False,0.92,0.08,0.6,1.0,1.0,0.5,True,True
rule_071,0.66,0.54,0.55,False,0.92,0.08,0.6,1.0,1.0,0.5,True,True
rule_072,0.66,0.54,0.6,False,0.92,0.08,0.6,1.0,1.0,0.5,True,True
rule_073,0.66,0.56,0.5,False,0.92,0.08,0.6,1.0,1.0,0.5,True,True
rule_074,0.66,0.56,0.55,False,0.92,0.08,0.6,1.0,1.0,0.5,True,True
rule_075,0.66,0.56,0.6,False,0.92,0.08,0.6,1.0,1.0,0.5,True,True
