criterion_id,risk_threshold,void_threshold,contact_threshold,is_baseline_rule,stress_case,stress_label,stress_index,pressure_MPa,current_density_mA_cm2,mean_final_void_fraction,std_final_void_fraction,mean_contact_fraction,mean_hotspot_factor,mean_risk_metric_for_rule,stable_fraction,aggregate_classification,void_ordering_opening_gt_neutral_gt_filling,risk_ordering_opening_gt_neutral_gt_filling,notes
rule_001,0.58,0.48,0.5,False,opening_biased,Opening-biased,-1.0,1.0,4.0,0.9348301372253657,0.0017209714890793531,0.0,1.423771034276303,1.1348301372253655,0.0,unstable,True,True,Model outputs are unchanged; only final-field decision thresholds are varied.
rule_001,0.58,0.48,0.5,False,neutral,Neutral,0.0,1.0,4.0,0.5180200650229638,0.0058807154498895405,0.0,1.2924064209147816,0.7180200650229637,0.0,unstable,True,True,Model outputs are unchanged; only final-field decision thresholds are varied.
rule_001,0.58,0.48,0.5,False,filling_biased,Filling-biased,1.0,1.0,4.0,0.163582808974265,0.003092482169026029,1.0,1.067138330551419,0.163582808974265,1.0,stable,True,True,Model outputs are unchanged; only final-field decision thresholds are varied.
rule_002,0.58,0.48,0.55,False,opening_biased,Opening-biased,-1.0,1.0,4.0,0.9348301372253657,0.0017209714890793531,0.0,1.423771034276303,1.1348301372253655,0.0,unstable,True,True,Model outputs are unchanged; only final-field decision thresholds are varied.
rule_002,0.58,0.48,0.55,False,neutral,Neutral,0.0,1.0,4.0,0.5180200650229638,0.0058807154498895405,0.0,1.2924064209147816,0.7180200650229637,0.0,unstable,True,True,Model outputs are unchanged; only final-field decision thresholds are varied.
rule_002,0.58,0.48,0.55,False,filling_biased,Filling-biased,1.0,1.0,4.0,0.163582808974265,0.003092482169026029,1.0,1.067138330551419,0.163582808974265,1.0,stable,True,True,Model outputs are unchanged; only final-field decision thresholds are varied.
rule_003,0.58,0.48,0.6,False,opening_biased,Opening-biased,-1.0,1.0,4.0,0.9348301372253657,0.0017209714890793531,0.0,1.423771034276303,1.1348301372253655,0.0,unstable,True,True,Model outputs are unchanged; only final-field decision thresholds are varied.
rule_003,0.58,0.48,0.6,False,neutral,Neutral,0.0,1.0,4.0,0.5180200650229638,0.0058807154498895405,0.0,1.2924064209147816,0.7180200650229637,0.0,unstable,True,True,Model outputs are unchanged; only final-field decision thresholds are varied.
rule_003,0.58,0.48,0.6,False,filling_biased,Filling-biased,1.0,1.0,4.0,0.163582808974265,0.003092482169026029,1.0,1.067138330551419,0.163582808974265,1.0,stable,True,True,Model outputs are unchanged; only final-field decision thresholds are varied.
rule_004,0.58,0.5,0.5,False,opening_biased,Opening-biased,-1.0,1.0,4.0,0.9348301372253657,0.0017209714890793531,0.0,1.423771034276303,1.1348301372253655,0.0,unstable,True,True,Model outputs are unchanged; only final-field decision thresholds are varied.
rule_004,0.58,0.5,0.5,False,neutral,Neutral,0.0,1.0,4.0,0.5180200650229638,0.0058807154498895405,0.0,1.2924064209147816,0.7180200650229637,0.0,unstable,True,True,Model outputs are unchanged; only final-field decision thresholds are varied.
rule_004,0.58,0.5,0.5,False,filling_biased,Filling-biased,1.0,1.0,4.0,0.163582808974265,0.003092482169026029,1.0,1.067138330551419,0.163582808974265,1.0,stable,True,True,Model outputs are unchanged; only final-field decision thresholds are varied.
rule_005,0.58,0.5,0.55,False,opening_biased,Opening-biased,-1.0,1.0,4.0,0.9348301372253657,0.0017209714890793531,0.0,1.423771034276303,1.1348301372253655,0.0,unstable,True,True,Model outputs are unchanged; only final-field decision thresholds are varied.
rule_005,0.58,0.5,0.55,False,neutral,Neutral,0.0,1.0,4.0,0.5180200650229638,0.0058807154498895405,0.0,1.2924064209147816,0.7180200650229637,0.0,unstable,True,True,Model outputs are unchanged; only final-field decision thresholds are varied.
rule_005,0.58,0.5,0.55,False,filling_biased,Filling-biased,1.0,1.0,4.0,0.163582808974265,0.003092482169026029,1.0,1.067138330551419,0.163582808974265,1.0,stable,True,True,Model outputs are unchanged; only final-field decision thresholds are varied.
rule_006,0.58,0.5,0.6,False,opening_biased,Opening-biased,-1.0,1.0,4.0,0.9348301372253657,0.0017209714890793531,0.0,1.423771034276303,1.1348301372253655,0.0,unstable,True,True,Model outputs are unchanged; only final-field decision thresholds are varied.
rule_006,0.58,0.5,0.6,False,neutral,Neutral,0.0,1.0,4.0,0.5180200650229638,0.0058807154498895405,0.0,1.2924064209147816,0.7180200650229637,0.0,unstable,True,True,Model outputs are unchanged; only final-field decision thresholds are varied.
rule_006,0.58,0.5,0.6,False,filling_biased,Filling-biased,1.0,1.0,4.0,0.163582808974265,0.003092482169026029,1.0,1.067138330551419,0.163582808974265,1.0,stable,True,True,Model outputs are unchanged; only final-field decision thresholds are varied.
rule_007,0.58,0.52,0.5,False,opening_biased,Opening-biased,-1.0,1.0,4.0,0.9348301372253657,0.0017209714890793531,0.0,1.423771034276303,1.1348301372253655,0.0,unstable,True,True,Model outputs are unchanged; only final-field decision thresholds are varied.
rule_007,0.58,0.52,0.5,False,neutral,Neutral,0.0,1.0,4.0,0.5180200650229638,0.0058807154498895405,0.0,1.2924064209147816,0.7180200650229637,0.0,unstable,True,True,Model outputs are unchanged; only final-field decision thresholds are varied.
rule_007,0.58,0.52,0.5,False,filling_biased,Filling-biased,1.0,1.0,4.0,0.163582808974265,0.003092482169026029,1.0,1.067138330551419,0.163582808974265,1.0,stable,True,True,Model outputs are unchanged; only final-field decision thresholds are varied.
rule_008,0.58,0.52,0.55,False,opening_biased,Opening-biased,-1.0,1.0,4.0,0.9348301372253657,0.0017209714890793531,0.0,1.423771034276303,1.1348301372253655,0.0,unstable,True,True,Model outputs are unchanged; only final-field decision thresholds are varied.
rule_008,0.58,0.52,0.55,False,neutral,Neutral,0.0,1.0,4.0,0.5180200650229638,0.0058807154498895405,0.0,1.2924064209147816,0.7180200650229637,0.0,unstable,True,True,Model outputs are unchanged; only final-field decision thresholds are varied.
rule_008,0.58,0.52,0.55,False,filling_biased,Filling-biased,1.0,1.0,4.0,0.163582808974265,0.003092482169026029,1.0,1.067138330551419,0.163582808974265,1.0,stable,True,True,Model outputs are unchanged; only final-field decision thresholds are varied.
rule_009,0.58,0.52,0.6,False,opening_biased,Opening-biased,-1.0,1.0,4.0,0.9348301372253657,0.0017209714890793531,0.0,1.423771034276303,1.1348301372253655,0.0,unstable,True,True,Model outputs are unchanged; only final-field decision thresholds are varied.
rule_009,0.58,0.52,0.6,False,neutral,Neutral,0.0,1.0,4.0,0.5180200650229638,0.0058807154498895405,0.0,1.2924064209147816,0.7180200650229637,0.0,unstable,True,True,Model outputs are unchanged; only final-field decision thresholds are varied.
rule_009,0.58,0.52,0.6,False,filling_biased,Filling-biased,1.0,1.0,4.0,0.163582808974265,0.003092482169026029,1.0,1.067138330551419,0.163582808974265,1.0,stable,True,True,Model outputs are unchanged; only final-field decision thresholds are varied.
rule_010,0.58,0.54,0.5,False,opening_biased,Opening-biased,-1.0,1.0,4.0,0.9348301372253657,0.0017209714890793531,0.0,1.423771034276303,1.1348301372253655,0.0,unstable,True,True,Model outputs are unchanged; only final-field decision thresholds are varied.
rule_010,0.58,0.54,0.5,False,neutral,Neutral,0.0,1.0,4.0,0.5180200650229638,0.0058807154498895405,0.0,1.2924064209147816,0.7180200650229637,0.0,unstable,True,True,Model outputs are unchanged; only final-field decision thresholds are varied.
rule_010,0.58,0.54,0.5,False,filling_biased,Filling-biased,1.0,1.0,4.0,0.163582808974265,0.003092482169026029,1.0,1.067138330551419,0.163582808974265,1.0,stable,True,True,Model outputs are unchanged; only final-field decision thresholds are varied.
rule_011,0.58,0.54,0.55,False,opening_biased,Opening-biased,-1.0,1.0,4.0,0.9348301372253657,0.0017209714890793531,0.0,1.423771034276303,1.1348301372253655,0.0,unstable,True,True,Model outputs are unchanged; only final-field decision thresholds are varied.
rule_011,0.58,0.54,0.55,False,neutral,Neutral,0.0,1.0,4.0,0.5180200650229638,0.0058807154498895405,0.0,1.2924064209147816,0.7180200650229637,0.0,unstable,True,True,Model outputs are unchanged; only final-field decision thresholds are varied.
rule_011,0.58,0.54,0.55,False,filling_biased,Filling-biased,1.0,1.0,4.0,0.163582808974265,0.003092482169026029,1.0,1.067138330551419,0.163582808974265,1.0,stable,True,True,Model outputs are unchanged; only final-field decision thresholds are varied.
rule_012,0.58,0.54,0.6,False,opening_biased,Opening-biased,-1.0,1.0,4.0,0.9348301372253657,0.0017209714890793531,0.0,1.423771034276303,1.1348301372253655,0.0,unstable,True,True,Model outputs are unchanged; only final-field decision thresholds are varied.
rule_012,0.58,0.54,0.6,False,neutral,Neutral,0.0,1.0,4.0,0.5180200650229638,0.0058807154498895405,0.0,1.2924064209147816,0.7180200650229637,0.0,unstable,True,True,Model outputs are unchanged; only final-field decision thresholds are varied.
rule_012,0.58,0.54,0.6,False,filling_biased,Filling-biased,1.0,1.0,4.0,0.163582808974265,0.003092482169026029,1.0,1.067138330551419,0.163582808974265,1.0,stable,True,True,Model outputs are unchanged; only final-field decision thresholds are varied.
rule_013,0.58,0.56,0.5,False,opening_biased,Opening-biased,-1.0,1.0,4.0,0.9348301372253657,0.0017209714890793531,0.0,1.423771034276303,1.1348301372253655,0.0,unstable,True,True,Model outputs are unchanged; only final-field decision thresholds are varied.
rule_013,0.58,0.56,0.5,False,neutral,Neutral,0.0,1.0,4.0,0.5180200650229638,0.0058807154498895405,0.0,1.2924064209147816,0.7180200650229637,0.0,unstable,True,True,Model outputs are unchanged; only final-field decision thresholds are varied.
rule_013,0.58,0.56,0.5,False,filling_biased,Filling-biased,1.0,1.0,4.0,0.163582808974265,0.003092482169026029,1.0,1.067138330551419,0.163582808974265,1.0,stable,True,True,Model outputs are unchanged; only final-field decision thresholds are varied.
rule_014,0.58,0.56,0.55,False,opening_biased,Opening-biased,-1.0,1.0,4.0,0.9348301372253657,0.0017209714890793531,0.0,1.423771034276303,1.1348301372253655,0.0,unstable,True,True,Model outputs are unchanged; only final-field decision thresholds are varied.
rule_014,0.58,0.56,0.55,False,neutral,Neutral,0.0,1.0,4.0,0.5180200650229638,0.0058807154498895405,0.0,1.2924064209147816,0.7180200650229637,0.0,unstable,True,True,Model outputs are unchanged; only final-field decision thresholds are varied.
rule_014,0.58,0.56,0.55,False,filling_biased,Filling-biased,1.0,1.0,4.0,0.163582808974265,0.003092482169026029,1.0,1.067138330551419,0.163582808974265,1.0,stable,True,True,Model outputs are unchanged; only final-field decision thresholds are varied.
rule_015,0.58,0.56,0.6,False,opening_biased,Opening-biased,-1.0,1.0,4.0,0.9348301372253657,0.0017209714890793531,0.0,1.423771034276303,1.1348301372253655,0.0,unstable,True,True,Model outputs are unchanged; only final-field decision thresholds are varied.
rule_015,0.58,0.56,0.6,False,neutral,Neutral,0.0,1.0,4.0,0.5180200650229638,0.0058807154498895405,0.0,1.2924064209147816,0.7180200650229637,0.0,unstable,True,True,Model outputs are unchanged; only final-field decision thresholds are varied.
rule_015,0.58,0.56,0.6,False,filling_biased,Filling-biased,1.0,1.0,4.0,0.163582808974265,0.003092482169026029,1.0,1.067138330551419,0.163582808974265,1.0,stable,True,True,Model outputs are unchanged; only final-field decision thresholds are varied.
rule_016,0.6,0.48,0.5,False,opening_biased,Opening-biased,-1.0,1.0,4.0,0.9348301372253657,0.0017209714890793531,0.0,1.423771034276303,1.1348301372253655,0.0,unstable,True,True,Model outputs are unchanged; only final-field decision thresholds are varied.
rule_016,0.6,0.48,0.5,False,neutral,Neutral,0.0,1.0,4.0,0.5180200650229638,0.0058807154498895405,0.0,1.2924064209147816,0.7180200650229637,0.0,unstable,True,True,Model outputs are unchanged; only final-field decision thresholds are varied.
rule_016,0.6,0.48,0.5,False,filling_biased,Filling-biased,1.0,1.0,4.0,0.163582808974265,0.003092482169026029,1.0,1.067138330551419,0.163582808974265,1.0,stable,True,True,Model outputs are unchanged; only final-field decision thresholds are varied.
rule_017,0.6,0.48,0.55,False,opening_biased,Opening-biased,-1.0,1.0,4.0,0.9348301372253657,0.0017209714890793531,0.0,1.423771034276303,1.1348301372253655,0.0,unstable,True,True,Model outputs are unchanged; only final-field decision thresholds are varied.
rule_017,0.6,0.48,0.55,False,neutral,Neutral,0.0,1.0,4.0,0.5180200650229638,0.0058807154498895405,0.0,1.2924064209147816,0.7180200650229637,0.0,unstable,True,True,Model outputs are unchanged; only final-field decision thresholds are varied.
rule_017,0.6,0.48,0.55,False,filling_biased,Filling-biased,1.0,1.0,4.0,0.163582808974265,0.003092482169026029,1.0,1.067138330551419,0.163582808974265,1.0,stable,True,True,Model outputs are unchanged; only final-field decision thresholds are varied.
rule_018,0.6,0.48,0.6,False,opening_biased,Opening-biased,-1.0,1.0,4.0,0.9348301372253657,0.0017209714890793531,0.0,1.423771034276303,1.1348301372253655,0.0,unstable,True,True,Model outputs are unchanged; only final-field decision thresholds are varied.
rule_018,0.6,0.48,0.6,False,neutral,Neutral,0.0,1.0,4.0,0.5180200650229638,0.0058807154498895405,0.0,1.2924064209147816,0.7180200650229637,0.0,unstable,True,True,Model outputs are unchanged; only final-field decision thresholds are varied.
rule_018,0.6,0.48,0.6,False,filling_biased,Filling-biased,1.0,1.0,4.0,0.163582808974265,0.003092482169026029,1.0,1.067138330551419,0.163582808974265,1.0,stable,True,True,Model outputs are unchanged; only final-field decision thresholds are varied.
rule_019,0.6,0.5,0.5,False,opening_biased,Opening-biased,-1.0,1.0,4.0,0.9348301372253657,0.0017209714890793531,0.0,1.423771034276303,1.1348301372253655,0.0,unstable,True,True,Model outputs are unchanged; only final-field decision thresholds are varied.
rule_019,0.6,0.5,0.5,False,neutral,Neutral,0.0,1.0,4.0,0.5180200650229638,0.0058807154498895405,0.0,1.2924064209147816,0.7180200650229637,0.0,unstable,True,True,Model outputs are unchanged; only final-field decision thresholds are varied.
rule_019,0.6,0.5,0.5,False,filling_biased,Filling-biased,1.0,1.0,4.0,0.163582808974265,0.003092482169026029,1.0,1.067138330551419,0.163582808974265,1.0,stable,True,True,Model outputs are unchanged; only final-field decision thresholds are varied.
rule_020,0.6,0.5,0.55,False,opening_biased,Opening-biased,-1.0,1.0,4.0,0.9348301372253657,0.0017209714890793531,0.0,1.423771034276303,1.1348301372253655,0.0,unstable,True,True,Model outputs are unchanged; only final-field decision thresholds are varied.
rule_020,0.6,0.5,0.55,False,neutral,Neutral,0.0,1.0,4.0,0.5180200650229638,0.0058807154498895405,0.0,1.2924064209147816,0.7180200650229637,0.0,unstable,True,True,Model outputs are unchanged; only final-field decision thresholds are varied.
rule_020,0.6,0.5,0.55,False,filling_biased,Filling-biased,1.0,1.0,4.0,0.163582808974265,0.003092482169026029,1.0,1.067138330551419,0.163582808974265,1.0,stable,True,True,Model outputs are unchanged; only final-field decision thresholds are varied.
rule_021,0.6,0.5,0.6,False,opening_biased,Opening-biased,-1.0,1.0,4.0,0.9348301372253657,0.0017209714890793531,0.0,1.423771034276303,1.1348301372253655,0.0,unstable,True,True,Model outputs are unchanged; only final-field decision thresholds are varied.
rule_021,0.6,0.5,0.6,False,neutral,Neutral,0.0,1.0,4.0,0.5180200650229638,0.0058807154498895405,0.0,1.2924064209147816,0.7180200650229637,0.0,unstable,True,True,Model outputs are unchanged; only final-field decision thresholds are varied.
rule_021,0.6,0.5,0.6,False,filling_biased,Filling-biased,1.0,1.0,4.0,0.163582808974265,0.003092482169026029,1.0,1.067138330551419,0.163582808974265,1.0,stable,True,True,Model outputs are unchanged; only final-field decision thresholds are varied.
rule_022,0.6,0.52,0.5,False,opening_biased,Opening-biased,-1.0,1.0,4.0,0.9348301372253657,0.0017209714890793531,0.0,1.423771034276303,1.1348301372253655,0.0,unstable,True,True,Model outputs are unchanged; only final-field decision thresholds are varied.
rule_022,0.6,0.52,0.5,False,neutral,Neutral,0.0,1.0,4.0,0.5180200650229638,0.0058807154498895405,0.0,1.2924064209147816,0.7180200650229637,0.0,unstable,True,True,Model outputs are unchanged; only final-field decision thresholds are varied.
rule_022,0.6,0.52,0.5,False,filling_biased,Filling-biased,1.0,1.0,4.0,0.163582808974265,0.003092482169026029,1.0,1.067138330551419,0.163582808974265,1.0,stable,True,True,Model outputs are unchanged; only final-field decision thresholds are varied.
rule_023,0.6,0.52,0.55,False,opening_biased,Opening-biased,-1.0,1.0,4.0,0.9348301372253657,0.0017209714890793531,0.0,1.423771034276303,1.1348301372253655,0.0,unstable,True,True,Model outputs are unchanged; only final-field decision thresholds are varied.
rule_023,0.6,0.52,0.55,False,neutral,Neutral,0.0,1.0,4.0,0.5180200650229638,0.0058807154498895405,0.0,1.2924064209147816,0.7180200650229637,0.0,unstable,True,True,Model outputs are unchanged; only final-field decision thresholds are varied.
rule_023,0.6,0.52,0.55,False,filling_biased,Filling-biased,1.0,1.0,4.0,0.163582808974265,0.003092482169026029,1.0,1.067138330551419,0.163582808974265,1.0,stable,True,True,Model outputs are unchanged; only final-field decision thresholds are varied.
rule_024,0.6,0.52,0.6,False,opening_biased,Opening-biased,-1.0,1.0,4.0,0.9348301372253657,0.0017209714890793531,0.0,1.423771034276303,1.1348301372253655,0.0,unstable,True,True,Model outputs are unchanged; only final-field decision thresholds are varied.
rule_024,0.6,0.52,0.6,False,neutral,Neutral,0.0,1.0,4.0,0.5180200650229638,0.0058807154498895405,0.0,1.2924064209147816,0.7180200650229637,0.0,unstable,True,True,Model outputs are unchanged; only final-field decision thresholds are varied.
rule_024,0.6,0.52,0.6,False,filling_biased,Filling-biased,1.0,1.0,4.0,0.163582808974265,0.003092482169026029,1.0,1.067138330551419,0.163582808974265,1.0,stable,True,True,Model outputs are unchanged; only final-field decision thresholds are varied.
rule_025,0.6,0.54,0.5,False,opening_biased,Opening-biased,-1.0,1.0,4.0,0.9348301372253657,0.0017209714890793531,0.0,1.423771034276303,1.1348301372253655,0.0,unstable,True,True,Model outputs are unchanged; only final-field decision thresholds are varied.
rule_025,0.6,0.54,0.5,False,neutral,Neutral,0.0,1.0,4.0,0.5180200650229638,0.0058807154498895405,0.0,1.2924064209147816,0.7180200650229637,0.0,unstable,True,True,Model outputs are unchanged; only final-field decision thresholds are varied.
rule_025,0.6,0.54,0.5,False,filling_biased,Filling-biased,1.0,1.0,4.0,0.163582808974265,0.003092482169026029,1.0,1.067138330551419,0.163582808974265,1.0,stable,True,True,Model outputs are unchanged; only final-field decision thresholds are varied.
rule_026,0.6,0.54,0.55,False,opening_biased,Opening-biased,-1.0,1.0,4.0,0.9348301372253657,0.0017209714890793531,0.0,1.423771034276303,1.1348301372253655,0.0,unstable,True,True,Model outputs are unchanged; only final-field decision thresholds are varied.
rule_026,0.6,0.54,0.55,False,neutral,Neutral,0.0,1.0,4.0,0.5180200650229638,0.0058807154498895405,0.0,1.2924064209147816,0.7180200650229637,0.0,unstable,True,True,Model outputs are unchanged; only final-field decision thresholds are varied.
rule_026,0.6,0.54,0.55,False,filling_biased,Filling-biased,1.0,1.0,4.0,0.163582808974265,0.003092482169026029,1.0,1.067138330551419,0.163582808974265,1.0,stable,True,True,Model outputs are unchanged; only final-field decision thresholds are varied.
rule_027,0.6,0.54,0.6,False,opening_biased,Opening-biased,-1.0,1.0,4.0,0.9348301372253657,0.0017209714890793531,0.0,1.423771034276303,1.1348301372253655,0.0,unstable,True,True,Model outputs are unchanged; only final-field decision thresholds are varied.
rule_027,0.6,0.54,0.6,False,neutral,Neutral,0.0,1.0,4.0,0.5180200650229638,0.0058807154498895405,0.0,1.2924064209147816,0.7180200650229637,0.0,unstable,True,True,Model outputs are unchanged; only final-field decision thresholds are varied.
rule_027,0.6,0.54,0.6,False,filling_biased,Filling-biased,1.0,1.0,4.0,0.163582808974265,0.003092482169026029,1.0,1.067138330551419,0.163582808974265,1.0,stable,True,True,Model outputs are unchanged; only final-field decision thresholds are varied.
rule_028,0.6,0.56,0.5,False,opening_biased,Opening-biased,-1.0,1.0,4.0,0.9348301372253657,0.0017209714890793531,0.0,1.423771034276303,1.1348301372253655,0.0,unstable,True,True,Model outputs are unchanged; only final-field decision thresholds are varied.
rule_028,0.6,0.56,0.5,False,neutral,Neutral,0.0,1.0,4.0,0.5180200650229638,0.0058807154498895405,0.0,1.2924064209147816,0.7180200650229637,0.0,unstable,True,True,Model outputs are unchanged; only final-field decision thresholds are varied.
rule_028,0.6,0.56,0.5,False,filling_biased,Filling-biased,1.0,1.0,4.0,0.163582808974265,0.003092482169026029,1.0,1.067138330551419,0.163582808974265,1.0,stable,True,True,Model outputs are unchanged; only final-field decision thresholds are varied.
rule_029,0.6,0.56,0.55,False,opening_biased,Opening-biased,-1.0,1.0,4.0,0.9348301372253657,0.0017209714890793531,0.0,1.423771034276303,1.1348301372253655,0.0,unstable,True,True,Model outputs are unchanged; only final-field decision thresholds are varied.
rule_029,0.6,0.56,0.55,False,neutral,Neutral,0.0,1.0,4.0,0.5180200650229638,0.0058807154498895405,0.0,1.2924064209147816,0.7180200650229637,0.0,unstable,True,True,Model outputs are unchanged; only final-field decision thresholds are varied.
rule_029,0.6,0.56,0.55,False,filling_biased,Filling-biased,1.0,1.0,4.0,0.163582808974265,0.003092482169026029,1.0,1.067138330551419,0.163582808974265,1.0,stable,True,True,Model outputs are unchanged; only final-field decision thresholds are varied.
rule_030,0.6,0.56,0.6,False,opening_biased,Opening-biased,-1.0,1.0,4.0,0.9348301372253657,0.0017209714890793531,0.0,1.423771034276303,1.1348301372253655,0.0,unstable,True,True,Model outputs are unchanged; only final-field decision thresholds are varied.
rule_030,0.6,0.56,0.6,False,neutral,Neutral,0.0,1.0,4.0,0.5180200650229638,0.0058807154498895405,0.0,1.2924064209147816,0.7180200650229637,0.0,unstable,True,True,Model outputs are unchanged; only final-field decision thresholds are varied.
rule_030,0.6,0.56,0.6,False,filling_biased,Filling-biased,1.0,1.0,4.0,0.163582808974265,0.003092482169026029,1.0,1.067138330551419,0.163582808974265,1.0,stable,True,True,Model outputs are unchanged; only final-field decision thresholds are varied.
rule_031,0.62,0.48,0.5,False,opening_biased,Opening-biased,-1.0,1.0,4.0,0.9348301372253657,0.0017209714890793531,0.0,1.423771034276303,1.1348301372253655,0.0,unstable,True,True,Model outputs are unchanged; only final-field decision thresholds are varied.
rule_031,0.62,0.48,0.5,False,neutral,Neutral,0.0,1.0,4.0,0.5180200650229638,0.0058807154498895405,0.0,1.2924064209147816,0.7180200650229637,0.0,unstable,True,True,Model outputs are unchanged; only final-field decision thresholds are varied.
rule_031,0.62,0.48,0.5,False,filling_biased,Filling-biased,1.0,1.0,4.0,0.163582808974265,0.003092482169026029,1.0,1.067138330551419,0.163582808974265,1.0,stable,True,True,Model outputs are unchanged; only final-field decision thresholds are varied.
rule_032,0.62,0.48,0.55,False,opening_biased,Opening-biased,-1.0,1.0,4.0,0.9348301372253657,0.0017209714890793531,0.0,1.423771034276303,1.1348301372253655,0.0,unstable,True,True,Model outputs are unchanged; only final-field decision thresholds are varied.
rule_032,0.62,0.48,0.55,False,neutral,Neutral,0.0,1.0,4.0,0.5180200650229638,0.0058807154498895405,0.0,1.2924064209147816,0.7180200650229637,0.0,unstable,True,True,Model outputs are unchanged; only final-field decision thresholds are varied.
rule_032,0.62,0.48,0.55,False,filling_biased,Filling-biased,1.0,1.0,4.0,0.163582808974265,0.003092482169026029,1.0,1.067138330551419,0.163582808974265,1.0,stable,True,True,Model outputs are unchanged; only final-field decision thresholds are varied.
rule_033,0.62,0.48,0.6,False,opening_biased,Opening-biased,-1.0,1.0,4.0,0.9348301372253657,0.0017209714890793531,0.0,1.423771034276303,1.1348301372253655,0.0,unstable,True,True,Model outputs are unchanged; only final-field decision thresholds are varied.
rule_033,0.62,0.48,0.6,False,neutral,Neutral,0.0,1.0,4.0,0.5180200650229638,0.0058807154498895405,0.0,1.2924064209147816,0.7180200650229637,0.0,unstable,True,True,Model outputs are unchanged; only final-field decision thresholds are varied.
rule_033,0.62,0.48,0.6,False,filling_biased,Filling-biased,1.0,1.0,4.0,0.163582808974265,0.003092482169026029,1.0,1.067138330551419,0.163582808974265,1.0,stable,True,True,Model outputs are unchanged; only final-field decision thresholds are varied.
rule_034,0.62,0.5,0.5,False,opening_biased,Opening-biased,-1.0,1.0,4.0,0.9348301372253657,0.0017209714890793531,0.0,1.423771034276303,1.1348301372253655,0.0,unstable,True,True,Model outputs are unchanged; only final-field decision thresholds are varied.
rule_034,0.62,0.5,0.5,False,neutral,Neutral,0.0,1.0,4.0,0.5180200650229638,0.0058807154498895405,0.0,1.2924064209147816,0.7180200650229637,0.0,unstable,True,True,Model outputs are unchanged; only final-field decision thresholds are varied.
rule_034,0.62,0.5,0.5,False,filling_biased,Filling-biased,1.0,1.0,4.0,0.163582808974265,0.003092482169026029,1.0,1.067138330551419,0.163582808974265,1.0,stable,True,True,Model outputs are unchanged; only final-field decision thresholds are varied.
rule_035,0.62,0.5,0.55,False,opening_biased,Opening-biased,-1.0,1.0,4.0,0.9348301372253657,0.0017209714890793531,0.0,1.423771034276303,1.1348301372253655,0.0,unstable,True,True,Model outputs are unchanged; only final-field decision thresholds are varied.
rule_035,0.62,0.5,0.55,False,neutral,Neutral,0.0,1.0,4.0,0.5180200650229638,0.0058807154498895405,0.0,1.2924064209147816,0.7180200650229637,0.0,unstable,True,True,Model outputs are unchanged; only final-field decision thresholds are varied.
rule_035,0.62,0.5,0.55,False,filling_biased,Filling-biased,1.0,1.0,4.0,0.163582808974265,0.003092482169026029,1.0,1.067138330551419,0.163582808974265,1.0,stable,True,True,Model outputs are unchanged; only final-field decision thresholds are varied.
rule_036,0.62,0.5,0.6,False,opening_biased,Opening-biased,-1.0,1.0,4.0,0.9348301372253657,0.0017209714890793531,0.0,1.423771034276303,1.1348301372253655,0.0,unstable,True,True,Model outputs are unchanged; only final-field decision thresholds are varied.
rule_036,0.62,0.5,0.6,False,neutral,Neutral,0.0,1.0,4.0,0.5180200650229638,0.0058807154498895405,0.0,1.2924064209147816,0.7180200650229637,0.0,unstable,True,True,Model outputs are unchanged; only final-field decision thresholds are varied.
rule_036,0.62,0.5,0.6,False,filling_biased,Filling-biased,1.0,1.0,4.0,0.163582808974265,0.003092482169026029,1.0,1.067138330551419,0.163582808974265,1.0,stable,True,True,Model outputs are unchanged; only final-field decision thresholds are varied.
rule_037,0.62,0.52,0.5,False,opening_biased,Opening-biased,-1.0,1.0,4.0,0.9348301372253657,0.0017209714890793531,0.0,1.423771034276303,1.1348301372253655,0.0,unstable,True,True,Model outputs are unchanged; only final-field decision thresholds are varied.
rule_037,0.62,0.52,0.5,False,neutral,Neutral,0.0,1.0,4.0,0.5180200650229638,0.0058807154498895405,0.0,1.2924064209147816,0.7180200650229637,0.0,unstable,True,True,Model outputs are unchanged; only final-field decision thresholds are varied.
rule_037,0.62,0.52,0.5,False,filling_biased,Filling-biased,1.0,1.0,4.0,0.163582808974265,0.003092482169026029,1.0,1.067138330551419,0.163582808974265,1.0,stable,True,True,Model outputs are unchanged; only final-field decision thresholds are varied.
rule_038,0.62,0.52,0.55,True,opening_biased,Opening-biased,-1.0,1.0,4.0,0.9348301372253657,0.0017209714890793531,0.0,1.423771034276303,1.1348301372253655,0.0,unstable,True,True,Model outputs are unchanged; only final-field decision thresholds are varied.
rule_038,0.62,0.52,0.55,True,neutral,Neutral,0.0,1.0,4.0,0.5180200650229638,0.0058807154498895405,0.0,1.2924064209147816,0.7180200650229637,0.0,unstable,True,True,Model outputs are unchanged; only final-field decision thresholds are varied.
rule_038,0.62,0.52,0.55,True,filling_biased,Filling-biased,1.0,1.0,4.0,0.163582808974265,0.003092482169026029,1.0,1.067138330551419,0.163582808974265,1.0,stable,True,True,Model outputs are unchanged; only final-field decision thresholds are varied.
rule_039,0.62,0.52,0.6,False,opening_biased,Opening-biased,-1.0,1.0,4.0,0.9348301372253657,0.0017209714890793531,0.0,1.423771034276303,1.1348301372253655,0.0,unstable,True,True,Model outputs are unchanged; only final-field decision thresholds are varied.
rule_039,0.62,0.52,0.6,False,neutral,Neutral,0.0,1.0,4.0,0.5180200650229638,0.0058807154498895405,0.0,1.2924064209147816,0.7180200650229637,0.0,unstable,True,True,Model outputs are unchanged; only final-field decision thresholds are varied.
rule_039,0.62,0.52,0.6,False,filling_biased,Filling-biased,1.0,1.0,4.0,0.163582808974265,0.003092482169026029,1.0,1.067138330551419,0.163582808974265,1.0,stable,True,True,Model outputs are unchanged; only final-field decision thresholds are varied.
rule_040,0.62,0.54,0.5,False,opening_biased,Opening-biased,-1.0,1.0,4.0,0.9348301372253657,0.0017209714890793531,0.0,1.423771034276303,1.1348301372253655,0.0,unstable,True,True,Model outputs are unchanged; only final-field decision thresholds are varied.
rule_040,0.62,0.54,0.5,False,neutral,Neutral,0.0,1.0,4.0,0.5180200650229638,0.0058807154498895405,0.0,1.2924064209147816,0.7180200650229637,0.0,unstable,True,True,Model outputs are unchanged; only final-field decision thresholds are varied.
rule_040,0.62,0.54,0.5,False,filling_biased,Filling-biased,1.0,1.0,4.0,0.163582808974265,0.003092482169026029,1.0,1.067138330551419,0.163582808974265,1.0,stable,True,True,Model outputs are unchanged; only final-field decision thresholds are varied.
rule_041,0.62,0.54,0.55,False,opening_biased,Opening-biased,-1.0,1.0,4.0,0.9348301372253657,0.0017209714890793531,0.0,1.423771034276303,1.1348301372253655,0.0,unstable,True,True,Model outputs are unchanged; only final-field decision thresholds are varied.
rule_041,0.62,0.54,0.55,False,neutral,Neutral,0.0,1.0,4.0,0.5180200650229638,0.0058807154498895405,0.0,1.2924064209147816,0.7180200650229637,0.0,unstable,True,True,Model outputs are unchanged; only final-field decision thresholds are varied.
rule_041,0.62,0.54,0.55,False,filling_biased,Filling-biased,1.0,1.0,4.0,0.163582808974265,0.003092482169026029,1.0,1.067138330551419,0.163582808974265,1.0,stable,True,True,Model outputs are unchanged; only final-field decision thresholds are varied.
rule_042,0.62,0.54,0.6,False,opening_biased,Opening-biased,-1.0,1.0,4.0,0.9348301372253657,0.0017209714890793531,0.0,1.423771034276303,1.1348301372253655,0.0,unstable,True,True,Model outputs are unchanged; only final-field decision thresholds are varied.
rule_042,0.62,0.54,0.6,False,neutral,Neutral,0.0,1.0,4.0,0.5180200650229638,0.0058807154498895405,0.0,1.2924064209147816,0.7180200650229637,0.0,unstable,True,True,Model outputs are unchanged; only final-field decision thresholds are varied.
rule_042,0.62,0.54,0.6,False,filling_biased,Filling-biased,1.0,1.0,4.0,0.163582808974265,0.003092482169026029,1.0,1.067138330551419,0.163582808974265,1.0,stable,True,True,Model outputs are unchanged; only final-field decision thresholds are varied.
rule_043,0.62,0.56,0.5,False,opening_biased,Opening-biased,-1.0,1.0,4.0,0.9348301372253657,0.0017209714890793531,0.0,1.423771034276303,1.1348301372253655,0.0,unstable,True,True,Model outputs are unchanged; only final-field decision thresholds are varied.
rule_043,0.62,0.56,0.5,False,neutral,Neutral,0.0,1.0,4.0,0.5180200650229638,0.0058807154498895405,0.0,1.2924064209147816,0.7180200650229637,0.0,unstable,True,True,Model outputs are unchanged; only final-field decision thresholds are varied.
rule_043,0.62,0.56,0.5,False,filling_biased,Filling-biased,1.0,1.0,4.0,0.163582808974265,0.003092482169026029,1.0,1.067138330551419,0.163582808974265,1.0,stable,True,True,Model outputs are unchanged; only final-field decision thresholds are varied.
rule_044,0.62,0.56,0.55,False,opening_biased,Opening-biased,-1.0,1.0,4.0,0.9348301372253657,0.0017209714890793531,0.0,1.423771034276303,1.1348301372253655,0.0,unstable,True,True,Model outputs are unchanged; only final-field decision thresholds are varied.
rule_044,0.62,0.56,0.55,False,neutral,Neutral,0.0,1.0,4.0,0.5180200650229638,0.0058807154498895405,0.0,1.2924064209147816,0.7180200650229637,0.0,unstable,True,True,Model outputs are unchanged; only final-field decision thresholds are varied.
rule_044,0.62,0.56,0.55,False,filling_biased,Filling-biased,1.0,1.0,4.0,0.163582808974265,0.003092482169026029,1.0,1.067138330551419,0.163582808974265,1.0,stable,True,True,Model outputs are unchanged; only final-field decision thresholds are varied.
rule_045,0.62,0.56,0.6,False,opening_biased,Opening-biased,-1.0,1.0,4.0,0.9348301372253657,0.0017209714890793531,0.0,1.423771034276303,1.1348301372253655,0.0,unstable,True,True,Model outputs are unchanged; only final-field decision thresholds are varied.
rule_045,0.62,0.56,0.6,False,neutral,Neutral,0.0,1.0,4.0,0.5180200650229638,0.0058807154498895405,0.0,1.2924064209147816,0.7180200650229637,0.0,unstable,True,True,Model outputs are unchanged; only final-field decision thresholds are varied.
rule_045,0.62,0.56,0.6,False,filling_biased,Filling-biased,1.0,1.0,4.0,0.163582808974265,0.003092482169026029,1.0,1.067138330551419,0.163582808974265,1.0,stable,True,True,Model outputs are unchanged; only final-field decision thresholds are varied.
rule_046,0.64,0.48,0.5,False,opening_biased,Opening-biased,-1.0,1.0,4.0,0.9348301372253657,0.0017209714890793531,0.0,1.423771034276303,1.1348301372253655,0.0,unstable,True,True,Model outputs are unchanged; only final-field decision thresholds are varied.
rule_046,0.64,0.48,0.5,False,neutral,Neutral,0.0,1.0,4.0,0.5180200650229638,0.0058807154498895405,0.0,1.2924064209147816,0.7180200650229637,0.0,unstable,True,True,Model outputs are unchanged; only final-field decision thresholds are varied.
rule_046,0.64,0.48,0.5,False,filling_biased,Filling-biased,1.0,1.0,4.0,0.163582808974265,0.003092482169026029,1.0,1.067138330551419,0.163582808974265,1.0,stable,True,True,Model outputs are unchanged; only final-field decision thresholds are varied.
rule_047,0.64,0.48,0.55,False,opening_biased,Opening-biased,-1.0,1.0,4.0,0.9348301372253657,0.0017209714890793531,0.0,1.423771034276303,1.1348301372253655,0.0,unstable,True,True,Model outputs are unchanged; only final-field decision thresholds are varied.
rule_047,0.64,0.48,0.55,False,neutral,Neutral,0.0,1.0,4.0,0.5180200650229638,0.0058807154498895405,0.0,1.2924064209147816,0.7180200650229637,0.0,unstable,True,True,Model outputs are unchanged; only final-field decision thresholds are varied.
rule_047,0.64,0.48,0.55,False,filling_biased,Filling-biased,1.0,1.0,4.0,0.163582808974265,0.003092482169026029,1.0,1.067138330551419,0.163582808974265,1.0,stable,True,True,Model outputs are unchanged; only final-field decision thresholds are varied.
rule_048,0.64,0.48,0.6,False,opening_biased,Opening-biased,-1.0,1.0,4.0,0.9348301372253657,0.0017209714890793531,0.0,1.423771034276303,1.1348301372253655,0.0,unstable,True,True,Model outputs are unchanged; only final-field decision thresholds are varied.
rule_048,0.64,0.48,0.6,False,neutral,Neutral,0.0,1.0,4.0,0.5180200650229638,0.0058807154498895405,0.0,1.2924064209147816,0.7180200650229637,0.0,unstable,True,True,Model outputs are unchanged; only final-field decision thresholds are varied.
rule_048,0.64,0.48,0.6,False,filling_biased,Filling-biased,1.0,1.0,4.0,0.163582808974265,0.003092482169026029,1.0,1.067138330551419,0.163582808974265,1.0,stable,True,True,Model outputs are unchanged; only final-field decision thresholds are varied.
rule_049,0.64,0.5,0.5,False,opening_biased,Opening-biased,-1.0,1.0,4.0,0.9348301372253657,0.0017209714890793531,0.0,1.423771034276303,1.1348301372253655,0.0,unstable,True,True,Model outputs are unchanged; only final-field decision thresholds are varied.
rule_049,0.64,0.5,0.5,False,neutral,Neutral,0.0,1.0,4.0,0.5180200650229638,0.0058807154498895405,0.0,1.2924064209147816,0.7180200650229637,0.0,unstable,True,True,Model outputs are unchanged; only final-field decision thresholds are varied.
rule_049,0.64,0.5,0.5,False,filling_biased,Filling-biased,1.0,1.0,4.0,0.163582808974265,0.003092482169026029,1.0,1.067138330551419,0.163582808974265,1.0,stable,True,True,Model outputs are unchanged; only final-field decision thresholds are varied.
rule_050,0.64,0.5,0.55,False,opening_biased,Opening-biased,-1.0,1.0,4.0,0.9348301372253657,0.0017209714890793531,0.0,1.423771034276303,1.1348301372253655,0.0,unstable,True,True,Model outputs are unchanged; only final-field decision thresholds are varied.
rule_050,0.64,0.5,0.55,False,neutral,Neutral,0.0,1.0,4.0,0.5180200650229638,0.0058807154498895405,0.0,1.2924064209147816,0.7180200650229637,0.0,unstable,True,True,Model outputs are unchanged; only final-field decision thresholds are varied.
rule_050,0.64,0.5,0.55,False,filling_biased,Filling-biased,1.0,1.0,4.0,0.163582808974265,0.003092482169026029,1.0,1.067138330551419,0.163582808974265,1.0,stable,True,True,Model outputs are unchanged; only final-field decision thresholds are varied.
rule_051,0.64,0.5,0.6,False,opening_biased,Opening-biased,-1.0,1.0,4.0,0.9348301372253657,0.0017209714890793531,0.0,1.423771034276303,1.1348301372253655,0.0,unstable,True,True,Model outputs are unchanged; only final-field decision thresholds are varied.
rule_051,0.64,0.5,0.6,False,neutral,Neutral,0.0,1.0,4.0,0.5180200650229638,0.0058807154498895405,0.0,1.2924064209147816,0.7180200650229637,0.0,unstable,True,True,Model outputs are unchanged; only final-field decision thresholds are varied.
rule_051,0.64,0.5,0.6,False,filling_biased,Filling-biased,1.0,1.0,4.0,0.163582808974265,0.003092482169026029,1.0,1.067138330551419,0.163582808974265,1.0,stable,True,True,Model outputs are unchanged; only final-field decision thresholds are varied.
rule_052,0.64,0.52,0.5,False,opening_biased,Opening-biased,-1.0,1.0,4.0,0.9348301372253657,0.0017209714890793531,0.0,1.423771034276303,1.1348301372253655,0.0,unstable,True,True,Model outputs are unchanged; only final-field decision thresholds are varied.
rule_052,0.64,0.52,0.5,False,neutral,Neutral,0.0,1.0,4.0,0.5180200650229638,0.0058807154498895405,0.0,1.2924064209147816,0.7180200650229637,0.0,unstable,True,True,Model outputs are unchanged; only final-field decision thresholds are varied.
rule_052,0.64,0.52,0.5,False,filling_biased,Filling-biased,1.0,1.0,4.0,0.163582808974265,0.003092482169026029,1.0,1.067138330551419,0.163582808974265,1.0,stable,True,True,Model outputs are unchanged; only final-field decision thresholds are varied.
rule_053,0.64,0.52,0.55,False,opening_biased,Opening-biased,-1.0,1.0,4.0,0.9348301372253657,0.0017209714890793531,0.0,1.423771034276303,1.1348301372253655,0.0,unstable,True,True,Model outputs are unchanged; only final-field decision thresholds are varied.
rule_053,0.64,0.52,0.55,False,neutral,Neutral,0.0,1.0,4.0,0.5180200650229638,0.0058807154498895405,0.0,1.2924064209147816,0.7180200650229637,0.0,unstable,True,True,Model outputs are unchanged; only final-field decision thresholds are varied.
rule_053,0.64,0.52,0.55,False,filling_biased,Filling-biased,1.0,1.0,4.0,0.163582808974265,0.003092482169026029,1.0,1.067138330551419,0.163582808974265,1.0,stable,True,True,Model outputs are unchanged; only final-field decision thresholds are varied.
rule_054,0.64,0.52,0.6,False,opening_biased,Opening-biased,-1.0,1.0,4.0,0.9348301372253657,0.0017209714890793531,0.0,1.423771034276303,1.1348301372253655,0.0,unstable,True,True,Model outputs are unchanged; only final-field decision thresholds are varied.
rule_054,0.64,0.52,0.6,False,neutral,Neutral,0.0,1.0,4.0,0.5180200650229638,0.0058807154498895405,0.0,1.2924064209147816,0.7180200650229637,0.0,unstable,True,True,Model outputs are unchanged; only final-field decision thresholds are varied.
rule_054,0.64,0.52,0.6,False,filling_biased,Filling-biased,1.0,1.0,4.0,0.163582808974265,0.003092482169026029,1.0,1.067138330551419,0.163582808974265,1.0,stable,True,True,Model outputs are unchanged; only final-field decision thresholds are varied.
rule_055,0.64,0.54,0.5,False,opening_biased,Opening-biased,-1.0,1.0,4.0,0.9348301372253657,0.0017209714890793531,0.0,1.423771034276303,1.1348301372253655,0.0,unstable,True,True,Model outputs are unchanged; only final-field decision thresholds are varied.
rule_055,0.64,0.54,0.5,False,neutral,Neutral,0.0,1.0,4.0,0.5180200650229638,0.0058807154498895405,0.0,1.2924064209147816,0.7180200650229637,0.0,unstable,True,True,Model outputs are unchanged; only final-field decision thresholds are varied.
rule_055,0.64,0.54,0.5,False,filling_biased,Filling-biased,1.0,1.0,4.0,0.163582808974265,0.003092482169026029,1.0,1.067138330551419,0.163582808974265,1.0,stable,True,True,Model outputs are unchanged; only final-field decision thresholds are varied.
rule_056,0.64,0.54,0.55,False,opening_biased,Opening-biased,-1.0,1.0,4.0,0.9348301372253657,0.0017209714890793531,0.0,1.423771034276303,1.1348301372253655,0.0,unstable,True,True,Model outputs are unchanged; only final-field decision thresholds are varied.
rule_056,0.64,0.54,0.55,False,neutral,Neutral,0.0,1.0,4.0,0.5180200650229638,0.0058807154498895405,0.0,1.2924064209147816,0.7180200650229637,0.0,unstable,True,True,Model outputs are unchanged; only final-field decision thresholds are varied.
rule_056,0.64,0.54,0.55,False,filling_biased,Filling-biased,1.0,1.0,4.0,0.163582808974265,0.003092482169026029,1.0,1.067138330551419,0.163582808974265,1.0,stable,True,True,Model outputs are unchanged; only final-field decision thresholds are varied.
rule_057,0.64,0.54,0.6,False,opening_biased,Opening-biased,-1.0,1.0,4.0,0.9348301372253657,0.0017209714890793531,0.0,1.423771034276303,1.1348301372253655,0.0,unstable,True,True,Model outputs are unchanged; only final-field decision thresholds are varied.
rule_057,0.64,0.54,0.6,False,neutral,Neutral,0.0,1.0,4.0,0.5180200650229638,0.0058807154498895405,0.0,1.2924064209147816,0.7180200650229637,0.0,unstable,True,True,Model outputs are unchanged; only final-field decision thresholds are varied.
rule_057,0.64,0.54,0.6,False,filling_biased,Filling-biased,1.0,1.0,4.0,0.163582808974265,0.003092482169026029,1.0,1.067138330551419,0.163582808974265,1.0,stable,True,True,Model outputs are unchanged; only final-field decision thresholds are varied.
rule_058,0.64,0.56,0.5,False,opening_biased,Opening-biased,-1.0,1.0,4.0,0.9348301372253657,0.0017209714890793531,0.0,1.423771034276303,1.1348301372253655,0.0,unstable,True,True,Model outputs are unchanged; only final-field decision thresholds are varied.
rule_058,0.64,0.56,0.5,False,neutral,Neutral,0.0,1.0,4.0,0.5180200650229638,0.0058807154498895405,0.0,1.2924064209147816,0.7180200650229637,0.0,unstable,True,True,Model outputs are unchanged; only final-field decision thresholds are varied.
rule_058,0.64,0.56,0.5,False,filling_biased,Filling-biased,1.0,1.0,4.0,0.163582808974265,0.003092482169026029,1.0,1.067138330551419,0.163582808974265,1.0,stable,True,True,Model outputs are unchanged; only final-field decision thresholds are varied.
rule_059,0.64,0.56,0.55,False,opening_biased,Opening-biased,-1.0,1.0,4.0,0.9348301372253657,0.0017209714890793531,0.0,1.423771034276303,1.1348301372253655,0.0,unstable,True,True,Model outputs are unchanged; only final-field decision thresholds are varied.
rule_059,0.64,0.56,0.55,False,neutral,Neutral,0.0,1.0,4.0,0.5180200650229638,0.0058807154498895405,0.0,1.2924064209147816,0.7180200650229637,0.0,unstable,True,True,Model outputs are unchanged; only final-field decision thresholds are varied.
rule_059,0.64,0.56,0.55,False,filling_biased,Filling-biased,1.0,1.0,4.0,0.163582808974265,0.003092482169026029,1.0,1.067138330551419,0.163582808974265,1.0,stable,True,True,Model outputs are unchanged; only final-field decision thresholds are varied.
rule_060,0.64,0.56,0.6,False,opening_biased,Opening-biased,-1.0,1.0,4.0,0.9348301372253657,0.0017209714890793531,0.0,1.423771034276303,1.1348301372253655,0.0,unstable,True,True,Model outputs are unchanged; only final-field decision thresholds are varied.
rule_060,0.64,0.56,0.6,False,neutral,Neutral,0.0,1.0,4.0,0.5180200650229638,0.0058807154498895405,0.0,1.2924064209147816,0.7180200650229637,0.0,unstable,True,True,Model outputs are unchanged; only final-field decision thresholds are varied.
rule_060,0.64,0.56,0.6,False,filling_biased,Filling-biased,1.0,1.0,4.0,0.163582808974265,0.003092482169026029,1.0,1.067138330551419,0.163582808974265,1.0,stable,True,True,Model outputs are unchanged; only final-field decision thresholds are varied.
rule_061,0.66,0.48,0.5,False,opening_biased,Opening-biased,-1.0,1.0,4.0,0.9348301372253657,0.0017209714890793531,0.0,1.423771034276303,1.1348301372253655,0.0,unstable,True,True,Model outputs are unchanged; only final-field decision thresholds are varied.
rule_061,0.66,0.48,0.5,False,neutral,Neutral,0.0,1.0,4.0,0.5180200650229638,0.0058807154498895405,0.0,1.2924064209147816,0.7180200650229637,0.0,unstable,True,True,Model outputs are unchanged; only final-field decision thresholds are varied.
rule_061,0.66,0.48,0.5,False,filling_biased,Filling-biased,1.0,1.0,4.0,0.163582808974265,0.003092482169026029,1.0,1.067138330551419,0.163582808974265,1.0,stable,True,True,Model outputs are unchanged; only final-field decision thresholds are varied.
rule_062,0.66,0.48,0.55,False,opening_biased,Opening-biased,-1.0,1.0,4.0,0.9348301372253657,0.0017209714890793531,0.0,1.423771034276303,1.1348301372253655,0.0,unstable,True,True,Model outputs are unchanged; only final-field decision thresholds are varied.
rule_062,0.66,0.48,0.55,False,neutral,Neutral,0.0,1.0,4.0,0.5180200650229638,0.0058807154498895405,0.0,1.2924064209147816,0.7180200650229637,0.0,unstable,True,True,Model outputs are unchanged; only final-field decision thresholds are varied.
rule_062,0.66,0.48,0.55,False,filling_biased,Filling-biased,1.0,1.0,4.0,0.163582808974265,0.003092482169026029,1.0,1.067138330551419,0.163582808974265,1.0,stable,True,True,Model outputs are unchanged; only final-field decision thresholds are varied.
rule_063,0.66,0.48,0.6,False,opening_biased,Opening-biased,-1.0,1.0,4.0,0.9348301372253657,0.0017209714890793531,0.0,1.423771034276303,1.1348301372253655,0.0,unstable,True,True,Model outputs are unchanged; only final-field decision thresholds are varied.
rule_063,0.66,0.48,0.6,False,neutral,Neutral,0.0,1.0,4.0,0.5180200650229638,0.0058807154498895405,0.0,1.2924064209147816,0.7180200650229637,0.0,unstable,True,True,Model outputs are unchanged; only final-field decision thresholds are varied.
rule_063,0.66,0.48,0.6,False,filling_biased,Filling-biased,1.0,1.0,4.0,0.163582808974265,0.003092482169026029,1.0,1.067138330551419,0.163582808974265,1.0,stable,True,True,Model outputs are unchanged; only final-field decision thresholds are varied.
rule_064,0.66,0.5,0.5,False,opening_biased,Opening-biased,-1.0,1.0,4.0,0.9348301372253657,0.0017209714890793531,0.0,1.423771034276303,1.1348301372253655,0.0,unstable,True,True,Model outputs are unchanged; only final-field decision thresholds are varied.
rule_064,0.66,0.5,0.5,False,neutral,Neutral,0.0,1.0,4.0,0.5180200650229638,0.0058807154498895405,0.0,1.2924064209147816,0.7180200650229637,0.0,unstable,True,True,Model outputs are unchanged; only final-field decision thresholds are varied.
rule_064,0.66,0.5,0.5,False,filling_biased,Filling-biased,1.0,1.0,4.0,0.163582808974265,0.003092482169026029,1.0,1.067138330551419,0.163582808974265,1.0,stable,True,True,Model outputs are unchanged; only final-field decision thresholds are varied.
rule_065,0.66,0.5,0.55,False,opening_biased,Opening-biased,-1.0,1.0,4.0,0.9348301372253657,0.0017209714890793531,0.0,1.423771034276303,1.1348301372253655,0.0,unstable,True,True,Model outputs are unchanged; only final-field decision thresholds are varied.
rule_065,0.66,0.5,0.55,False,neutral,Neutral,0.0,1.0,4.0,0.5180200650229638,0.0058807154498895405,0.0,1.2924064209147816,0.7180200650229637,0.0,unstable,True,True,Model outputs are unchanged; only final-field decision thresholds are varied.
rule_065,0.66,0.5,0.55,False,filling_biased,Filling-biased,1.0,1.0,4.0,0.163582808974265,0.003092482169026029,1.0,1.067138330551419,0.163582808974265,1.0,stable,True,True,Model outputs are unchanged; only final-field decision thresholds are varied.
rule_066,0.66,0.5,0.6,False,opening_biased,Opening-biased,-1.0,1.0,4.0,0.9348301372253657,0.0017209714890793531,0.0,1.423771034276303,1.1348301372253655,0.0,unstable,True,True,Model outputs are unchanged; only final-field decision thresholds are varied.
rule_066,0.66,0.5,0.6,False,neutral,Neutral,0.0,1.0,4.0,0.5180200650229638,0.0058807154498895405,0.0,1.2924064209147816,0.7180200650229637,0.0,unstable,True,True,Model outputs are unchanged; only final-field decision thresholds are varied.
rule_066,0.66,0.5,0.6,False,filling_biased,Filling-biased,1.0,1.0,4.0,0.163582808974265,0.003092482169026029,1.0,1.067138330551419,0.163582808974265,1.0,stable,True,True,Model outputs are unchanged; only final-field decision thresholds are varied.
rule_067,0.66,0.52,0.5,False,opening_biased,Opening-biased,-1.0,1.0,4.0,0.9348301372253657,0.0017209714890793531,0.0,1.423771034276303,1.1348301372253655,0.0,unstable,True,True,Model outputs are unchanged; only final-field decision thresholds are varied.
rule_067,0.66,0.52,0.5,False,neutral,Neutral,0.0,1.0,4.0,0.5180200650229638,0.0058807154498895405,0.0,1.2924064209147816,0.7180200650229637,0.0,unstable,True,True,Model outputs are unchanged; only final-field decision thresholds are varied.
rule_067,0.66,0.52,0.5,False,filling_biased,Filling-biased,1.0,1.0,4.0,0.163582808974265,0.003092482169026029,1.0,1.067138330551419,0.163582808974265,1.0,stable,True,True,Model outputs are unchanged; only final-field decision thresholds are varied.
rule_068,0.66,0.52,0.55,False,opening_biased,Opening-biased,-1.0,1.0,4.0,0.9348301372253657,0.0017209714890793531,0.0,1.423771034276303,1.1348301372253655,0.0,unstable,True,True,Model outputs are unchanged; only final-field decision thresholds are varied.
rule_068,0.66,0.52,0.55,False,neutral,Neutral,0.0,1.0,4.0,0.5180200650229638,0.0058807154498895405,0.0,1.2924064209147816,0.7180200650229637,0.0,unstable,True,True,Model outputs are unchanged; only final-field decision thresholds are varied.
rule_068,0.66,0.52,0.55,False,filling_biased,Filling-biased,1.0,1.0,4.0,0.163582808974265,0.003092482169026029,1.0,1.067138330551419,0.163582808974265,1.0,stable,True,True,Model outputs are unchanged; only final-field decision thresholds are varied.
rule_069,0.66,0.52,0.6,False,opening_biased,Opening-biased,-1.0,1.0,4.0,0.9348301372253657,0.0017209714890793531,0.0,1.423771034276303,1.1348301372253655,0.0,unstable,True,True,Model outputs are unchanged; only final-field decision thresholds are varied.
rule_069,0.66,0.52,0.6,False,neutral,Neutral,0.0,1.0,4.0,0.5180200650229638,0.0058807154498895405,0.0,1.2924064209147816,0.7180200650229637,0.0,unstable,True,True,Model outputs are unchanged; only final-field decision thresholds are varied.
rule_069,0.66,0.52,0.6,False,filling_biased,Filling-biased,1.0,1.0,4.0,0.163582808974265,0.003092482169026029,1.0,1.067138330551419,0.163582808974265,1.0,stable,True,True,Model outputs are unchanged; only final-field decision thresholds are varied.
rule_070,0.66,0.54,0.5,False,opening_biased,Opening-biased,-1.0,1.0,4.0,0.9348301372253657,0.0017209714890793531,0.0,1.423771034276303,1.1348301372253655,0.0,unstable,True,True,Model outputs are unchanged; only final-field decision thresholds are varied.
rule_070,0.66,0.54,0.5,False,neutral,Neutral,0.0,1.0,4.0,0.5180200650229638,0.0058807154498895405,0.0,1.2924064209147816,0.7180200650229637,0.0,unstable,True,True,Model outputs are unchanged; only final-field decision thresholds are varied.
rule_070,0.66,0.54,0.5,False,filling_biased,Filling-biased,1.0,1.0,4.0,0.163582808974265,0.003092482169026029,1.0,1.067138330551419,0.163582808974265,1.0,stable,True,True,Model outputs are unchanged; only final-field decision thresholds are varied.
rule_071,0.66,0.54,0.55,False,opening_biased,Opening-biased,-1.0,1.0,4.0,0.9348301372253657,0.0017209714890793531,0.0,1.423771034276303,1.1348301372253655,0.0,unstable,True,True,Model outputs are unchanged; only final-field decision thresholds are varied.
rule_071,0.66,0.54,0.55,False,neutral,Neutral,0.0,1.0,4.0,0.5180200650229638,0.0058807154498895405,0.0,1.2924064209147816,0.7180200650229637,0.0,unstable,True,True,Model outputs are unchanged; only final-field decision thresholds are varied.
rule_071,0.66,0.54,0.55,False,filling_biased,Filling-biased,1.0,1.0,4.0,0.163582808974265,0.003092482169026029,1.0,1.067138330551419,0.163582808974265,1.0,stable,True,True,Model outputs are unchanged; only final-field decision thresholds are varied.
rule_072,0.66,0.54,0.6,False,opening_biased,Opening-biased,-1.0,1.0,4.0,0.9348301372253657,0.0017209714890793531,0.0,1.423771034276303,1.1348301372253655,0.0,unstable,True,True,Model outputs are unchanged; only final-field decision thresholds are varied.
rule_072,0.66,0.54,0.6,False,neutral,Neutral,0.0,1.0,4.0,0.5180200650229638,0.0058807154498895405,0.0,1.2924064209147816,0.7180200650229637,0.0,unstable,True,True,Model outputs are unchanged; only final-field decision thresholds are varied.
rule_072,0.66,0.54,0.6,False,filling_biased,Filling-biased,1.0,1.0,4.0,0.163582808974265,0.003092482169026029,1.0,1.067138330551419,0.163582808974265,1.0,stable,True,True,Model outputs are unchanged; only final-field decision thresholds are varied.
rule_073,0.66,0.56,0.5,False,opening_biased,Opening-biased,-1.0,1.0,4.0,0.9348301372253657,0.0017209714890793531,0.0,1.423771034276303,1.1348301372253655,0.0,unstable,True,True,Model outputs are unchanged; only final-field decision thresholds are varied.
rule_073,0.66,0.56,0.5,False,neutral,Neutral,0.0,1.0,4.0,0.5180200650229638,0.0058807154498895405,0.0,1.2924064209147816,0.7180200650229637,0.0,unstable,True,True,Model outputs are unchanged; only final-field decision thresholds are varied.
rule_073,0.66,0.56,0.5,False,filling_biased,Filling-biased,1.0,1.0,4.0,0.163582808974265,0.003092482169026029,1.0,1.067138330551419,0.163582808974265,1.0,stable,True,True,Model outputs are unchanged; only final-field decision thresholds are varied.
rule_074,0.66,0.56,0.55,False,opening_biased,Opening-biased,-1.0,1.0,4.0,0.9348301372253657,0.0017209714890793531,0.0,1.423771034276303,1.1348301372253655,0.0,unstable,True,True,Model outputs are unchanged; only final-field decision thresholds are varied.
rule_074,0.66,0.56,0.55,False,neutral,Neutral,0.0,1.0,4.0,0.5180200650229638,0.0058807154498895405,0.0,1.2924064209147816,0.7180200650229637,0.0,unstable,True,True,Model outputs are unchanged; only final-field decision thresholds are varied.
rule_074,0.66,0.56,0.55,False,filling_biased,Filling-biased,1.0,1.0,4.0,0.163582808974265,0.003092482169026029,1.0,1.067138330551419,0.163582808974265,1.0,stable,True,True,Model outputs are unchanged; only final-field decision thresholds are varied.
rule_075,0.66,0.56,0.6,False,opening_biased,Opening-biased,-1.0,1.0,4.0,0.9348301372253657,0.0017209714890793531,0.0,1.423771034276303,1.1348301372253655,0.0,unstable,True,True,Model outputs are unchanged; only final-field decision thresholds are varied.
rule_075,0.66,0.56,0.6,False,neutral,Neutral,0.0,1.0,4.0,0.5180200650229638,0.0058807154498895405,0.0,1.2924064209147816,0.7180200650229637,0.0,unstable,True,True,Model outputs are unchanged; only final-field decision thresholds are varied.
rule_075,0.66,0.56,0.6,False,filling_biased,Filling-biased,1.0,1.0,4.0,0.163582808974265,0.003092482169026029,1.0,1.067138330551419,0.163582808974265,1.0,stable,True,True,Model outputs are unchanged; only final-field decision thresholds are varied.
