pressure_mpa,current_ma_cm2,minimum_stress_index_for_stable_rule,minimum_stress_index_numeric_for_plot,opening_case_field_risk,filling_case_field_risk,cathode_leverage_risk_drop,stable_stress_count
0.2,1.0,1.0,1.0,0.8064272775578956,0.5813590196308667,0.2250682579270289,1
0.2,2.0,>1,1.25,0.9836373824393481,0.686776179394182,0.29686120304516606,0
0.2,3.0,>1,1.25,1.098841151292861,0.7732740910068272,0.3255670602860339,0
0.2,4.0,>1,1.25,1.14708457440471,0.8702280841449526,0.27685649025975745,0
0.2,5.5,>1,1.25,1.1820500745174551,0.9815530310677392,0.20049704344971597,0
0.2,7.0,>1,1.25,1.192980418697658,1.071639340896949,0.12134107780070913,0
0.5,1.0,0.0,0.0,0.7668873276511257,0.5300960919926734,0.23679123565845228,3
0.5,2.0,0.5,0.5,0.9154053581540424,0.5428048433426653,0.3726005148113771,2
0.5,3.0,0.5,0.5,1.0294762580436163,0.5657160790589755,0.46376017898464084,2
0.5,4.0,1.0,1.0,1.1063465933997696,0.5751271705161374,0.5312194228836322,1
0.5,5.5,1.0,1.0,1.163925401936844,0.6046676115607463,0.5592577903760976,1
0.5,7.0,>1,1.25,1.1833518228890452,0.6476468853994448,0.5357049374896004,0
1.0,1.0,0.0,0.0,0.6653584732190791,0.5225888632781643,0.1427696099409148,3
1.0,2.0,0.0,0.0,0.7569139664361879,0.5266429792408991,0.23027098719528882,3
1.0,3.0,0.0,0.0,0.83447325984639,0.5403282549330088,0.29414500491338114,3
1.0,4.0,0.5,0.5,0.9114460192765812,0.5419093891900773,0.36953663008650395,2
1.0,5.5,1.0,1.0,1.0018173229495473,0.5572315570443498,0.4445857659051975,1
1.0,7.0,1.0,1.0,1.078910999751115,0.5928355123201898,0.4860754874309252,1
2.0,1.0,-1.0,-1.0,0.6093542337250737,0.4439854181466235,0.16536881557845018,5
2.0,2.0,-0.5,-0.5,0.621404582170455,0.4706220907000144,0.15078249147044065,4
2.0,3.0,-0.5,-0.5,0.6388546172195582,0.47130219927241224,0.16755241794714593,4
2.0,4.0,0.0,0.0,0.6782111731794132,0.5188629319786515,0.15934824120076163,3
2.0,5.5,0.5,0.5,0.7322162519328634,0.5292904616759673,0.20292579025689617,2
2.0,7.0,0.5,0.5,0.7867795059774401,0.5657531484526876,0.22102635752475241,2
5.0,1.0,-1.0,-1.0,0.5131433275160193,0.20930140227279437,0.30384192524322495,5
5.0,2.0,-1.0,-1.0,0.5097143575702703,0.21418930717089757,0.2955250503993727,5
5.0,3.0,-1.0,-1.0,0.5318278730518056,0.23308720159532048,0.2987406714564851,5
5.0,4.0,-1.0,-1.0,0.5287729194189883,0.23461058877841234,0.29416233064057595,5
5.0,5.5,-1.0,-1.0,0.5425512433890838,0.2645147749018848,0.278036468487199,5
5.0,7.0,-1.0,-1.0,0.5728047052545024,0.3293847685880239,0.24341993666647854,5
