pressure_mpa,current_ma_cm2,stress_index,boundary_stress_index,jcrit_ma_cm2,nx,ny,steps,void_fraction,contact_fraction,hotspot_factor,mean_current_ratio,p90_local_current_ratio,roughness_energy,field_risk,stable_by_field_rule
0.2,1.0,-1.0,-1.0,0.7083564009103384,62,25,125,0.6064272775578956,0.0,1.7034770301984683,1.4117187318627435,2.404830432829094,0.006858191696130565,0.8064272775578956,False
0.2,1.0,-0.5,-0.5,0.9062672910831142,62,25,125,0.5458997978402207,0.0,1.9205938164844114,1.1034272226738562,2.119235500807976,0.008040244015738296,0.7458997978402206,False
0.2,1.0,0.0,0.0,1.10417818125589,62,25,125,0.47742983692875396,0.0,2.481263679845469,0.9056509329523267,2.247158766552772,0.008709593180270809,0.6774298369287539,False
0.2,1.0,0.5,0.5,1.3020890714286657,62,25,125,0.44197485950629345,0.0,1.762328081017768,0.7679966155485735,1.353462001707858,0.007718951071395037,0.6419748595062935,False
0.2,1.0,1.0,1.0,1.4999999616014417,62,25,125,0.3813590196308667,0.0,1.329082449531747,0.666666683732693,0.8860549890366541,0.005895223586047366,0.5813590196308667,True
0.2,2.0,-1.0,-1.0,0.7083564009103384,62,25,125,0.783637382439348,0.0,1.1488908064605783,2.823437463725487,3.2438213446905846,0.004249505130895422,0.9836373824393481,False
0.2,2.0,-0.5,-0.5,0.9062672910831142,62,25,125,0.6893213383113099,0.0,1.4171225030684325,2.2068544453477124,3.1273830954988475,0.0057229814300931246,0.8893213383113099,False
0.2,2.0,0.0,0.0,1.10417818125589,62,25,125,0.6171487573103372,0.0,1.6098876228793848,1.8113018659046534,2.9159924552182366,0.006798792193407381,0.8171487573103373,False
0.2,2.0,0.5,0.5,1.3020890714286657,62,25,125,0.5673765085072546,0.0,1.8962013891094731,1.535993231097147,2.912552498469158,0.00718281554624649,0.7673765085072546,False
0.2,2.0,1.0,1.0,1.4999999616014417,62,25,125,0.48677617939418194,0.0,1.753153401003777,1.333333367465386,2.3375379278437602,0.006385502319138348,0.686776179394182,False
0.2,3.0,-1.0,-1.0,0.7083564009103384,62,25,125,0.8988411512928611,0.0,1.0,4.235156195588231,4.235156195588231,0.0030684372937438524,1.098841151292861,False
0.2,3.0,-0.5,-0.5,0.9062672910831142,62,25,125,0.805835194942104,0.0,1.1314729787629167,3.310281668021569,3.7454942594606413,0.004034648399169967,1.005835194942104,False
0.2,3.0,0.0,0.0,1.10417818125589,62,25,125,0.7251914339222806,0.0,1.3550762099282974,2.71695279885698,3.681678101229196,0.005699449160754478,0.9251914339222806,False
0.2,3.0,0.5,0.5,1.3020890714286657,62,25,125,0.6720769407249385,0.0,1.488780388449409,2.3039898466457203,3.4301348988727103,0.005956765235198162,0.8720769407249385,False
0.2,3.0,1.0,1.0,1.4999999616014417,62,25,125,0.5732740910068271,0.0,3.1420008514729925,2.000000051198079,6.284001863810393,0.005604707884437671,0.7732740910068272,False
0.2,4.0,-1.0,-1.0,0.7083564009103384,62,25,125,0.94708457440471,0.0,1.0,5.646874927450974,5.646874927450974,0.0028882449089431246,1.14708457440471,False
0.2,4.0,-0.5,-0.5,0.9062672910831142,62,25,125,0.9017483154414261,0.0,1.0,4.413708890695425,4.413708890695425,0.00309610944290986,1.101748315441426,False
0.2,4.0,0.0,0.0,1.10417818125589,62,25,125,0.8450824225429575,0.0,1.028683350099066,3.6226037318093067,3.726512142918976,0.0036629946927139853,1.0450824225429576,False
0.2,4.0,0.5,0.5,1.3020890714286657,62,25,125,0.7767754006200535,0.0,1.1604525589744041,3.071986462194294,3.564894551188095,0.004622991665212795,0.9767754006200535,False
0.2,4.0,1.0,1.0,1.4999999616014417,62,25,125,0.6702280841449526,0.0,1.9698209000655174,2.666666734930772,5.252855867976108,0.00489792676899976,0.8702280841449526,False
0.2,5.5,-1.0,-1.0,0.7083564009103384,62,25,125,0.9820500745174552,0.0,1.0,7.764453025245089,7.764453025245089,0.0027548983428453532,1.1820500745174551,False
0.2,5.5,-0.5,-0.5,0.9062672910831142,62,25,125,0.9573886654014447,0.0,1.0,6.06884972470621,6.06884972470621,0.0028381095000058272,1.1573886654014447,False
0.2,5.5,0.0,0.0,1.10417818125589,62,25,125,0.9232419341457895,0.0,1.0,4.981080131237797,4.981080131237797,0.002941470023767125,1.1232419341457895,False
0.2,5.5,0.5,0.5,1.3020890714286657,62,25,125,0.8731988457232306,0.0,1.030480443514861,4.223981385517154,4.352730211546233,0.0035764870150614084,1.0731988457232307,False
0.2,5.5,1.0,1.0,1.4999999616014417,62,25,125,0.7815530310677391,0.0,1.3512583894544408,3.6666667605298118,4.954614221499645,0.0037436419653866324,0.9815530310677392,False
0.2,7.0,-1.0,-1.0,0.7083564009103384,62,25,125,0.9929804186976581,0.0,1.0,9.882031123039205,9.882031123039205,0.00274624125065453,1.192980418697658,False
0.2,7.0,-0.5,-0.5,0.9062672910831142,62,25,125,0.980744409258693,0.0,1.0,7.723990558716994,7.723990558716994,0.0027640842062399817,1.180744409258693,False
0.2,7.0,0.0,0.0,1.10417818125589,62,25,125,0.9610720951459635,0.0,1.0,6.339556530666287,6.339556530666287,0.002810198723290001,1.1610720951459634,False
0.2,7.0,0.5,0.5,1.3020890714286657,62,25,125,0.9346638118589061,0.0,1.0,5.3759763088400145,5.3759763088400145,0.0028968718754409325,1.134663811858906,False
0.2,7.0,1.0,1.0,1.4999999616014417,62,25,125,0.8716393408969489,0.0,1.13810673341898,4.666666786128851,5.311164891915958,0.0032218177997502687,1.071639340896949,False
0.5,1.0,-1.0,-1.0,0.8457162284418254,62,25,125,0.5668873276511257,0.0,2.22014473408301,1.1824297162210449,2.6251651078914207,0.0070779760481025165,0.7668873276511257,False
0.5,1.0,-0.5,-0.5,2.13428746307234,62,25,125,0.45187702870005386,0.0,1.3148398065160507,0.46854044607490897,0.6160556294620774,0.006663703642883039,0.6518770287000539,False
0.5,1.0,0.0,0.0,3.4228586977028543,62,25,125,0.40133253770717014,0.0,1.278490406582222,0.29215345660372105,0.37351539151769286,0.006541649486991691,0.6013325377071701,True
0.5,1.0,0.5,0.5,4.7114299323333695,62,25,125,0.37271805535419034,0.0,1.2956873346851736,0.2122497870842245,0.27500936091465444,0.0056110925900682935,0.5727180553541904,True
0.5,1.0,1.0,1.0,6.000001166963884,62,25,125,0.3300960919926733,0.0,1.1940278574740926,0.16666663425100953,0.19900460420715113,0.004234925231118116,0.5300960919926734,True
0.5,2.0,-1.0,-1.0,0.8457162284418254,62,25,125,0.7154053581540425,0.0,1.447041769595174,2.3648594324420897,3.422050377964841,0.00501660701686106,0.9154053581540424,False
0.5,2.0,-0.5,-0.5,2.13428746307234,62,25,125,0.5096865588266895,0.0,2.0239331336671,0.9370808921498179,1.8965890665483427,0.00794253316440595,0.7096865588266894,False
0.5,2.0,0.0,0.0,3.4228586977028543,62,25,125,0.4292245442445848,0.0,1.346843394673009,0.5843069132074421,0.7869699065152186,0.007447642895024936,0.6292245442445847,False
0.5,2.0,0.5,0.5,4.7114299323333695,62,25,125,0.39280483508228214,0.0,1.2793507040259144,0.424499574168449,0.5430838290711061,0.006082641003899466,0.5928048350822821,True
0.5,2.0,1.0,1.0,6.000001166963884,62,25,125,0.34280484334266537,0.0,1.1794367116203368,0.33333326850201905,0.39314549407568017,0.004623166038528347,0.5428048433426653,True
0.5,3.0,-1.0,-1.0,0.8457162284418254,62,25,125,0.8294762580436164,0.0,1.160747089819807,3.547289148663135,4.117505556060114,0.0041707094420412,1.0294762580436163,False
0.5,3.0,-0.5,-0.5,2.13428746307234,62,25,125,0.5717098769879438,0.0,2.0737766663056676,1.405621338224727,2.9149447328717857,0.007135095686177363,0.7717098769879438,False
0.5,3.0,0.0,0.0,3.4228586977028543,62,25,125,0.4736491605231976,0.0,1.8351566024637822,0.8764603698111632,1.6084420344568042,0.008303021719867694,0.6736491605231976,False
0.5,3.0,0.5,0.5,4.7114299323333695,62,25,125,0.41911839112680827,0.0,1.325100903663156,0.6367493612526736,0.8437571540028551,0.006673894301750114,0.6191183911268083,True
0.5,3.0,1.0,1.0,6.000001166963884,62,25,125,0.3657160790589754,0.0,1.2176419609129627,0.4999999027530286,0.6088208620444884,0.005005225445524041,0.5657160790589755,True
0.5,4.0,-1.0,-1.0,0.8457162284418254,62,25,125,0.9063465933997696,0.0,1.0417544646964938,4.7297188648841795,4.927205744252327,0.003184120806482,1.1063465933997696,False
0.5,4.0,-0.5,-0.5,2.13428746307234,62,25,125,0.6264255019580899,0.0,1.7839552429204295,1.8741617842996359,3.3434207411824426,0.006444175967969729,0.82642550195809,False
0.5,4.0,0.0,0.0,3.4228586977028543,62,25,125,0.5122974358944833,0.0,2.469155009186359,1.1686138264148842,2.8854886832967495,0.00829655207298871,0.7122974358944834,False
0.5,4.0,0.5,0.5,4.7114299323333695,62,25,125,0.4316439368127647,0.0,1.7821534674802102,0.848999148336898,1.5130467760963482,0.007412209511697703,0.6316439368127647,False
0.5,4.0,1.0,1.0,6.000001166963884,62,25,125,0.3751271705161374,0.0,1.275158788296274,0.6666665370040381,0.8501056935237424,0.005389800842642487,0.5751271705161374,True
0.5,5.5,-1.0,-1.0,0.8457162284418254,62,25,125,0.963925401936844,0.0,1.0,6.5033634392157476,6.5033634392157476,0.0027700284329254346,1.163925401936844,False
0.5,5.5,-0.5,-0.5,2.13428746307234,62,25,125,0.7173401221646774,0.0,1.483665867481816,2.576972453411999,3.8233660705682575,0.005410474198962669,0.9173401221646773,False
0.5,5.5,0.0,0.0,3.4228586977028543,62,25,125,0.5742411486894035,0.0,1.9936901790579087,1.6068440113204658,3.2035491246476275,0.0073637478087382234,0.7742411486894034,False
0.5,5.5,0.5,0.5,4.7114299323333695,62,25,125,0.49577581877333876,0.0,2.566955878146746,1.167373828963235,2.9965971122518495,0.007526210593406444,0.6957758187733387,False
0.5,5.5,1.0,1.0,6.000001166963884,62,25,125,0.4046676115607464,0.0,1.5063719218905725,0.9166664883805524,1.3808406598344949,0.006042574904599255,0.6046676115607463,True
0.5,7.0,-1.0,-1.0,0.8457162284418254,62,25,125,0.9833518228890452,0.0,1.0,8.277008013547315,8.277008013547315,0.0027413732726890593,1.1833518228890452,False
0.5,7.0,-0.5,-0.5,2.13428746307234,62,25,125,0.8064777479997188,0.0,1.187068723531041,3.2797831225243628,3.8933279647136474,0.004014760251853255,1.006477747999719,False
0.5,7.0,0.0,0.0,3.4228586977028543,62,25,125,0.6348628480650653,0.0,1.7219576645048507,2.0450741962260475,3.521531186672539,0.006417500195138672,0.8348628480650653,False
0.5,7.0,0.5,0.5,4.7114299323333695,62,25,125,0.5356938207454107,0.0,2.4619793181591967,1.4857485095895717,3.657882102595376,0.007146197140777722,0.7356938207454107,False
0.5,7.0,1.0,1.0,6.000001166963884,62,25,125,0.44764688539944486,0.0,1.6386047954228948,1.1666664397570667,1.9117052228448854,0.0060808223629343315,0.6476468853994448,False
1.0,1.0,-1.0,-1.0,1.5564963731073176,62,25,125,0.4653584732190792,0.0,1.3012005452283868,0.6424685706164841,0.8359804543782714,0.0062475159976966375,0.6653584732190791,False
1.0,1.0,-0.5,-0.5,2.91717263625656,62,25,125,0.4269665333918632,0.0,1.2225030247095343,0.3427976759315974,0.4190711956897765,0.005946997075434503,0.6269665333918633,False
1.0,1.0,0.0,0.0,4.277848899405804,62,25,125,0.38317334517135093,0.0,1.2264009943939171,0.23376234727199008,0.2866863751462248,0.0058770334449264995,0.583173345171351,True
1.0,1.0,0.5,0.5,5.638525162555046,62,25,125,0.3486594375137855,0.0,1.2010465355056497,0.17735134120548274,0.2130072139221254,0.004878027012170059,0.5486594375137854,True
1.0,1.0,1.0,1.0,6.999201425704289,62,25,125,0.3225888632781643,0.0,1.149294813817673,0.14287344215120595,0.16420370609666035,0.0037395658639542244,0.5225888632781643,True
1.0,2.0,-1.0,-1.0,1.5564963731073176,62,25,125,0.556913966436188,0.0,1.938075785184847,1.2849371412329682,2.4903055589082577,0.006633847301327383,0.7569139664361879,False
1.0,2.0,-0.5,-0.5,2.91717263625656,62,25,125,0.451859422564317,0.0,1.3263297101033509,0.6855953518631948,0.9093254842849161,0.0068522617706973715,0.6518594225643171,False
1.0,2.0,0.0,0.0,4.277848899405804,62,25,125,0.40102064390980663,0.0,1.2817910060112543,0.46752469454398016,0.5992689485546328,0.006468650735274929,0.6010206439098067,True
1.0,2.0,0.5,0.5,5.638525162555046,62,25,125,0.36102490605541704,0.0,1.2143552477280524,0.3547026824109655,0.43073506376897264,0.005213395541286159,0.5610249060554171,True
1.0,2.0,1.0,1.0,6.999201425704289,62,25,125,0.326642979240899,0.0,1.1628773470275784,0.2857468843024119,0.3322885787389852,0.004041789507648599,0.5266429792408991,True
1.0,3.0,-1.0,-1.0,1.5564963731073176,62,25,125,0.6344732598463899,0.0,2.172083572512211,1.9274057118494523,4.1864862842744,0.0057572130665147075,0.83447325984639,False
1.0,3.0,-0.5,-0.5,2.91717263625656,62,25,125,0.49508984938132916,0.0,1.880846858871424,1.0283930277947921,1.934249796013108,0.007485507575653034,0.6950898493813291,False
1.0,3.0,0.0,0.0,4.277848899405804,62,25,125,0.4193445790455904,0.0,1.3804340175725043,0.7012870418159702,0.9680804886055565,0.007167028234728143,0.6193445790455905,True
1.0,3.0,0.5,0.5,5.638525162555046,62,25,125,0.3731507845105094,0.0,1.3209053007173206,0.5320540236164482,0.702792980062945,0.005642630963266054,0.5731507845105095,True
1.0,3.0,1.0,1.0,6.999201425704289,62,25,125,0.3403282549330089,0.0,1.1861294914725529,0.42862032645361786,0.5083992098512293,0.004320548633419854,0.5403282549330088,True
1.0,4.0,-1.0,-1.0,1.5564963731073176,62,25,125,0.7114460192765812,0.0,1.7189963826043562,2.5698742824659364,4.417604595306909,0.005016387028293454,0.9114460192765812,False
1.0,4.0,-0.5,-0.5,2.91717263625656,62,25,125,0.54197816544519,0.0,2.133964328728048,1.3711907037263895,2.926072049635625,0.0070190948543291075,0.74197816544519,False
1.0,4.0,0.0,0.0,4.277848899405804,62,25,125,0.4615189451388928,0.0,1.6824292743070293,0.9350493890879603,1.573154465124488,0.007773627572617001,0.6615189451388928,False
1.0,4.0,0.5,0.5,5.638525162555046,62,25,125,0.4000394042980864,0.0,1.2703884024861258,0.709405364821931,0.9012203481312202,0.006232547615413429,0.6000394042980863,True
1.0,4.0,1.0,1.0,6.999201425704289,62,25,125,0.3419093891900772,0.0,1.2086078486556397,0.5714937686048238,0.69071185419358,0.004485782473528332,0.5419093891900773,True
1.0,5.5,-1.0,-1.0,1.5564963731073176,62,25,125,0.8018173229495472,0.0,1.3976770870966997,3.5335771383906622,4.9387998018173525,0.004404936981374624,1.0018173229495473,False
1.0,5.5,-0.5,-0.5,2.91717263625656,62,25,125,0.5985364184207431,0.0,2.4000926367868556,1.8853872176237858,4.525103978510905,0.006410386309928585,0.7985364184207431,False
1.0,5.5,0.0,0.0,4.277848899405804,62,25,125,0.5212867016518883,0.0,1.9591149194986086,1.2856929099959453,2.518820161866638,0.007466427715589687,0.7212867016518882,False
1.0,5.5,0.5,0.5,5.638525162555046,62,25,125,0.42962979559610714,0.0,1.7771060292569063,0.975432376630155,1.733446757641842,0.006759060188154313,0.6296297955961072,False
1.0,5.5,1.0,1.0,6.999201425704289,62,25,125,0.3572315570443497,0.0,1.2249258726258203,0.7858039318316328,0.9625515669116633,0.005062423257249836,0.5572315570443498,True
1.0,7.0,-1.0,-1.0,1.5564963731073176,62,25,125,0.878910999751115,0.0,1.1388125380742966,4.497279994315388,5.1215588447570655,0.00372161338579945,1.078910999751115,False
1.0,7.0,-0.5,-0.5,2.91717263625656,62,25,125,0.6658729363804246,0.0,1.9455041547453333,2.3995837315211817,4.66840011933377,0.005694825287664681,0.8658729363804245,False
1.0,7.0,0.0,0.0,4.277848899405804,62,25,125,0.5584511273719499,0.0,2.2827554653732958,1.6363364309039305,3.7353559308353796,0.006943520781385282,0.7584511273719499,False
1.0,7.0,0.5,0.5,5.638525162555046,62,25,125,0.4766605772029422,0.0,1.9181603183045064,1.241459388438379,2.381318135689079,0.006608257764798486,0.6766605772029421,False
1.0,7.0,1.0,1.0,6.999201425704289,62,25,125,0.3928355123201899,0.0,1.4520754912519547,1.0001140950584417,1.4522411658899907,0.005513374995134357,0.5928355123201898,True
2.0,1.0,-1.0,-1.0,3.9868030375009607,62,25,125,0.40935423372507374,0.0,1.1567932049563259,0.250827540411133,0.2901555943635069,0.004692800372203938,0.6093542337250737,True
2.0,1.0,-0.5,-0.5,4.740201811981896,62,25,125,0.38274649286598883,0.0,1.1465884231456758,0.21096148216143065,0.24188599317594942,0.00486743281487949,0.5827464928659889,True
2.0,1.0,0.0,0.0,5.493600586462832,62,25,125,0.34954064820435027,0.0,1.1771437703586463,0.18202997911136284,0.2142754559294553,0.00475442540236782,0.5495406482043503,True
2.0,1.0,0.5,0.5,6.246999360943768,62,25,125,0.30806579548428226,0.0,1.1443096760151794,0.1600768532572612,0.18317749208834597,0.003723040567791974,0.5080657954842822,True
2.0,1.0,1.0,1.0,7.000398135424703,62,25,125,0.28592090201759124,0.20967741935483872,1.1254205337872698,0.1428490181065011,0.16076521820840584,0.0030039605031712707,0.4439854181466235,True
2.0,2.0,-1.0,-1.0,3.9868030375009607,62,25,125,0.42140458217045496,0.0,1.1844505647326515,0.501655080822266,0.5941856437809369,0.00517900929157904,0.621404582170455,False
2.0,2.0,-0.5,-0.5,4.740201811981896,62,25,125,0.3844083295463818,0.0,1.1875610481368042,0.4219229643228613,0.5010592777442446,0.005253021003388467,0.5844083295463818,True
2.0,2.0,0.0,0.0,5.493600586462832,62,25,125,0.3638027439823288,0.0,1.196839854871903,0.3640599582227257,0.43572146756395813,0.00513107843232061,0.5638027439823288,True
2.0,2.0,0.5,0.5,6.246999360943768,62,25,125,0.3228582640993245,0.0,1.1584351136295619,0.3201537065145224,0.37087729538507613,0.004000568109653915,0.5228582640993245,True
2.0,2.0,1.0,1.0,7.000398135424703,62,25,125,0.2964285423129176,0.12903225806451613,1.1142744108856353,0.2856980362130022,0.31834601099242593,0.00315617091365324,0.4706220907000144,True
2.0,3.0,-1.0,-1.0,3.9868030375009607,62,25,125,0.4388546172195582,0.0,1.242215930261244,0.752482621233399,0.934745899340866,0.005723706484358834,0.6388546172195582,False
2.0,3.0,-0.5,-0.5,4.740201811981896,62,25,125,0.4065933543319622,0.0,1.1972114663779139,0.632884446484292,0.7576965162232336,0.005758813382723837,0.6065933543319622,True
2.0,3.0,0.0,0.0,5.493600586462832,62,25,125,0.38271827511873524,0.0,1.1992315225798167,0.5460899373340885,0.6548882670146757,0.0055619133626077415,0.5827182751187352,True
2.0,3.0,0.5,0.5,6.246999360943768,62,25,125,0.3485231937123714,0.0,1.1599897518985116,0.4802305597717836,0.5570625278837545,0.004395868821720878,0.5485231937123713,True
2.0,3.0,1.0,1.0,7.000398135424703,62,25,125,0.29710865088531546,0.12903225806451613,1.1743932335147482,0.4285470543195033,0.5032827608355019,0.003308269846872225,0.47130219927241224,True
2.0,4.0,-1.0,-1.0,3.9868030375009607,62,25,125,0.4782111731794132,0.0,1.4362757350984137,1.003310161644532,1.4410300399477085,0.006119127186515573,0.6782111731794132,False
2.0,4.0,-0.5,-0.5,4.740201811981896,62,25,125,0.43028966491684406,0.0,1.2952586459828928,0.8438459286457226,1.0929987349558354,0.006284081024832493,0.6302896649168441,False
2.0,4.0,0.0,0.0,5.493600586462832,62,25,125,0.39399655361361086,0.0,1.2567354432870752,0.7281199164454514,0.9150541059602225,0.00601297447580974,0.5939965536136109,True
2.0,4.0,0.5,0.5,6.246999360943768,62,25,125,0.3459137698855106,0.0,1.1899469656747823,0.6403074130290448,0.7619318632329815,0.004588133178513973,0.5459137698855105,True
2.0,4.0,1.0,1.0,7.000398135424703,62,25,125,0.31886293197865156,0.0,1.1718229034139158,0.5713960724260044,0.6695750045895487,0.003657730991711741,0.5188629319786515,True
2.0,5.5,-1.0,-1.0,3.9868030375009607,62,25,125,0.5322162519328635,0.0,1.6429657881912283,1.3795514722612314,2.2665558719740435,0.005726810823032083,0.7322162519328634,False
2.0,5.5,-0.5,-0.5,4.740201811981896,62,25,125,0.47732815145532725,0.0,1.5247119012198695,1.1602881518878687,1.769105154027841,0.006431841696362359,0.6773281514553273,False
2.0,5.5,0.0,0.0,5.493600586462832,62,25,125,0.4326031161187692,0.0,1.482917680260937,1.0011648851124957,1.4846451089897295,0.006659310027132504,0.6326031161187693,False
2.0,5.5,0.5,0.5,6.246999360943768,62,25,125,0.37229701411272176,0.0,1.2826755365081581,0.8804226929149366,1.1292966499886237,0.005122149592914735,0.5722970141127217,True
2.0,5.5,1.0,1.0,7.000398135424703,62,25,125,0.3292904616759673,0.0,1.1590678398839513,0.7856695995857561,0.9106443656543514,0.0040151961270799156,0.5292904616759673,True
2.0,7.0,-1.0,-1.0,3.9868030375009607,62,25,125,0.5867795059774401,0.0,1.7176147746703077,1.755792782877931,3.0157756251306296,0.005270694866998503,0.7867795059774401,False
2.0,7.0,-0.5,-0.5,4.740201811981896,62,25,125,0.5207636842412506,0.0,1.6913124873541823,1.4767303751300147,2.4976125239126197,0.005998424339481178,0.7207636842412506,False
2.0,7.0,0.0,0.0,5.493600586462832,62,25,125,0.46488224251356747,0.0,1.721889418332075,1.2742098537795399,2.1940484639574502,0.006433155463165141,0.6648822425135674,False
2.0,7.0,0.5,0.5,6.246999360943768,62,25,125,0.4064331264975083,0.0,1.5087873290799014,1.1205379728008285,1.6906534951147691,0.005333293196112847,0.6064331264975082,True
2.0,7.0,1.0,1.0,7.000398135424703,62,25,125,0.3657531484526876,0.0,1.291324777431765,0.9999431267455078,1.291251335589066,0.00440750206117051,0.5657531484526876,True
5.0,1.0,-1.0,-1.0,7.0026279604156905,62,25,125,0.31314332751601937,0.0,1.0891453696164877,0.14280353113899227,0.15553380470491734,0.00301062388532456,0.5131433275160193,True
5.0,1.0,-0.5,-0.5,7.002070797665134,62,25,125,0.2875127485432921,0.1935483870967742,1.0898542225323555,0.1428148941786555,0.15564741546111924,0.0029165336167754504,0.44880307112393725,True
5.0,1.0,0.0,0.0,7.001513634914577,62,25,125,0.26391569808560533,0.5967741935483871,1.0873867746274217,0.14282625902680265,0.15530738513525563,0.0024231194525045218,0.3445608593759279,True
5.0,1.0,0.5,0.5,7.00095647216402,62,25,125,0.2381458470815111,0.967741935483871,1.0894864586359256,0.14283762568386552,0.15561965896627858,0.001962783924984995,0.2445974599847369,True
5.0,1.0,1.0,1.0,7.0003993094134636,62,25,125,0.20930140227279437,1.0,1.0769140072914838,0.142848994150276,0.15383608272793148,0.001590678479353271,0.20930140227279437,True
5.0,2.0,-1.0,-1.0,7.0026279604156905,62,25,125,0.3097143575702703,0.0,1.1007301181330693,0.28560706227798455,0.3143762954008848,0.0030915978752255463,0.5097143575702703,True
5.0,2.0,-0.5,-0.5,7.002070797665134,62,25,125,0.28907184645199946,0.0,1.0969533859444653,0.285629788357311,0.31332256346515336,0.003043465511727393,0.48907184645199947,True
5.0,2.0,0.0,0.0,7.001513634914577,62,25,125,0.27778791970796,0.4838709677419355,1.0813637294048106,0.2856525180536053,0.30889427223632165,0.002586808810796686,0.3810137261595729,True
5.0,2.0,0.5,0.5,7.00095647216402,62,25,125,0.2440434763454754,0.9516129032258065,1.0768607321290786,0.28567525136773103,0.3076324603390134,0.0020031515411922263,0.2537208957003141,True
5.0,2.0,1.0,1.0,7.0003993094134636,62,25,125,0.21418930717089757,1.0,1.0718766079325843,0.285697988300552,0.3062329905927588,0.0016091970502221163,0.21418930717089757,True
5.0,3.0,-1.0,-1.0,7.0026279604156905,62,25,125,0.3318278730518055,0.0,1.087196801513038,0.4284105934169768,0.46576662689723974,0.003311817314345958,0.5318278730518056,True
5.0,3.0,-0.5,-0.5,7.002070797665134,62,25,125,0.2980950673648374,0.11290322580645161,1.1024014177548895,0.4284446825359665,0.4723180254571931,0.003219412510844354,0.47551442220354706,True
5.0,3.0,0.0,0.0,7.001513634914577,62,25,125,0.27529533709660137,0.43548387096774194,1.0923001262032448,0.428478777080408,0.4680274222803416,0.0026644253648114655,0.388198562903053,True
5.0,3.0,0.5,0.5,7.00095647216402,62,25,125,0.2399349562769555,0.8709677419354839,1.0935345400801513,0.4285128770515966,0.46859363192504006,0.0020733235642358423,0.2657414078898587,True
5.0,3.0,1.0,1.0,7.0003993094134636,62,25,125,0.23308720159532048,1.0,1.071999016039379,0.428546982450828,0.45940194351393265,0.0018260647615395743,0.23308720159532048,True
5.0,4.0,-1.0,-1.0,7.0026279604156905,62,25,125,0.32877291941898834,0.0,1.10774364887127,0.5712141245559691,0.6327588186224372,0.00346172397251739,0.5287729194189883,True
5.0,4.0,-0.5,-0.5,7.002070797665134,62,25,125,0.31045503164371746,0.0,1.110778127072684,0.571259576714622,0.6345426426954021,0.003466464879067827,0.5104550316437175,True
5.0,4.0,0.0,0.0,7.001513634914577,62,25,125,0.27549058195803733,0.3548387096774194,1.1038818355885165,0.5713050361072106,0.6306532519389914,0.0027688335693746157,0.40452284002255345,True
5.0,4.0,0.5,0.5,7.00095647216402,62,25,125,0.25752623272554176,0.6612903225806451,1.0936792558578146,0.5713505027354621,0.6248741926657083,0.002299241124061841,0.32526816820941273,True
5.0,4.0,1.0,1.0,7.0003993094134636,62,25,125,0.23461058877841234,1.0,1.0834327997651345,0.571395976601104,0.6190691427034675,0.0018647817153345173,0.23461058877841234,True
5.0,5.5,-1.0,-1.0,7.0026279604156905,62,25,125,0.3425512433890837,0.0,1.1149319636975767,0.7854194212644575,0.8756892176765959,0.003786026155845424,0.5425512433890838,True
5.0,5.5,-0.5,-0.5,7.002070797665134,62,25,125,0.31338063520279047,0.0,1.1301519232969097,0.7854819179826052,0.8877139003229868,0.0037220523934755716,0.5133806352027905,True
5.0,5.5,0.0,0.0,7.001513634914577,62,25,125,0.294991815797638,0.1935483870967742,1.113664031174226,0.7855444246474146,0.8748325706192779,0.003105725070639163,0.45628213837828313,True
5.0,5.5,0.5,0.5,7.00095647216402,62,25,125,0.27390256179654093,0.4838709677419355,1.114107454863134,0.7856069412612604,0.8752505498513943,0.0025613044334071803,0.3771283682481538,True
5.0,5.5,1.0,1.0,7.0003993094134636,62,25,125,0.24193412974059447,0.8870967741935484,1.107441459699663,0.785669467826518,0.8700829422912564,0.002024447983437189,0.2645147749018848,True
5.0,7.0,-1.0,-1.0,7.0026279604156905,62,25,125,0.3728047052545024,0.0,1.1912476888626633,0.9996247179729459,1.1908006350152633,0.0041349688445536945,0.5728047052545024,True
5.0,7.0,-0.5,-0.5,7.002070797665134,62,25,125,0.3521181861004752,0.0,1.1599402515181139,0.9997042592505885,1.1595972099188574,0.004136675615333069,0.5521181861004751,True
5.0,7.0,0.0,0.0,7.001513634914577,62,25,125,0.31982418462631557,0.03225806451612903,1.1936755825453116,0.9997838131876187,1.1934175256261035,0.003414843945313891,0.5133725717230898,True
5.0,7.0,0.5,0.5,7.00095647216402,62,25,125,0.2901985498412103,0.3870967741935484,1.1574700307382153,0.9998633797870586,1.1573118969361424,0.0027911315525187127,0.4127791950025006,True
5.0,7.0,1.0,1.0,7.0003993094134636,62,25,125,0.2616428331041529,0.6612903225806451,1.128472683388993,0.999942959051932,1.1284083142372636,0.002225447232530847,0.3293847685880239,True
