material,model_role,stress_index,step,capacity_fraction,pressure_mpa,current_ma_cm2,jcrit_ma_cm2,mean_current_ratio,void_fraction,contact_fraction,model_risk,model_instability_proxy_percent
Li,mapped to model void-opening end member,-1.0,0,0.0,0.2,0.5,0.7083564009103384,0.7058593659313718,0.628031736464431,0.0,0.828031736464431,87.463764269526
Li,mapped to model void-opening end member,-1.0,25,0.06944444444444445,0.2,0.5,0.7083564009103384,0.7058593659313718,0.6221497890735039,0.0,0.8221497890735039,86.57894088567704
Li,mapped to model void-opening end member,-1.0,50,0.1388888888888889,0.2,0.5,0.7083564009103384,0.7058593659313718,0.620578181911853,0.0,0.8205781819118529,86.34252347585829
Li,mapped to model void-opening end member,-1.0,75,0.20833333333333334,0.2,0.5,0.7083564009103384,0.7058593659313718,0.6223132989036246,0.0,0.8223132989036246,86.60353772607095
Li,mapped to model void-opening end member,-1.0,100,0.2777777777777778,0.2,0.5,0.7083564009103384,0.7058593659313718,0.6265064201527789,0.0,0.826506420152779,87.23431040831028
Li,mapped to model void-opening end member,-1.0,125,0.3472222222222222,0.2,0.5,0.7083564009103384,0.7058593659313718,0.6324700323742841,0.0,0.8324700323742842,88.13141866091631
Li,mapped to model void-opening end member,-1.0,150,0.4166666666666667,0.2,0.5,0.7083564009103384,0.7058593659313718,0.6396636336692431,0.0,0.8396636336692431,89.2135545959782
Li,mapped to model void-opening end member,-1.0,175,0.4861111111111111,0.2,0.5,0.7083564009103384,0.7058593659313718,0.6476714371148478,0.0,0.8476714371148477,90.41817124264635
Li,mapped to model void-opening end member,-1.0,200,0.5555555555555556,0.2,0.5,0.7083564009103384,0.7058593659313718,0.6561788313149155,0.0,0.8561788313149155,91.69794149959426
Li,mapped to model void-opening end member,-1.0,225,0.625,0.2,0.5,0.7083564009103384,0.7058593659313718,0.6649509068954994,0.0,0.8649509068954995,93.0175278683135
Li,mapped to model void-opening end member,-1.0,250,0.6944444444444444,0.2,0.5,0.7083564009103384,0.7058593659313718,0.6738142995112724,0.0,0.8738142995112723,94.35085109027347
Li,mapped to model void-opening end member,-1.0,275,0.7638888888888888,0.2,0.5,0.7083564009103384,0.7058593659313718,0.6826425191217089,0.0,0.8826425191217089,95.6788832248548
Li,mapped to model void-opening end member,-1.0,300,0.8333333333333334,0.2,0.5,0.7083564009103384,0.7058593659313718,0.6913444375243256,0.0,0.8913444375243256,96.98791582498609
Li,mapped to model void-opening end member,-1.0,325,0.9027777777777778,0.2,0.5,0.7083564009103384,0.7058593659313718,0.6998554287035513,0.0,0.8998554287035514,98.26822717675495
Li,mapped to model void-opening end member,-1.0,350,0.9722222222222222,0.2,0.5,0.7083564009103384,0.7058593659313718,0.7081306400812282,0.0,0.9081306400812281,99.51307009128962
Li,mapped to model void-opening end member,-1.0,360,1.0,0.2,0.5,0.7083564009103384,0.7058593659313718,0.7113675528464003,0.0,0.9113675528464003,100.0
Li-Mg,mapped to model contact-retaining/filling end member,1.0,0,0.0,0.2,0.5,1.4999999616014417,0.3333333418663465,0.6398153874218456,0.0,0.8398153874218457,89.2363829655581
Li-Mg,mapped to model contact-retaining/filling end member,1.0,25,0.06944444444444445,0.2,0.5,1.4999999616014417,0.3333333418663465,0.619449595281784,0.0,0.819449595281784,86.1727497980922
Li-Mg,mapped to model contact-retaining/filling end member,1.0,50,0.1388888888888889,0.2,0.5,1.4999999616014417,0.3333333418663465,0.5936910955009458,0.0,0.7936910955009457,82.29788975189221
Li-Mg,mapped to model contact-retaining/filling end member,1.0,75,0.20833333333333334,0.2,0.5,1.4999999616014417,0.3333333418663465,0.5645653142002667,0.0,0.7645653142002666,77.91648838005007
Li-Mg,mapped to model contact-retaining/filling end member,1.0,100,0.2777777777777778,0.2,0.5,1.4999999616014417,0.3333333418663465,0.5335748919005034,0.0,0.7335748919005034,73.25458841670097
Li-Mg,mapped to model contact-retaining/filling end member,1.0,125,0.3472222222222222,0.2,0.5,1.4999999616014417,0.3333333418663465,0.5018088960091798,0.0,0.7018088960091797,68.47601864927185
Li-Mg,mapped to model contact-retaining/filling end member,1.0,150,0.4166666666666667,0.2,0.5,1.4999999616014417,0.3333333418663465,0.4700428765237823,0.0,0.6700428765237822,63.69744533257804
Li-Mg,mapped to model contact-retaining/filling end member,1.0,175,0.4861111111111111,0.2,0.5,1.4999999616014417,0.3333333418663465,0.4388204400189172,0.0,0.6388204400189172,59.00064339197293
Li-Mg,mapped to model contact-retaining/filling end member,1.0,200,0.5555555555555556,0.2,0.5,1.4999999616014417,0.3333333418663465,0.4085158265146811,0.0,0.6085158265146811,54.44190988333705
Li-Mg,mapped to model contact-retaining/filling end member,1.0,225,0.625,0.2,0.5,1.4999999616014417,0.3333333418663465,0.37938028966232107,0.08235294117647059,0.562909701427027,47.58136468591799
Li-Mg,mapped to model contact-retaining/filling end member,1.0,250,0.6944444444444444,0.2,0.5,1.4999999616014417,0.3333333418663465,0.3515758203861886,0.27647058823529413,0.4962817027391298,37.55849175967506
Li-Mg,mapped to model contact-retaining/filling end member,1.0,275,0.7638888888888888,0.2,0.5,1.4999999616014417,0.3333333418663465,0.32519944724063055,0.6647058823529411,0.3922582707700423,21.910210849097023
Li-Mg,mapped to model contact-retaining/filling end member,1.0,300,0.8333333333333334,0.2,0.5,1.4999999616014417,0.3333333418663465,0.3003007198068707,0.8647058823529412,0.3273595433362824,12.147472796729138
Li-Mg,mapped to model contact-retaining/filling end member,1.0,325,0.9027777777777778,0.2,0.5,1.4999999616014417,0.3333333418663465,0.2768943437589062,1.0,0.2768943437589062,4.555975340369118
Li-Mg,mapped to model contact-retaining/filling end member,1.0,350,0.9722222222222222,0.2,0.5,1.4999999616014417,0.3333333418663465,0.2549693975917471,1.0,0.2549693975917471,1.257798092429806
Li-Mg,mapped to model contact-retaining/filling end member,1.0,360,1.0,0.2,0.5,1.4999999616014417,0.3333333418663465,0.246608065439902,1.0,0.246608065439902,0.0
