sample_id,cathode_stress_source_gain,pressure_closure_gain,favorable_stress_closure_gain,unfavorable_stress_opening_gain,local_overdrive_opening_gain,void_amplification_gain,current_focusing_gain,jcrit_scale,opening_risk,neutral_risk,filling_risk,opening_void_fraction,neutral_void_fraction,filling_void_fraction,opening_contact_fraction,neutral_contact_fraction,filling_contact_fraction,opening_filling_separation,opening_neutral_margin,neutral_filling_margin,triad_ordering_pass,design_class_agreement
0,1.1744605069131102,0.7995116291497942,0.9947325126983002,1.2620243432758944,0.5401587941587995,1.871556371614756,0.579358403016796,1.065393092607456,0.7462805396279872,0.5846868625080204,0.5260989989210298,0.5462805396279873,0.3846868625080203,0.3260989989210299,0.0,0.0,0.0,0.2201815407069574,0.16159367711996686,0.05858786358699053,True,1.0
1,1.5067890194094622,1.3032417856769802,1.375608422334756,1.3862043158585844,0.5598505688421134,1.7462716535219136,1.6488043017896947,1.1129016187126994,0.7395799493398054,0.5799038700099599,0.4893251706044544,0.5395799493398055,0.37990387000995984,0.2893251706044544,0.0,0.0,0.0,0.250254778735351,0.1596760793298455,0.0905786994055055,True,0.9166666666666666
2,1.5866648325129002,0.3362322462097462,0.642698192329744,1.003179570096206,0.6443437140199482,0.45468024622200653,0.7709488629393562,0.9440578606758013,0.7640408999720569,0.5984014044699999,0.5460430127127014,0.564040899972057,0.39840140446999983,0.34604301271270144,0.0,0.0,0.0,0.21799788725935554,0.16563949550205703,0.052358391757298506,True,1.0
3,0.30926499992660245,0.8344729704214705,1.0628440090843612,0.3850313751737506,1.4707530050745747,1.6141591358218195,1.3076685825834653,0.993899224420032,0.8432856261183579,0.6218279442703862,0.5513375307313981,0.6432856261183579,0.42182794427038617,0.3513375307313982,0.0,0.0,0.0,0.29194809538695976,0.22145768184797165,0.0704904135389881,True,1.0
4,0.4563350453787942,0.9025574554783008,0.4958415978277907,1.6803594549277252,1.5360741187938243,0.07134638565686072,0.07381554502060575,1.1431386447735612,0.7943257759119222,0.5661481460011695,0.5581024647114314,0.5943257759119223,0.3661481460011695,0.35810246471143137,0.0,0.0,0.0,0.23622331120049078,0.22817762991075274,0.008045681289738038,True,1.0
5,0.465730489460892,1.1220489378255996,1.5072823020015216,1.7387692373196273,0.8638179432303841,0.6206411096091118,0.731457246799059,1.0537022074897846,0.738094188465588,0.570354706092955,0.5469725773485952,0.5380941884655881,0.37035470609295496,0.3469725773485952,0.0,0.0,0.0,0.19112161111699288,0.16773948237263303,0.023382128744359854,True,1.0
6,1.7005946453650604,0.6727970284797005,0.7366987378113153,0.5385000384644625,0.3951435075362348,0.13581557481785128,0.32326649790083384,1.1390238875157754,0.6929251655094009,0.5790390287415981,0.5276296332123633,0.4929251655094009,0.379039028741598,0.32762963321236327,0.0,0.0,0.0,0.16529553229703753,0.11388613676780279,0.051409395529234736,True,0.8333333333333334
7,1.4417333282658795,1.064511748509885,1.6180976388045585,0.7567344244991375,0.7784712851166163,0.28828814810196784,0.8233573585651989,0.9759706523028886,0.7489744807028604,0.5968033288393653,0.49226906339574455,0.5489744807028604,0.3968033288393653,0.29226906339574454,0.0,0.0,0.0,0.2567054173071159,0.15217115186349517,0.10453426544362071,True,1.0
8,0.28378112289214474,0.9948914088379921,1.048980791536474,1.5727734429089992,1.568092807932897,0.8788350455495071,1.4602941793952007,1.0694754254589558,0.8026878560182495,0.607693528106312,0.5481026840776309,0.6026878560182495,0.407693528106312,0.3481026840776308,0.0,0.0,0.0,0.2545851719406187,0.1949943279119375,0.0595908440286812,True,1.0
9,1.1544452346497853,0.5947711339745305,1.4566118303163709,1.0297416035586398,0.33278322848781483,0.41285891867846236,0.1293285401462484,1.1194819458668557,0.6911124830249877,0.5799234261684261,0.5117733964260107,0.4911124830249878,0.379923426168426,0.31177339642601065,0.0,0.0,0.0,0.17933908659897702,0.11118905685656166,0.06815002974241535,True,0.8333333333333334
10,0.41098948885354175,1.4682296559997288,0.7109456179752826,0.3265465012511755,1.3384292938412792,0.9256776962164563,0.1150863501019416,0.8758056456363154,0.8678615779721808,0.5860788565425101,0.5555932677286914,0.6678615779721808,0.38607885654251006,0.3555932677286915,0.0,0.0,0.0,0.31226831024348933,0.28178272142967065,0.030485588813818687,True,1.0
11,0.7990345120910134,1.2139341454684462,1.2779920258307833,0.2767399707239173,1.2357720027767054,0.3466280725458617,0.1845333551828684,0.8541570696378645,0.8363521990277429,0.5879339004507018,0.5415361835799741,0.6363521990277429,0.38793390045070175,0.3415361835799742,0.0,0.0,0.0,0.2948160154477688,0.24841829857704112,0.04639771687072769,True,1.0
12,1.720100546061579,0.7135771666603306,0.969918110168491,1.2348051360296268,0.7350396331325189,0.8298746267869982,1.6816636423407656,1.0290633661877804,0.7697924681575836,0.6013038946582638,0.5156443264502293,0.5697924681575837,0.40130389465826377,0.3156443264502292,0.0,0.0,0.0,0.25414814170735434,0.16848857349931978,0.08565956820803455,True,1.0
13,1.425494212566997,0.742421732270895,1.5919325989896085,1.5466198988985205,1.055062203724582,1.9041977891675015,0.5093106708824693,0.9889669060014467,0.8552955188031051,0.5888998286028577,0.5011080628542479,0.6552955188031051,0.38889982860285777,0.30110806285424796,0.0,0.0,0.0,0.35418745594885714,0.26639569020024734,0.0877917657486098,True,1.0
14,0.4865154061867702,0.2834718685936769,1.2685898707177412,1.6656018091074754,1.0760289125522657,0.37905451312909394,1.1491618168270075,1.110382912519982,0.7445425713639355,0.5945881937742126,0.5503545702920223,0.5445425713639356,0.3945881937742125,0.3503545702920222,0.0,0.0,0.0,0.19418800107191325,0.14995437758972296,0.04423362348219029,True,1.0
15,1.5400919490272675,1.2609059163583618,1.4216224768826984,0.5276384053630294,1.196575675769765,1.1694981716043542,0.6449044920540363,1.0886573221061868,0.7937407056328312,0.5756420640033095,0.49356546360923165,0.5937407056328311,0.37564206400330946,0.29356546360923164,0.0,0.0,0.0,0.3001752420235995,0.21809864162952164,0.08207660039407788,True,1.0
16,0.8015242350984988,0.5133665895299752,1.1246356347960922,1.043300752856696,1.2596116865552078,1.49073872220454,1.6550391889360019,0.9863574388331555,0.8460015050634291,0.6292662843444452,0.5472697545810188,0.6460015050634291,0.42926628434444514,0.3472697545810187,0.0,0.0,0.0,0.2987317504824103,0.21673522071898388,0.08199652976342642,True,1.0
17,0.8541103883457901,1.624004820201691,0.917325806920233,0.8135258188330485,0.43537444058117014,1.9722324923315018,0.48228291474846213,0.9028641832786164,0.7302526912990397,0.572886506078327,0.5302358621921455,0.5302526912990397,0.3728865060783271,0.3302358621921455,0.0,0.0,0.0,0.20001682910689422,0.15736618522071266,0.04265064388618156,True,0.9166666666666666
18,0.7559675516747997,1.036004748882014,0.26256929470274665,1.3501457211356669,0.7661135173244629,0.15187757171046284,1.3721730328872261,0.8987495596478274,0.7458706203404641,0.6050732553494989,0.5561044409805216,0.5458706203404642,0.4050732553494989,0.3561044409805215,0.0,0.0,0.0,0.18976617935994256,0.1407973649909653,0.048968814368977265,True,1.0
19,0.9944262229284978,1.610035769168598,1.0294092559485706,1.1635810349216027,1.3271351557143438,0.8016900716756685,0.1702855826543791,0.8549749821579499,0.8800794733128883,0.5828474195042062,0.5273443995394245,0.6800794733128882,0.3828474195042061,0.3273443995394244,0.0,0.0,0.0,0.3527350737734638,0.2972320538086821,0.055503019964781686,True,1.0
20,0.8802325695286815,0.4477028176033,1.3147254188576767,0.3378671520443879,1.675505869457933,1.2582492659832345,1.5514671699649443,1.0418821489934205,0.8499144445534961,0.62795399899759,0.5432777420497765,0.6499144445534961,0.4279539989975899,0.34327774204977657,0.0,0.0,0.0,0.30663670250371955,0.2219604455559061,0.08467625694781344,True,1.0
21,0.7077993111326053,0.37723604501957103,1.4770279054413535,1.4411635504132647,1.4873541695141628,0.6519964677569817,0.3853417790779165,1.1299200541285856,0.8193965059566872,0.5948512472460092,0.5480227625492198,0.6193965059566873,0.3948512472460093,0.3480227625492198,0.0,0.0,0.0,0.27137374340746745,0.224545258710678,0.04682848469678946,True,1.0
22,0.42117539983585833,1.1390768720497744,1.4357499786582897,0.9159175466484033,0.8205864005647214,0.7922725431214698,1.169397892698502,1.056504360089557,0.7207384004798099,0.5817364638519811,0.5385744536587227,0.5207384004798099,0.381736463851981,0.33857445365872274,0.0,0.0,0.0,0.18216394682108716,0.13900193662782878,0.04316201019325838,True,1.0
23,1.6096927302352917,1.4011389868829012,0.8488337155547885,1.6733590493033448,0.6832438345818741,0.2368512116613827,0.14765955738213918,0.9909446747810305,0.7696950223800327,0.5679664748655748,0.5138419277872557,0.5696950223800327,0.36796647486557477,0.3138419277872556,0.0,0.0,0.0,0.25585309459277705,0.2017285475144579,0.05412454707831915,True,1.0
24,1.0045810207479389,1.583956341892183,1.6257834809770197,1.2322552052773617,1.0865811423619018,1.1966399389920364,1.5375524704318682,1.1382098606307065,0.7606303843584863,0.5759684527346491,0.5045715771895138,0.5606303843584863,0.3759684527346491,0.3045715771895139,0.0,0.0,0.0,0.25605880716897245,0.18466193162383715,0.0713968755451353,True,1.0
25,1.5028685222310982,0.49733843549778606,0.25487778090758423,0.8381143072369859,0.6574208001670027,0.49358261972604217,1.191628286078142,0.9637112212675106,0.7544354526009516,0.6007780880733531,0.5560610032925448,0.5544354526009516,0.400778088073353,0.35606100329254475,0.0,0.0,0.0,0.19837444930840675,0.15365736452759848,0.04471708478080827,True,1.0
26,1.0477880881181083,1.1852285202524186,0.9055016745611477,0.5769876420116732,1.545728610738948,1.8466463344451172,1.3366326490532034,1.0043210967610465,0.8554821475762733,0.6118059427394291,0.5206081130243123,0.6554821475762733,0.41180594273942905,0.32060811302431225,0.0,0.0,0.0,0.33487403455196096,0.24367620483684416,0.09119782971511681,True,1.0
27,0.919580685368718,1.7100556957851927,0.8695235781900412,0.5017803021145457,0.34639070887762147,1.9908361055008943,0.46016486864718487,0.9052392267864867,0.7042120628834747,0.5745445010124652,0.5297804269739412,0.5042120628834746,0.37454450101246517,0.32978042697394117,0.0,0.0,0.0,0.17443163590953348,0.12966756187100947,0.044764074038524004,True,0.8333333333333334
28,0.30662084641470466,1.1665662499734046,0.44904298642915486,1.7055059400779249,0.8866782140178797,0.5655206451945051,0.9531475500828933,0.9801291475362424,0.7452085629249954,0.5941045154685418,0.5590500426563414,0.5452085629249954,0.39410451546854186,0.35905004265634133,0.0,0.0,0.0,0.18615852026865398,0.15110404745645356,0.03505447281220042,True,1.0
29,0.273074158467259,0.9252147253326151,1.7259961602403888,0.7492130967497195,0.5790246441181446,1.7658452739225579,0.044016090628705304,1.119579871853262,0.7171847686306856,0.5824584448320271,0.5521970905298716,0.5171847686306856,0.3824584448320272,0.3521970905298717,0.0,0.0,0.0,0.16498767810081394,0.13472632379865845,0.030261354302155485,True,0.8333333333333334
30,0.6210419683190433,1.6616096137431131,0.9831473481194681,1.2834745609892706,1.6167203059465072,0.8164801605142901,0.3353861625832199,1.1052373517812741,0.8184311419899557,0.5608863915240152,0.5321727371726492,0.6184311419899557,0.36088639152401525,0.3321727371726493,0.0,0.0,0.0,0.28625840481730647,0.2575447504659405,0.02871365435136597,True,1.0
31,0.7242246336654028,1.333806787794983,1.569138117155733,1.1453291009182496,1.0961312956195515,1.408610696682571,0.5587141525910229,0.9671420316827795,0.816808367638477,0.5855644425526105,0.5344264486596748,0.6168083676384769,0.3855644425526106,0.33442644865967486,0.0,0.0,0.0,0.28238191897880216,0.23124392508586644,0.05113799389293572,True,1.0
32,0.5159752356620593,1.6452418915906635,0.7711446471934403,0.8695765982662044,1.46584718334115,0.39955667996996697,0.004124392190861387,0.9071306784057855,0.8547817687748187,0.5841244297052617,0.5440751866292177,0.6547817687748188,0.3841244297052616,0.34407518662921777,0.0,0.0,0.0,0.310706582145601,0.270657339069557,0.04004924307604396,True,1.0
33,0.5792560876072881,1.4339772100752772,1.1695249240851346,1.3637772858491457,1.4190206922691826,0.5904483993321932,1.2254333010881429,1.0057394061008595,0.7869462093400377,0.588574320044452,0.5308852383756346,0.5869462093400377,0.3885743200444519,0.33088523837563455,0.0,0.0,0.0,0.25606097096440306,0.1983718892955857,0.057689081668817366,True,1.0
34,0.7505361384113227,1.416803632425277,1.398317404480448,0.7149459897722237,1.1262673444712994,1.1487764681491528,1.0362945467062123,0.8657267984346373,0.8154317878946995,0.6124954127214177,0.5304639951863992,0.6154317878946994,0.41249541272141765,0.33046399518639913,0.0,0.0,0.0,0.2849677927083003,0.20293637517328178,0.08203141753501852,True,1.0
35,0.36485928887930685,0.8452434020966687,0.8446844568601836,0.8525394876856698,1.2134962331200616,0.66167059824528,0.7512567451024995,1.1240174718464957,0.7612476977513447,0.5781783490628594,0.5519534533020525,0.5612476977513446,0.3781783490628593,0.3519534533020525,0.0,0.0,0.0,0.20929424444929223,0.18306934868848534,0.026224895760806888,True,1.0
36,0.668862582837823,1.046976594553513,1.5500298592872177,0.3645576374524607,0.7555030035319465,1.6033486565859048,0.1623128684421142,0.9201809992118752,0.7873280819295758,0.5842455370387696,0.5379898436315478,0.5873280819295759,0.3842455370387695,0.3379898436315477,0.0,0.0,0.0,0.24933823829802804,0.20308254489080624,0.0462556934072218,True,1.0
37,1.4508498373702667,1.318048355785426,0.6647509549873726,0.6224337585044748,1.6377923521060824,1.6887799779412267,0.2858240782279241,0.8744985022050422,0.9524285950630089,0.6020814951856046,0.5376206102895964,0.752428595063009,0.40208149518560454,0.33762061028959633,0.0,0.0,0.0,0.4148079847734125,0.3503470998774043,0.06446088489600821,True,0.9166666666666666
38,0.5418161334441793,0.48852195938313486,0.8281847027331255,0.5126270710298229,0.7269050035648222,1.5440061182280094,1.0101659000973118,0.9780435383751563,0.7504699628957447,0.5980056499669462,0.5560129142773864,0.5504699628957448,0.3980056499669461,0.35601291427738646,0.0,0.0,0.0,0.19445704861835833,0.15246431292879858,0.041992735689559746,True,1.0
39,0.817206936257494,1.2293671735530514,1.3465447489168818,1.115193220715653,0.298144405367595,1.8126340451934984,1.611395559203066,0.9373075011805894,0.7034257208801833,0.5809271033183832,0.5211230486757235,0.5034257208801832,0.3809271033183832,0.3211230486757235,0.0,0.0,0.0,0.18230267220445984,0.12249861756180014,0.0598040546426597,True,0.8333333333333334
40,1.6842089029818368,1.1596044862753796,1.744246570288027,0.8728635176170717,1.7244411520569434,1.3656204114198374,1.139966240037443,0.9086703547092536,0.9074682544430996,0.6248276410115257,0.4703182042411069,0.7074682544430997,0.4248276410115256,0.27031820424110686,0.0,0.0,0.0,0.43715005020199277,0.282640613431574,0.15450943677041878,True,0.9166666666666666
41,1.2984770060996933,1.5667450166175243,0.7786887340887005,0.30552673603712927,1.0293536364530895,1.5028577843806572,1.5778688179541551,0.9481460098690305,0.770056564341848,0.607210338534176,0.524414219966403,0.570056564341848,0.407210338534176,0.3244142199664031,0.0,0.0,0.0,0.24564234437544497,0.16284622580767194,0.08279611856777302,True,1.0
42,0.34351539331740133,1.0208800421534254,0.4069538088740856,1.2512473527806112,1.6026743974291173,1.3935608029770088,1.6738737444314216,1.014285260073199,0.8424234016036585,0.6269721322117943,0.5657278148619131,0.6424234016036584,0.4269721322117943,0.3657278148619132,0.0,0.0,0.0,0.2766955867417453,0.2154512693918642,0.06124431734988112,True,1.0
43,1.1387756740911539,0.9342935610274922,0.39802774934677554,0.9363908676063449,1.2700258882776012,0.8445553591526781,0.7526347082854727,0.8892199234287945,0.8391191982938386,0.6161739860393518,0.5515973895913346,0.6391191982938387,0.41617398603935185,0.3515973895913346,0.0,0.0,0.0,0.287521808702504,0.22294521225448682,0.06457659644801717,True,1.0
44,1.3677986524809398,0.9505516676666961,1.0149523948979595,1.301289555463966,0.4578114083577184,1.5490412548593615,0.8889851924107146,0.9574646035448218,0.7507749867472491,0.5830696674536919,0.516405982112029,0.5507749867472491,0.38306966745369186,0.31640598211202897,0.0,0.0,0.0,0.23436900463522004,0.16770531929355714,0.06666368534166289,True,1.0
45,0.36945054558816937,0.7027043540233195,1.6486030577995905,1.50675085868532,0.9653420853167756,0.3314754197409011,1.2777984662694606,0.9615705820616975,0.7593335507518775,0.6119164451555263,0.5591190296600868,0.5593335507518775,0.4119164451555263,0.3591190296600868,0.0,0.0,0.0,0.20021452109179072,0.14741710559635113,0.05279741549543959,True,1.0
46,1.039009512111587,1.2769224476370225,0.6937159072977412,1.1287910964550334,1.4308422637118752,0.2726888638114566,1.1764549328346612,0.8612886527530882,0.8272887006723555,0.608975472041837,0.5400831542352482,0.6272887006723555,0.40897547204183693,0.34008315423524826,0.0,0.0,0.0,0.2872055464371073,0.2183132286305185,0.06889231780658878,True,1.0
47,1.6382830833849191,1.5433088174771734,0.9521649837013016,0.7887385286657844,1.1772576277850264,0.22338432287933813,0.6425698511818969,1.0015567032377888,0.7866885284821175,0.5738679932977933,0.5049808381744736,0.5866885284821174,0.3738679932977933,0.30498083817447363,0.0,0.0,0.0,0.28170769030764387,0.2128205351843242,0.06888715512331967,True,1.0
48,0.5513377019386867,0.9647342114929147,1.2076166909745483,0.6349763891366383,0.6086753167288768,1.42657174246644,0.3603161880814341,0.943556268607156,0.7485010069050064,0.5826389349957679,0.5512531104203149,0.5485010069050065,0.38263893499576795,0.3512531104203148,0.0,0.0,0.0,0.19724789648469154,0.16586207190923852,0.031385824575453025,True,1.0
49,1.126803954381554,0.725557365253345,1.5582710053237694,1.5264630080375916,1.6460272083114202,1.6388472399941694,0.6670081082010881,1.071524466137253,0.8747175838730576,0.587638950585675,0.5083884931656251,0.6747175838730576,0.387638950585675,0.308388493165625,0.0,0.0,0.0,0.3663290907074326,0.2870786332873827,0.07925045742004988,True,1.0
50,0.39147451008124945,1.4913202059810025,1.0821194030176242,1.0800674102866394,0.2780912981233167,1.0844025874590575,1.0510175515371856,1.1064931938068716,0.6535423817092756,0.5657748858614835,0.5474285814833417,0.4535423817092755,0.36577488586148355,0.34742858148334166,0.0,0.0,0.0,0.10611380022593386,0.08776749584779209,0.018346304378141776,True,0.8333333333333334
51,1.2157928571624763,1.552478122757818,0.29248279688227774,1.0553294882240964,0.9108653825412566,0.7038324032167116,0.7864995044486641,1.0204267532263769,0.7589200787810624,0.5844907837787154,0.5400230510282453,0.5589200787810623,0.3844907837787154,0.34002305102824526,0.0,0.0,0.0,0.21889702775281705,0.17442929500234694,0.04446773275047011,True,1.0
52,1.5361416502381302,1.0252413157992952,0.43101398736790036,0.9057831988557021,0.2599949451106983,0.6758010989064774,1.2151770454500956,0.8834245512209171,0.7082663989167213,0.5831828641882968,0.5435212145374928,0.5082663989167213,0.3831828641882967,0.34352121453749285,0.0,0.0,0.0,0.16474518437922847,0.12508353472842448,0.03966164965080399,True,0.8333333333333334
53,0.47714614443493775,0.98207819116448,1.7093810784164596,0.26646949669560255,1.1407946936033098,1.2771669808191164,0.9147205522490759,0.8934480354294432,0.8204058525448856,0.6186120047354118,0.5485727968008942,0.6204058525448857,0.4186120047354118,0.34857279680089426,0.0,0.0,0.0,0.2718330557439914,0.20179384780947385,0.07003920793451757,True,1.0
54,1.2622346335900267,0.6251771217444314,0.799865112067018,1.0197923401034714,0.4868892271828365,0.729485629956576,0.022770472932933866,1.149891925559915,0.7191703528449906,0.5753551256707221,0.54045849240409,0.5191703528449907,0.37535512567072216,0.3404584924040901,0.0,0.0,0.0,0.1787118604409006,0.14381522717426853,0.03489663326663206,True,0.8333333333333334
55,1.5600394283995587,1.451351361758244,0.9262218444150592,1.3964822328222946,1.1117626625939045,0.1953839684222724,0.06533282938507155,0.8859854345518755,0.8382677716069642,0.5827835723701782,0.5114705926077017,0.6382677716069641,0.3827835723701781,0.3114705926077017,0.0,0.0,0.0,0.3267971789992625,0.255484199236786,0.07131297976247652,True,1.0
56,0.7674562111047495,0.48271816925632804,0.30572490968470795,1.7207279734507575,1.1565570479079483,1.8033614304854906,0.19430920374246588,0.9324140235711745,0.8801154980491006,0.5903826401514038,0.5634013484860267,0.6801154980491005,0.3903826401514039,0.3634013484860267,0.0,0.0,0.0,0.31671414956307387,0.28973285789769676,0.026981291665377105,True,1.0
57,1.096805721245607,0.3508308131885372,1.3010053211628134,0.6449812620709472,1.594770764112142,0.9140137524305311,0.29828852646425214,0.9813709524177869,0.8832862433186626,0.606217459889159,0.5226772379556726,0.6832862433186626,0.406217459889159,0.3226772379556725,0.0,0.0,0.0,0.36060900536299,0.2770687834295036,0.08354022193348642,True,1.0
58,1.4820596161705717,1.3875818614236768,0.757649504759004,0.48297759075231467,0.6883359218817571,1.3234319162097319,1.5283061109510687,1.0358358861569403,0.7189181988264479,0.5826519522302784,0.5192438069772494,0.518918198826448,0.3826519522302785,0.3192438069772493,0.0,0.0,0.0,0.19967439184919855,0.13626624659616948,0.06340814525302907,True,0.9166666666666666
59,1.0766901039508603,0.3045381666083102,0.5551098767675307,1.0677126176246194,1.129936514289896,1.5310933974892191,0.8485956965443564,1.0930154101883498,0.8055826374111654,0.5983100977519988,0.5586653169678624,0.6055826374111655,0.3983100977519989,0.3586653169678623,0.0,0.0,0.0,0.24691732044330306,0.2072725396591666,0.03964478078413647,True,1.0
60,1.2889949589022645,1.6024025859360047,0.8908356937635883,1.7303066357008192,1.5087002782825114,0.08108487022371647,0.9297678480231325,0.9244753291680219,0.8399230587400168,0.598940001719056,0.5150945136628464,0.6399230587400169,0.3989400017190561,0.31509451366284635,0.0,0.0,0.0,0.3248285450771704,0.2409830570209608,0.08384548805620962,True,1.0
61,1.2360123089631305,0.26502101408802176,1.2510231920381383,0.7384582285825367,1.455973119442252,1.1388969569029828,0.22135058406370697,0.9407485061857097,0.8950324694513265,0.6115507906971684,0.5330061885788064,0.6950324694513266,0.4115507906971684,0.3330061885788065,0.0,0.0,0.0,0.3620262808725201,0.2834816787541581,0.078544602118362,True,0.9166666666666666
62,1.6031319077625685,1.309733390140297,0.6351508860065728,1.3335042543519777,1.3672497499380212,1.708001927878722,0.09138602063360764,0.9205141011192629,0.9187493166101637,0.5920107246050752,0.5249197844484987,0.7187493166101637,0.39201072460507513,0.3249197844484988,0.0,0.0,0.0,0.39382953216166494,0.3267385920050885,0.06709094015657646,True,0.9166666666666666
63,1.4194450000970666,1.1522715871441873,0.6488402010531695,0.3543219649784345,0.4825805060171765,1.758458391256342,0.4303491111081988,1.081632676363734,0.7028781391553114,0.5794567312395993,0.530132397824638,0.5028781391553114,0.37945673123959933,0.330132397824638,0.0,0.0,0.0,0.17274574133067344,0.1234214079157121,0.04932433341496134,True,0.8333333333333334
64,1.3849278233660192,0.9147255846488966,0.8053204128781348,0.5659220856712925,0.7501942337845813,0.9784537360339525,0.5380440073693677,1.0130696366448833,0.7573576452909785,0.5807087087469849,0.5383609077729647,0.5573576452909784,0.3807087087469848,0.3383609077729647,0.0,0.0,0.0,0.21899673751801374,0.1766489365439936,0.04234780097402013,True,1.0
65,1.469528274428674,1.5876703685193922,0.6186331946815258,1.7025896164707006,0.9778477773537635,0.7748421358612717,1.7023309088580172,0.9280296838114273,0.7964473858423342,0.5994739467959436,0.523625156773498,0.5964473858423343,0.3994739467959436,0.3236251567734979,0.0,0.0,0.0,0.27282222906883624,0.19697343904639064,0.0758487900224456,True,1.0
66,1.1114573947599635,0.8811802174829668,1.6823297964027581,1.2009521548623394,1.2481946441273073,0.10690291343787366,0.2471166773589517,1.0259847678850111,0.8013375461147392,0.5794192056343228,0.5024994273881696,0.6013375461147392,0.37941920563432285,0.3024994273881695,0.0,0.0,0.0,0.2988381187265696,0.22191834048041637,0.07691977824615326,True,1.0
67,1.059650989692289,0.42486636706212977,1.3192202073163812,0.8032305839723903,0.3866065410928913,0.7560178328236135,1.5173382911470215,1.0088111859452942,0.6993942565504043,0.5944412785977884,0.5290446769946069,0.49939425655040437,0.39444127859778844,0.3290446769946068,0.0,0.0,0.0,0.17034957955579744,0.10495297795261593,0.0653966016031815,True,0.8333333333333334
68,0.9366553901009592,0.31925457149223835,1.6034708224829601,1.5296121999169918,1.5590869992001282,1.8845619455061626,0.8756253541015342,1.135351545966204,0.8600337843009322,0.6036328935741975,0.5226651924346009,0.6600337843009323,0.4036328935741974,0.3226651924346008,0.0,0.0,0.0,0.3373685918663314,0.2564008907267348,0.08096770113959662,True,1.0
69,1.58579483629356,1.5086298929405992,0.8181518570249706,0.2510768400027821,0.5978666027261936,0.9021668009285811,0.5288289564612427,1.0510514862015337,0.7103631976039895,0.5645791805674694,0.5137680613502915,0.5103631976039895,0.3645791805674694,0.31376806135029156,0.0,0.0,0.0,0.19659513625369796,0.1457840170365201,0.05081111921717785,True,0.8333333333333334
70,1.1901144662232224,1.0869571973936238,1.6603857720007649,0.8941153098101448,1.7350977248445691,0.21015506609326942,0.8719193592116077,0.9553857207644831,0.8304694618583226,0.5977976137689618,0.5109821766487386,0.6304694618583226,0.39779761376896183,0.3109821766487385,0.0,0.0,0.0,0.319487285209584,0.2326718480893608,0.08681543712022322,True,1.0
71,0.9557392805761675,1.4965156479418222,1.1420800872369639,1.317731440179135,1.205437365871972,1.0566300767212709,0.7938837353445447,0.9702165199402526,0.8225096741313853,0.5869540676376181,0.5227734351159143,0.6225096741313854,0.3869540676376182,0.3227734351159143,0.0,0.0,0.0,0.299736239015471,0.23555560649376717,0.0641806325217038,True,1.0
72,0.5281006491628546,0.5613378087372516,1.240148689396692,0.5989454123479399,0.9315263408047665,1.042619816551451,1.500735387753033,1.1002365816108262,0.7517452235199866,0.6032672023727437,0.5488111605828256,0.5517452235199867,0.4032672023727436,0.3488111605828256,0.0,0.0,0.0,0.20293406293716099,0.14847802114724296,0.05445604178991803,True,1.0
73,0.3263227354038364,1.36968797660406,1.6782624946244489,0.918685691683265,0.40561915633127354,0.6386059707361748,1.613683424884639,1.0830118307276662,0.6715166126879533,0.5761042395654641,0.5426242661613492,0.4715166126879532,0.376104239565464,0.3426242661613491,0.0,0.0,0.0,0.12889234652660408,0.09541237312248918,0.033479973404114904,True,0.8333333333333334
74,0.43234610359763503,0.4075556817026867,1.53689029470125,0.9735534866600947,1.0646872868544708,0.32458443839374224,0.6731273796606138,1.0608591837702064,0.7657104542029098,0.5897937741386303,0.5540172553554727,0.5657104542029099,0.38979377413863026,0.3540172553554728,0.0,0.0,0.0,0.2116931988474371,0.17591668006427952,0.035776518783157574,True,1.0
75,1.744740349921968,1.187960069161343,1.6998729271117048,1.6347431735433218,1.3043298472408522,1.1006161742136669,1.713907931743763,1.0791615120656073,0.827580814983137,0.5957012948123839,0.46895315871736193,0.6275808149831369,0.3957012948123838,0.2689531587173619,0.0,0.0,0.0,0.35862765626577503,0.23187952017075308,0.12674813609502195,True,1.0
76,0.7813036105334458,1.678705431126395,0.6779210645479138,0.46059328913019204,1.2273329407011313,1.474751496228217,1.325065589833495,1.1078418253877031,0.7588173441050821,0.5759773924264506,0.523112467713799,0.5588173441050821,0.37597739242645056,0.3231124677137991,0.0,0.0,0.0,0.235704876391283,0.18283995167863143,0.052864924712651584,True,1.0
77,1.7348253879955418,1.7192427170546665,1.4659463901167116,0.3955924398411017,1.0373863732038409,0.01581072766650765,1.0147065564938005,0.9720274305649604,0.7451709488812703,0.5716863634678837,0.47986643452629246,0.5451709488812704,0.37168636346788375,0.27986643452629245,0.0,0.0,0.0,0.26530451435497787,0.17348458541338663,0.09181992894159124,True,1.0
78,0.8261778661223538,0.6406019243071388,1.1899144599284353,0.46503111694969546,0.6698481281033064,1.9401517260149928,0.6284331084904405,1.0176828527032347,0.7479330695176483,0.587365222995158,0.5364620592144589,0.5479330695176483,0.3873652229951581,0.33646205921445893,0.0,0.0,0.0,0.21147101030318938,0.16056784652249023,0.050903163780699145,True,1.0
79,1.4682164423536144,0.5491732181154185,1.0352006815249433,1.6293768919674305,0.8996363832641124,0.946295147149533,0.9190310176610501,0.8573505551214339,0.8343357153184066,0.6128593570759722,0.5350037907567775,0.6343357153184065,0.4128593570759722,0.33500379075677755,0.0,0.0,0.0,0.29933192456162905,0.2214763582424344,0.07785556631919466,True,1.0
80,0.6088609568494856,0.6081018897347967,0.5743558754392603,1.586651602087081,1.575229214084306,1.667846373894891,0.2181841307576398,1.1332517156486386,0.8587635213833424,0.5858345684667252,0.5489395789917046,0.6587635213833425,0.38583456846672515,0.3489395789917047,0.0,0.0,0.0,0.3098239423916378,0.27292895291661723,0.03689498947502057,True,1.0
81,0.6598844157207294,0.32942990166077457,1.3392673132988637,1.5796335963853663,1.4400528947345497,1.6725353743061615,0.2437463011969138,1.0744408951749,0.8661836745386295,0.5839541283941958,0.543782265471866,0.6661836745386296,0.38395412839419574,0.3437822654718661,0.0,0.0,0.0,0.3224014090667635,0.28222954614443374,0.04017186292232977,True,1.0
82,1.397391887107459,1.472981897476486,0.41680402130431576,1.4061045281608482,1.6996411237403561,1.8348742169717476,1.446286976803976,0.9130549847090197,0.9140269878971516,0.6258179250215923,0.5278980838065845,0.7140269878971516,0.4258179250215922,0.3278980838065846,0.0,0.0,0.0,0.3861289040905671,0.28820906287555936,0.09791984121500774,True,0.9166666666666666
83,1.2520766473789018,1.6922346708397487,0.31874411950652864,1.6524146290677817,1.5242123991224734,0.5200721077199086,0.437639506019491,0.8961657983836959,0.8859197378923411,0.5831164044773933,0.5358420445601573,0.6859197378923412,0.38311640447739337,0.3358420445601572,0.0,0.0,0.0,0.35007769333218386,0.3028033334149478,0.04727435991723605,True,0.9166666666666666
84,1.0261182379178706,0.8020475833413124,1.6333639941458564,1.185072350441118,0.3149947195688785,1.0006841774664585,1.0894570962707149,0.8503637276387459,0.7281275336255624,0.598226210101386,0.5097658043699682,0.5281275336255624,0.3982262101013859,0.30976580436996826,0.0,0.0,0.0,0.21836172925559416,0.12990132352417638,0.08846040573141778,True,0.8333333333333334
85,1.3152573809799148,1.633180014007781,0.8808948070453358,0.4932976808744505,0.6299968413324567,0.8684186995721804,1.7413368446673996,1.1274638128353627,0.6829882881594567,0.5687302120531779,0.5102112245616817,0.4829882881594567,0.3687302120531778,0.3102112245616816,0.0,0.0,0.0,0.172777063597775,0.1142580761062788,0.0585189874914962,True,0.8333333333333334
86,0.7335173708325785,1.730233254764621,1.214835472686961,0.428210740950435,0.854574359679255,1.2285496607239461,1.4211649701506412,0.9347734852225191,0.7506658819137715,0.5852354482013631,0.5176611144908125,0.5506658819137715,0.385235448201363,0.31766111449081247,0.0,0.0,0.0,0.23300476742295895,0.1654304337124084,0.06757433371055055,True,1.0
87,1.671224344015827,1.5188608897716995,1.4076681861556373,0.8245629571866119,0.2665920646507291,1.454599892449857,1.2573160556075915,0.950369881386452,0.6913931147656438,0.5703734351407193,0.4851577040978638,0.49139311476564373,0.3703734351407192,0.2851577040978638,0.0,0.0,0.0,0.20623541066778,0.12101967962492455,0.08521573104285546,True,0.8333333333333334
88,0.9464590771303265,1.3818080877646033,1.5859141811479058,0.9525116133324899,1.6610937973454527,0.4502468816042548,0.713532199983636,0.9982043285573853,0.8369866552814886,0.574470414944733,0.5153503594874329,0.6369866552814887,0.374470414944733,0.31535035948743284,0.0,0.0,0.0,0.3216362957940557,0.2625162403367556,0.05912005545730015,True,1.0
89,0.5972033371837928,0.7380175264005621,1.0816680352743258,0.6900596630561141,0.8805532238308914,0.5408271780533028,0.4145926903449585,0.8785600425895624,0.7891744325040715,0.5946372583419972,0.5460327740752196,0.5891744325040714,0.39463725834199725,0.3460327740752195,0.0,0.0,0.0,0.24314165842885194,0.19453717416207428,0.04860448426677766,True,1.0
90,1.6228096178520897,0.4547429189813244,0.5286663555545603,1.491378802559438,0.7071746283539502,0.03467490536703514,0.4689401714134824,1.061002970406307,0.7643957934921422,0.5917371511362124,0.5414788806079045,0.5643957934921422,0.39173715113621244,0.34147888060790454,0.0,0.0,0.0,0.22291691288423765,0.17265864235592976,0.05025827052830789,True,1.0
91,0.44802351206768576,0.8872858106082279,0.7522002013924898,1.4971117506234186,0.803211200597491,1.573592183530952,1.5935626054419065,1.0951987064876463,0.744498989096879,0.5980771724251979,0.5545461447987512,0.544498989096879,0.3980771724251978,0.35454614479875113,0.0,0.0,0.0,0.18995284429812775,0.14642181667168108,0.04353102762644667,True,1.0
92,0.6325666951339373,0.6186344600925093,0.5832399070704724,1.5615973108526127,1.6911416872609792,0.16723117700886744,0.09630623687475279,0.890137154596855,0.8924234320282449,0.5991236642080082,0.55777009411074,0.692423432028245,0.39912366420800816,0.3577700941107399,0.0,0.0,0.0,0.33465333791750496,0.2932997678202367,0.041353570097268255,True,0.9166666666666666
93,1.2274124382720277,1.209951515788785,1.2252015025279555,0.9601093950955004,1.3411657696619435,0.4815015333750933,1.4784960508138576,0.9836830397618567,0.7946270708812575,0.604606829806299,0.508839752084582,0.5946270708812574,0.40460682980629903,0.30883975208458203,0.0,0.0,0.0,0.2857873187966755,0.19002024107495852,0.095767077721717,True,1.0
94,0.25679327155103093,1.340772846709259,0.3710911368961449,0.37116752221067095,0.9453650381416557,0.36562051633301873,0.37622846914319313,1.011199764325931,0.7384175712845991,0.5729361611234733,0.5623217205818725,0.538417571284599,0.3729361611234734,0.3623217205818724,0.0,0.0,0.0,0.1760958507027266,0.16548141016112572,0.010614440541600878,True,1.0
95,0.6469961598703888,0.5197763325182658,1.4904383969742552,1.418498681961533,0.6169038670715948,1.5880629774150423,1.0665179634318698,1.124231489733169,0.7293483182284384,0.5978727227643574,0.53815369220153,0.5293483182284384,0.39787272276435737,0.3381536922015299,0.0,0.0,0.0,0.1911946260269084,0.13147559546408094,0.05971903056282746,True,0.9166666666666666
96,0.5615659517809617,0.8146924447022272,1.0022240652835082,0.9909972731451342,1.021085487760024,0.002894066325308222,0.8441600737640876,1.0440965077621638,0.7431192886504332,0.5853659071376169,0.5459875097522193,0.5431192886504332,0.385365907137617,0.34598750975221937,0.0,0.0,0.0,0.19713177889821387,0.15775338151281626,0.03937839738539761,True,1.0
97,1.3306820333371003,0.39616558800339424,0.7017179344400122,0.7989480451359964,0.32624811139612153,1.1214427944307235,1.1247286462033808,0.9257551366083258,0.7110279364345384,0.5940534355459435,0.5443376015841483,0.5110279364345385,0.3940534355459435,0.3443376015841483,0.0,0.0,0.0,0.1666903348503901,0.11697450088859496,0.04971583396179513,True,0.8333333333333334
98,1.3527540587743472,0.3799336906213579,1.520784575129898,1.4666207484287967,0.2930176363060581,1.3373156031723936,1.4305157138377416,1.0845076512913459,0.717074953696859,0.5873477765578143,0.5105399509348136,0.5170749536968591,0.38734777655781427,0.3105399509348137,0.0,0.0,0.0,0.2065350027620454,0.1297271771390447,0.0768078256230007,True,0.8333333333333334
99,0.3495604499258394,1.7410727950601708,1.4978263719774363,0.4466360496176154,1.6260151723478011,1.915064029445813,1.0982845730763042,0.9582699725782178,0.8554924849144705,0.596080599202923,0.5386932891165166,0.6554924849144704,0.39608059920292293,0.33869328911651664,0.0,0.0,0.0,0.3167991957979539,0.2594118857115475,0.05738731008640641,True,1.0
100,0.9062467787235879,0.7820898844472396,0.4781549863338093,1.3163933116608928,0.9884799431096212,1.7188491115666922,0.7083343486664255,1.0210979960451037,0.8096453838955815,0.6012280188119323,0.5448420109684604,0.6096453838955815,0.4012280188119324,0.34484201096846034,0.0,0.0,0.0,0.2648033729271211,0.20841736508364916,0.05638600784347192,True,1.0
101,0.5049800290614788,0.4646661779883273,0.6125423974998273,0.6723671189787614,0.928903491241595,1.2098338239823034,1.2405594529719748,0.8705982537499017,0.808223110983501,0.6209695933928787,0.5653507113289766,0.608223110983501,0.42096959339287865,0.36535071132897656,0.0,0.0,0.0,0.24287239965452434,0.18725351759062225,0.055618882063902086,True,1.0
102,0.695893564921309,0.9659080271997422,0.2758667470236303,1.1655945220637542,1.3914571402152207,1.438356702821314,0.5699472096181262,0.9304554911140562,0.8791725974152331,0.604354902903055,0.5575041488876029,0.6791725974152332,0.404354902903055,0.35750414888760296,0.0,0.0,0.0,0.3216684485276302,0.2748176945121781,0.046850754015452134,True,1.0
103,0.8909204080192555,0.6946474778944591,0.3625918909676582,1.2176258254185865,0.36698904424987344,0.598639282078976,0.03513214459388957,1.0752518118389887,0.7013581994195632,0.5791601997194427,0.5641912997907377,0.5013581994195633,0.3791601997194427,0.3641912997907377,0.0,0.0,0.0,0.13716689962882556,0.12219799970012057,0.014968899928704982,True,0.8333333333333334
104,0.9738826423151647,0.5317812575489674,0.49807678364606167,0.9769351084049598,1.7458215174233414,0.2550536272676466,1.2984708889460634,1.115237332042957,0.8058625429951234,0.6017611547986632,0.5481278045017863,0.6058625429951234,0.40176115479866314,0.3481278045017864,0.0,0.0,0.0,0.25773473849333706,0.20410138819646018,0.05363335029687688,True,1.0
105,1.2698195513467774,0.42591116311751553,0.960062927699502,0.42517232586160225,0.8298540124654608,1.3043461715752218,1.0642008341208506,1.0549383079716774,0.7441009519097319,0.5965922287627365,0.5336513453113811,0.544100951909732,0.3965922287627366,0.3336513453113812,0.0,0.0,0.0,0.21044960659835077,0.14750872314699537,0.0629408834513554,True,1.0
106,0.5728788090225049,0.5713476502650152,1.2832525378911321,1.0865143149268663,0.5678737020488276,0.5102600905077426,1.363126115444622,1.10083822740355,0.6965243752618995,0.5833116969583401,0.5507787441845049,0.4965243752618994,0.3833116969583401,0.35077874418450483,0.0,0.0,0.0,0.14574563107739458,0.11321267830355941,0.032532952773835166,True,0.8333333333333334
107,1.3236508770274193,1.6911665167061705,0.3905303050208786,0.6695230661519147,1.2911572519822538,1.7950369930097771,1.3472863245588982,0.9961111140163563,0.8057317348307838,0.5892596813359157,0.5409484944642731,0.6057317348307838,0.3892596813359156,0.340948494464273,0.0,0.0,0.0,0.2647832403665107,0.2164720534948681,0.0483111868716426,True,1.0
108,0.6868365069460463,1.2575796632176903,0.7205806524569923,0.29272357127268034,1.7075792924029902,0.953800144985015,1.3830290675914536,1.0663553780877675,0.8044834432179364,0.5978485255328347,0.5443314073415437,0.6044834432179363,0.3978485255328347,0.34433140734154377,0.0,0.0,0.0,0.2601520358763927,0.20663491768510167,0.05351711819129101,True,1.0
109,0.9171515237385737,0.29054119320950944,0.35473566393057354,1.6133476144891716,0.8445868555991415,0.06138661448641709,1.6393600278533715,1.0350829504273666,0.7572696416850311,0.6101424752291529,0.5662484121837994,0.5572696416850311,0.4101424752291528,0.36624841218379944,0.0,0.0,0.0,0.19102122950123168,0.1471271664558782,0.04389406304535348,True,1.0
110,1.1852010363330223,0.3624706749680944,1.4306617398458037,0.3111710640199097,0.5195030143763415,1.023240980912885,0.5036931102653678,1.0470994161603104,0.7145024228886669,0.5994328308164198,0.5169942370234506,0.514502422888667,0.3994328308164199,0.31699423702345053,0.0,0.0,0.0,0.19750818586521635,0.1150695920722471,0.08243859379296925,True,0.8333333333333334
111,1.7142182092280482,1.007151956834647,0.5158772254864397,1.1920367681463082,1.313557926186109,0.11522429907585316,1.5651829388913747,1.0315786383417618,0.7920988663015078,0.6032547729880937,0.5351287624809788,0.5920988663015079,0.40325477298809376,0.3351287624809789,0.0,0.0,0.0,0.256970103820529,0.18884409331341412,0.06812601050711486,True,1.0
112,0.38597716086381223,1.2865920789643375,0.46236262212066837,0.5435608399997756,0.9584526333996702,1.3825966574239568,1.4758754367149869,0.8822124315118481,0.7905996179433223,0.6071577324821102,0.561416536015541,0.5905996179433224,0.4071577324821102,0.3614165360155409,0.0,0.0,0.0,0.22918308192778136,0.1834418854612121,0.04574119646656927,True,1.0
113,0.8455172347730134,0.8611095509205522,1.3572221778738989,0.6056739946282969,1.1681295765570558,1.2434783149518722,0.6050936331192628,1.0466232068219452,0.7962020779604311,0.5878942983891695,0.5354338532264407,0.5962020779604311,0.38789429838916945,0.3354338532264407,0.0,0.0,0.0,0.2607682247339904,0.20830777957126156,0.05246044516272885,True,1.0
114,1.654651994887742,1.116860561656451,1.1868601141427053,1.0996530827444966,0.7972641750308107,1.1804040500507744,0.9954583112982527,0.8717660678434986,0.8066249208546383,0.5999328679169076,0.5052491854723054,0.6066249208546384,0.3999328679169075,0.3052491854723054,0.0,0.0,0.0,0.301375735382333,0.20669205293773074,0.09468368244460224,True,1.0
115,1.015918888637787,1.09725539188308,1.3675163811230489,0.403280375836341,0.5508328719215462,1.357577048847936,0.9604704605339724,1.02523409296938,0.710586815197656,0.5774933145253764,0.5164057977496315,0.510586815197656,0.3774933145253764,0.3164057977496315,0.0,0.0,0.0,0.19418101744802452,0.13309350067227954,0.06108751677574498,True,0.8333333333333334
116,0.8626693749634216,1.426316047554594,0.5365789220788372,0.585236462551699,1.3529132558526435,1.2938760795265514,0.3052638318192804,1.0970494073716575,0.8117748809911098,0.5716241679522303,0.5330802947459354,0.6117748809911098,0.3716241679522303,0.33308029474593537,0.0,0.0,0.0,0.2786945862451744,0.24015071303887958,0.03854387320629482,True,1.0
117,1.6677784967433928,0.7739956889567097,0.9411082856878406,1.1290097247087736,1.0061659053250045,0.30677221467125226,1.268921078976857,1.0902472704849502,0.7664693145575017,0.5909235636477492,0.5178180326343493,0.5664693145575017,0.3909235636477493,0.31781803263434927,0.0,0.0,0.0,0.24865128192315233,0.17554575090975244,0.0731055310133999,True,1.0
118,0.6750928592497956,0.6564048340323045,0.5459811294892806,0.7010593496192968,0.7016711869650707,1.0662111603910376,0.3510960763554862,0.9676114133707481,0.754536813069691,0.5950772597864686,0.5554805353145265,0.5545368130696909,0.3950772597864687,0.3554805353145265,0.0,0.0,0.0,0.19905627775516455,0.15945955328322237,0.03959672447194218,True,1.0
119,1.5717253411547936,1.0720328550674432,1.1352512646885333,1.4775712915149462,0.41552428109533307,1.9369944452066872,0.8133391698788067,0.9153468300001927,0.7667543643708716,0.5835773057058047,0.5102171997354921,0.5667543643708717,0.3835773057058047,0.310217199735492,0.0,0.0,0.0,0.25653716463537957,0.18317705866506695,0.07336010597031262,True,1.0
120,0.9768514020169669,0.6652096999864927,1.1114675192444181,1.6064253054716857,0.37767643779900156,1.6489722397596074,1.3948881327694453,1.037834257598813,0.724570886866359,0.5830820786168216,0.5300128002739772,0.524570886866359,0.38308207861682164,0.3300128002739773,0.0,0.0,0.0,0.19455808659238172,0.14148880824953736,0.05306927834284436,True,0.8333333333333334
121,1.3502913359558872,0.8569588642871871,0.33827920777142884,1.430284429536715,0.5242204071805121,0.5519314672204353,0.5953771041375608,0.9158985669254519,0.7616557172855836,0.5888174567363174,0.5490007121650597,0.5616557172855836,0.3888174567363173,0.3490007121650597,0.0,0.0,0.0,0.21265500512052382,0.1728382605492662,0.03981674457125761,True,1.0
122,1.5158589746697926,0.5800936840774857,0.5957658909598909,0.7682435411915417,1.501083368793435,1.9534861687593272,0.974281660022076,1.146796005220816,0.8406308911873839,0.5966952111995281,0.5350818100100663,0.6406308911873839,0.3966952111995281,0.3350818100100662,0.0,0.0,0.0,0.3055490811773176,0.2439356799878558,0.06161340118946179,True,1.0
123,1.4086595685859247,1.356131526898856,0.32895048843440877,1.4458350909111108,0.4971456147264181,0.7362606465369181,0.6937548735355198,0.8680520050755567,0.7634642368362337,0.5788557752826646,0.5361515504767771,0.5634642368362336,0.37885577528266456,0.33615155047677703,0.0,0.0,0.0,0.22731268635945656,0.18460846155356903,0.042704224805887536,True,1.0
124,1.20478878946534,0.7565021906712553,0.44940389063161684,0.6512573207820366,0.44663601169522116,0.9854116300287927,1.1181936930160041,1.1415206549428216,0.6834183642022158,0.5794720348113143,0.5404703161701052,0.48341836420221584,0.3794720348113143,0.34047031617010526,0.0,0.0,0.0,0.1429480480321106,0.10394632939090154,0.03900171864120905,True,0.8333333333333334
125,1.1437872780188953,1.5322104263225476,1.0951036183413119,1.2758150300199287,1.3802296255237394,0.4328107596713635,0.262452475978041,0.8627769603391802,0.874160527864291,0.5935548623012203,0.5114979886640696,0.674160527864291,0.3935548623012203,0.31149798866406964,0.0,0.0,0.0,0.3626625392002214,0.28060566556307065,0.08205687363715075,True,1.0
126,1.0857769665846044,0.2534717095774806,1.730045696571941,0.7222071692923527,1.407568118387957,0.1812319209324195,0.40118395610736635,0.9520764422587097,0.8431728648399586,0.6107559049891813,0.5109243129711196,0.6431728648399586,0.41075590498918124,0.31092431297111967,0.0,0.0,0.0,0.33224855186883895,0.23241695985077726,0.09983159201806169,True,1.0
127,0.2892230598970084,1.235622182474934,1.1612472151746227,1.360594806639207,0.46850377426473666,0.6968362146941203,1.7259077151372624,0.9002417159773829,0.7060739060627046,0.5901244982452991,0.5481503125831271,0.5060739060627046,0.39012449824529905,0.348150312583127,0.0,0.0,0.0,0.15792359347957752,0.11594940781740548,0.04197418566217204,True,0.8333333333333334
