source,material,external_role,areal_capacity_mah_cm2,contact_loss_percent,digitized_marker_area_px,digitization_method,pressure_mpa,current_ma_cm2,imaged_width_um
Nature Communications 2025 Fig. 1b,Li,void-opening / gap-coalescence external end member,0.12771739130434784,44.09836065573771,196,automated color-marker extraction from public full-size Fig. 1 PNG,0.2,0.5,160
Nature Communications 2025 Fig. 1b,Li,void-opening / gap-coalescence external end member,0.2528985507246377,62.775956284153,195,automated color-marker extraction from public full-size Fig. 1 PNG,0.2,0.5,160
Nature Communications 2025 Fig. 1b,Li,void-opening / gap-coalescence external end member,0.37771739130434784,73.27868852459017,196,automated color-marker extraction from public full-size Fig. 1 PNG,0.2,0.5,160
Nature Communications 2025 Fig. 1b,Li,void-opening / gap-coalescence external end member,0.5027173913043478,79.50819672131148,196,automated color-marker extraction from public full-size Fig. 1 PNG,0.2,0.5,160
Nature Communications 2025 Fig. 1b,Li,void-opening / gap-coalescence external end member,0.6277173913043478,82.95081967213115,182,automated color-marker extraction from public full-size Fig. 1 PNG,0.2,0.5,160
Nature Communications 2025 Fig. 1b,Li,void-opening / gap-coalescence external end member,0.7527173913043478,85.08196721311475,196,automated color-marker extraction from public full-size Fig. 1 PNG,0.2,0.5,160
Nature Communications 2025 Fig. 1b,Li,void-opening / gap-coalescence external end member,0.8777173913043478,85.57377049180329,182,automated color-marker extraction from public full-size Fig. 1 PNG,0.2,0.5,160
Nature Communications 2025 Fig. 1b,Li,void-opening / gap-coalescence external end member,1.002717391304348,89.34426229508196,196,automated color-marker extraction from public full-size Fig. 1 PNG,0.2,0.5,160
Nature Communications 2025 Fig. 1b,Li,void-opening / gap-coalescence external end member,1.127717391304348,91.14754098360656,182,automated color-marker extraction from public full-size Fig. 1 PNG,0.2,0.5,160
Nature Communications 2025 Fig. 1b,Li-Mg,contact-retaining / void-splitting external end member,0.002717391304347826,8.19672131147541,182,automated color-marker extraction from public full-size Fig. 1 PNG,0.2,0.5,160
Nature Communications 2025 Fig. 1b,Li-Mg,contact-retaining / void-splitting external end member,0.12771739130434784,12.131147540983607,182,automated color-marker extraction from public full-size Fig. 1 PNG,0.2,0.5,160
Nature Communications 2025 Fig. 1b,Li-Mg,contact-retaining / void-splitting external end member,0.2528985507246377,17.85792349726777,195,automated color-marker extraction from public full-size Fig. 1 PNG,0.2,0.5,160
Nature Communications 2025 Fig. 1b,Li-Mg,contact-retaining / void-splitting external end member,0.37771739130434784,22.295081967213115,182,automated color-marker extraction from public full-size Fig. 1 PNG,0.2,0.5,160
Nature Communications 2025 Fig. 1b,Li-Mg,contact-retaining / void-splitting external end member,0.5027173913043478,28.688524590163933,196,automated color-marker extraction from public full-size Fig. 1 PNG,0.2,0.5,160
Nature Communications 2025 Fig. 1b,Li-Mg,contact-retaining / void-splitting external end member,0.6277173913043478,34.59016393442623,196,automated color-marker extraction from public full-size Fig. 1 PNG,0.2,0.5,160
Nature Communications 2025 Fig. 1b,Li-Mg,contact-retaining / void-splitting external end member,0.7527173913043478,42.459016393442624,196,automated color-marker extraction from public full-size Fig. 1 PNG,0.2,0.5,160
Nature Communications 2025 Fig. 1b,Li-Mg,contact-retaining / void-splitting external end member,0.8778985507246378,45.398907103825124,195,automated color-marker extraction from public full-size Fig. 1 PNG,0.2,0.5,160
Nature Communications 2025 Fig. 1b,Li-Mg,contact-retaining / void-splitting external end member,1.002717391304348,51.63934426229508,196,automated color-marker extraction from public full-size Fig. 1 PNG,0.2,0.5,160
Nature Communications 2025 Fig. 1b,Li-Mg,contact-retaining / void-splitting external end member,1.127717391304348,51.63934426229508,196,automated color-marker extraction from public full-size Fig. 1 PNG,0.2,0.5,160
Nature Communications 2025 Fig. 1b,Li-Mg,contact-retaining / void-splitting external end member,1.252717391304348,51.147540983606554,182,automated color-marker extraction from public full-size Fig. 1 PNG,0.2,0.5,160
Nature Communications 2025 Fig. 1b,Li-Mg,contact-retaining / void-splitting external end member,1.377717391304348,52.622950819672134,196,automated color-marker extraction from public full-size Fig. 1 PNG,0.2,0.5,160
Nature Communications 2025 Fig. 1b,Li-Mg,contact-retaining / void-splitting external end member,1.5028985507246377,52.96174863387979,195,automated color-marker extraction from public full-size Fig. 1 PNG,0.2,0.5,160
Nature Communications 2025 Fig. 1b,Li-Mg,contact-retaining / void-splitting external end member,1.627717391304348,54.26229508196722,196,automated color-marker extraction from public full-size Fig. 1 PNG,0.2,0.5,160
Nature Communications 2025 Fig. 1b,Li-Mg,contact-retaining / void-splitting external end member,1.752717391304348,53.60655737704918,196,automated color-marker extraction from public full-size Fig. 1 PNG,0.2,0.5,160
Nature Communications 2025 Fig. 1b,Li-Mg,contact-retaining / void-splitting external end member,1.877717391304348,54.59016393442623,196,automated color-marker extraction from public full-size Fig. 1 PNG,0.2,0.5,160
Nature Communications 2025 Fig. 1b,Li-Mg,contact-retaining / void-splitting external end member,2.0027173913043477,54.26229508196722,196,automated color-marker extraction from public full-size Fig. 1 PNG,0.2,0.5,160
Nature Communications 2025 Fig. 1b,Li-Mg,contact-retaining / void-splitting external end member,2.1278985507246375,53.59562841530053,195,automated color-marker extraction from public full-size Fig. 1 PNG,0.2,0.5,160
Nature Communications 2025 Fig. 1b,Li-Mg,contact-retaining / void-splitting external end member,2.2527173913043477,53.93442622950819,196,automated color-marker extraction from public full-size Fig. 1 PNG,0.2,0.5,160
Nature Communications 2025 Fig. 1b,Li-Mg,contact-retaining / void-splitting external end member,2.3777173913043477,46.22950819672131,182,automated color-marker extraction from public full-size Fig. 1 PNG,0.2,0.5,160
Nature Communications 2025 Fig. 1b,Li-Mg,contact-retaining / void-splitting external end member,2.5027173913043477,45.90163934426229,182,automated color-marker extraction from public full-size Fig. 1 PNG,0.2,0.5,160
Nature Communications 2025 Fig. 1b,Li-Mg,contact-retaining / void-splitting external end member,2.6277173913043477,48.85245901639344,182,automated color-marker extraction from public full-size Fig. 1 PNG,0.2,0.5,160
Nature Communications 2025 Fig. 1b,Li-Mg,contact-retaining / void-splitting external end member,2.7527173913043477,48.85245901639344,182,automated color-marker extraction from public full-size Fig. 1 PNG,0.2,0.5,160
Nature Communications 2025 Fig. 1b,Li-Mg,contact-retaining / void-splitting external end member,2.8777173913043477,48.85245901639344,182,automated color-marker extraction from public full-size Fig. 1 PNG,0.2,0.5,160
Nature Communications 2025 Fig. 1b,Li-Mg,contact-retaining / void-splitting external end member,3.0027173913043477,48.032786885245905,196,automated color-marker extraction from public full-size Fig. 1 PNG,0.2,0.5,160
Nature Communications 2025 Fig. 1b,Li-Mg,contact-retaining / void-splitting external end member,3.1277173913043477,52.131147540983605,182,automated color-marker extraction from public full-size Fig. 1 PNG,0.2,0.5,160
Nature Communications 2025 Fig. 1b,Li-Mg,contact-retaining / void-splitting external end member,3.2527173913043477,50.0,196,automated color-marker extraction from public full-size Fig. 1 PNG,0.2,0.5,160
Nature Communications 2025 Fig. 1b,Li-Mg,contact-retaining / void-splitting external end member,3.3777173913043477,50.32786885245901,196,automated color-marker extraction from public full-size Fig. 1 PNG,0.2,0.5,160
