pressure_MPa,current_mA_cm2,CCD_only_separation,full_model_separation,absolute_amplification,ratio_amplification,neutral_regime_present_yes_no,opening_classification,neutral_classification,filling_classification,notes
0.2,1.0,0.121028739681,0.225068257927,0.104039518246,1.859627,yes,unstable,unstable,stable,full_class_pattern=unstable/unstable/stable; ccd_class_pattern=unstable/unstable/unstable; ratio blank when CCD-only denominator <= 0.05; same ablation-focused pressure-current grid settings as the leverage-map grid
0.2,2.0,0.203047520633,0.296861203045,0.093813682413,1.462028,no,unstable,unstable,unstable,full_class_pattern=unstable/unstable/unstable; ccd_class_pattern=unstable/unstable/unstable; ratio blank when CCD-only denominator <= 0.05; same ablation-focused pressure-current grid settings as the leverage-map grid
0.2,3.0,0.248245667508,0.325567060286,0.077321392778,1.311471,no,unstable,unstable,unstable,full_class_pattern=unstable/unstable/unstable; ccd_class_pattern=unstable/unstable/unstable; ratio blank when CCD-only denominator <= 0.05; same ablation-focused pressure-current grid settings as the leverage-map grid
0.2,4.0,0.207464810350,0.276856490260,0.069391679909,1.334474,no,unstable,unstable,unstable,full_class_pattern=unstable/unstable/unstable; ccd_class_pattern=unstable/unstable/unstable; ratio blank when CCD-only denominator <= 0.05; same ablation-focused pressure-current grid settings as the leverage-map grid
0.2,5.5,0.150976055521,0.200497043450,0.049520987929,1.328006,no,unstable,unstable,unstable,full_class_pattern=unstable/unstable/unstable; ccd_class_pattern=unstable/unstable/unstable; ratio blank when CCD-only denominator <= 0.05; same ablation-focused pressure-current grid settings as the leverage-map grid
0.2,7.0,0.086299738159,0.121341077801,0.035041339642,1.406042,no,unstable,unstable,unstable,full_class_pattern=unstable/unstable/unstable; ccd_class_pattern=unstable/unstable/unstable; ratio blank when CCD-only denominator <= 0.05; same ablation-focused pressure-current grid settings as the leverage-map grid
0.5,1.0,0.129206955353,0.236791235658,0.107584280305,1.832651,no,unstable,stable,stable,full_class_pattern=unstable/stable/stable; ccd_class_pattern=unstable/stable/stable; ratio blank when CCD-only denominator <= 0.05; same ablation-focused pressure-current grid settings as the leverage-map grid
0.5,2.0,0.275711160417,0.372600514811,0.096889354394,1.351416,no,unstable,unstable,stable,full_class_pattern=unstable/unstable/stable; ccd_class_pattern=unstable/unstable/stable; ratio blank when CCD-only denominator <= 0.05; same ablation-focused pressure-current grid settings as the leverage-map grid
0.5,3.0,0.373103572352,0.463760178985,0.090656606633,1.242980,yes,unstable,unstable,stable,full_class_pattern=unstable/unstable/stable; ccd_class_pattern=unstable/unstable/unstable; ratio blank when CCD-only denominator <= 0.05; same ablation-focused pressure-current grid settings as the leverage-map grid
0.5,4.0,0.453483971126,0.531219422884,0.077735451757,1.171418,yes,unstable,unstable,stable,full_class_pattern=unstable/unstable/stable; ccd_class_pattern=unstable/unstable/unstable; ratio blank when CCD-only denominator <= 0.05; same ablation-focused pressure-current grid settings as the leverage-map grid
0.5,5.5,0.488129345980,0.559257790376,0.071128444396,1.145716,yes,unstable,unstable,stable,full_class_pattern=unstable/unstable/stable; ccd_class_pattern=unstable/unstable/unstable; ratio blank when CCD-only denominator <= 0.05; same ablation-focused pressure-current grid settings as the leverage-map grid
0.5,7.0,0.469665097843,0.535704937490,0.066039839647,1.140610,no,unstable,unstable,unstable,full_class_pattern=unstable/unstable/unstable; ccd_class_pattern=unstable/unstable/unstable; ratio blank when CCD-only denominator <= 0.05; same ablation-focused pressure-current grid settings as the leverage-map grid
1.0,1.0,0.027627672075,0.142769609941,0.115141937866,,yes,unstable,stable,stable,full_class_pattern=unstable/stable/stable; ccd_class_pattern=stable/stable/stable; ratio blank when CCD-only denominator <= 0.05; same ablation-focused pressure-current grid settings as the leverage-map grid
1.0,2.0,0.125318744847,0.230270987195,0.104952242348,1.837482,no,unstable,stable,stable,full_class_pattern=unstable/stable/stable; ccd_class_pattern=unstable/stable/stable; ratio blank when CCD-only denominator <= 0.05; same ablation-focused pressure-current grid settings as the leverage-map grid
1.0,3.0,0.192008669895,0.294145004913,0.102136335018,1.531936,no,unstable,stable,stable,full_class_pattern=unstable/stable/stable; ccd_class_pattern=unstable/stable/stable; ratio blank when CCD-only denominator <= 0.05; same ablation-focused pressure-current grid settings as the leverage-map grid
1.0,4.0,0.267948991957,0.369536630087,0.101587638129,1.379131,no,unstable,unstable,stable,full_class_pattern=unstable/unstable/stable; ccd_class_pattern=unstable/unstable/stable; ratio blank when CCD-only denominator <= 0.05; same ablation-focused pressure-current grid settings as the leverage-map grid
1.0,5.5,0.351111665433,0.444585765905,0.093474100472,1.266223,yes,unstable,unstable,stable,full_class_pattern=unstable/unstable/stable; ccd_class_pattern=unstable/unstable/unstable; ratio blank when CCD-only denominator <= 0.05; same ablation-focused pressure-current grid settings as the leverage-map grid
1.0,7.0,0.396046763254,0.486075487431,0.090028724176,1.227318,yes,unstable,unstable,stable,full_class_pattern=unstable/unstable/stable; ccd_class_pattern=unstable/unstable/unstable; ratio blank when CCD-only denominator <= 0.05; same ablation-focused pressure-current grid settings as the leverage-map grid
2.0,1.0,0.009209107699,0.165368815578,0.156159707880,,no,stable,stable,stable,full_class_pattern=stable/stable/stable; ccd_class_pattern=stable/stable/stable; ratio blank when CCD-only denominator <= 0.05; same ablation-focused pressure-current grid settings as the leverage-map grid
2.0,2.0,0.010219847020,0.150782491470,0.140562644451,,yes,unstable,stable,stable,full_class_pattern=unstable/stable/stable; ccd_class_pattern=stable/stable/stable; ratio blank when CCD-only denominator <= 0.05; same ablation-focused pressure-current grid settings as the leverage-map grid
2.0,3.0,0.028073145929,0.167552417947,0.139479272018,,yes,unstable,stable,stable,full_class_pattern=unstable/stable/stable; ccd_class_pattern=stable/stable/stable; ratio blank when CCD-only denominator <= 0.05; same ablation-focused pressure-current grid settings as the leverage-map grid
2.0,4.0,0.046348281203,0.159348241201,0.112999959998,,no,unstable,stable,stable,full_class_pattern=unstable/stable/stable; ccd_class_pattern=unstable/stable/stable; ratio blank when CCD-only denominator <= 0.05; same ablation-focused pressure-current grid settings as the leverage-map grid
2.0,5.5,0.093181066107,0.202925790257,0.109744724150,2.177758,no,unstable,unstable,stable,full_class_pattern=unstable/unstable/stable; ccd_class_pattern=unstable/unstable/stable; ratio blank when CCD-only denominator <= 0.05; same ablation-focused pressure-current grid settings as the leverage-map grid
2.0,7.0,0.108168501749,0.221026357525,0.112857855776,2.043352,yes,unstable,unstable,stable,full_class_pattern=unstable/unstable/stable; ccd_class_pattern=unstable/unstable/unstable; ratio blank when CCD-only denominator <= 0.05; same ablation-focused pressure-current grid settings as the leverage-map grid
5.0,1.0,0.025526833738,0.303841925243,0.278315091505,,no,stable,stable,stable,full_class_pattern=stable/stable/stable; ccd_class_pattern=stable/stable/stable; ratio blank when CCD-only denominator <= 0.05; same ablation-focused pressure-current grid settings as the leverage-map grid
5.0,2.0,-0.029269750342,0.295525050399,0.324794800742,,no,stable,stable,stable,full_class_pattern=stable/stable/stable; ccd_class_pattern=stable/stable/stable; ratio blank when CCD-only denominator <= 0.05; same ablation-focused pressure-current grid settings as the leverage-map grid
5.0,3.0,-0.009607107956,0.298740671456,0.308347779413,,no,stable,stable,stable,full_class_pattern=stable/stable/stable; ccd_class_pattern=stable/stable/stable; ratio blank when CCD-only denominator <= 0.05; same ablation-focused pressure-current grid settings as the leverage-map grid
5.0,4.0,-0.008993701093,0.294162330641,0.303156031733,,no,stable,stable,stable,full_class_pattern=stable/stable/stable; ccd_class_pattern=stable/stable/stable; ratio blank when CCD-only denominator <= 0.05; same ablation-focused pressure-current grid settings as the leverage-map grid
5.0,5.5,-0.004573991024,0.278036468487,0.282610459511,,no,stable,stable,stable,full_class_pattern=stable/stable/stable; ccd_class_pattern=stable/stable/stable; ratio blank when CCD-only denominator <= 0.05; same ablation-focused pressure-current grid settings as the leverage-map grid
5.0,7.0,0.001749238006,0.243419936666,0.241670698660,,no,stable,stable,stable,full_class_pattern=stable/stable/stable; ccd_class_pattern=stable/stable/stable; ratio blank when CCD-only denominator <= 0.05; same ablation-focused pressure-current grid settings as the leverage-map grid
