record_id,seed,extraction,registration,timing,candidate_output,cathode,rate_c,stage,subset,observed_ratio,predicted_ratio,residual,abs_residual,abs_residual_le_0p03
w003_last_iterate_on_limit,w003,ordinary,local,early,last_iterate_on_limit,P-LCO,0.2,dCh1,train,1.0352079988263148,1.0294765354641724,-0.005731463362142364,0.005731463362142364,True
w003_last_iterate_on_limit,w003,ordinary,local,early,last_iterate_on_limit,P-LCO,0.2,dCh2,train,1.0946896141019296,1.0646916168104292,-0.029997997291500322,0.029997997291500322,True
w003_last_iterate_on_limit,w003,ordinary,local,early,last_iterate_on_limit,P-LCO,0.5,dCh1,check,1.0111612229645737,1.0154954476800466,0.004334224715472956,0.004334224715472956,True
w003_last_iterate_on_limit,w003,ordinary,local,early,last_iterate_on_limit,P-LCO,0.5,dCh2,check,1.092314263673691,1.075572363024328,-0.016741900649363206,0.016741900649363206,True
w003_last_iterate_on_limit,w003,ordinary,local,early,last_iterate_on_limit,P-LCO,2.0,dCh1,train,1.101360751606481,1.0713627546411595,-0.02999799696532146,0.02999799696532146,True
w003_last_iterate_on_limit,w003,ordinary,local,early,last_iterate_on_limit,P-LCO,2.0,dCh2,train,1.1081470881349442,1.0848277361224155,-0.02331935201252877,0.02331935201252877,True
w003_last_iterate_on_limit,w003,ordinary,local,early,last_iterate_on_limit,P-LCO,4.0,dCh1,check,1.0943594437669857,1.0702265783469889,-0.02413286541999682,0.02413286541999682,True
w003_last_iterate_on_limit,w003,ordinary,local,early,last_iterate_on_limit,P-LCO,4.0,dCh2,check,1.1045321963996184,1.0785194183684645,-0.02601277803115387,0.02601277803115387,True
w003_last_iterate_on_limit,w003,ordinary,local,early,last_iterate_on_limit,N-LCO,0.2,dCh1,train,1.0021618079950132,1.0321598084941948,0.029998000499181554,0.029998000499181554,True
w003_last_iterate_on_limit,w003,ordinary,local,early,last_iterate_on_limit,N-LCO,0.2,dCh2,train,1.0542202875094844,1.024222289467981,-0.02999799804150327,0.02999799804150327,True
w003_last_iterate_on_limit,w003,ordinary,local,early,last_iterate_on_limit,N-LCO,2.0,dCh1,train,1.025318751306497,1.042033272249765,0.016714520943267974,0.016714520943267974,True
w003_last_iterate_on_limit,w003,ordinary,local,early,last_iterate_on_limit,N-LCO,2.0,dCh2,train,1.030666033295323,1.053772443330153,0.02310641003482994,0.02310641003482994,True
w003_last_iterate_on_limit,w003,ordinary,local,early,last_iterate_on_limit,N-LCO,4.0,dCh1,check,1.0296564425945025,1.0338823074166745,0.004225864822172021,0.004225864822172021,True
w003_last_iterate_on_limit,w003,ordinary,local,early,last_iterate_on_limit,N-LCO,4.0,dCh2,check,1.0375876232087635,1.047083481953789,0.009495858745025565,0.009495858745025565,True
w003_best_feasible_visited,w003,ordinary,local,early,best_feasible_visited,P-LCO,0.2,dCh1,train,1.0352079988263148,1.0294765369313668,-0.005731461894947998,0.005731461894947998,True
w003_best_feasible_visited,w003,ordinary,local,early,best_feasible_visited,P-LCO,0.2,dCh2,train,1.0946896141019296,1.0646916187396755,-0.029997995362254004,0.029997995362254004,True
w003_best_feasible_visited,w003,ordinary,local,early,best_feasible_visited,P-LCO,0.5,dCh1,check,1.0111612229645737,1.015495449930569,0.004334226965995391,0.004334226965995391,True
w003_best_feasible_visited,w003,ordinary,local,early,best_feasible_visited,P-LCO,0.5,dCh2,check,1.092314263673691,1.075572366760231,-0.016741896913460064,0.016741896913460064,True
w003_best_feasible_visited,w003,ordinary,local,early,best_feasible_visited,P-LCO,2.0,dCh1,train,1.101360751606481,1.071362754923605,-0.029997996682875838,0.029997996682875838,True
w003_best_feasible_visited,w003,ordinary,local,early,best_feasible_visited,P-LCO,2.0,dCh2,train,1.1081470881349442,1.0848277394831598,-0.02331934865178442,0.02331934865178442,True
w003_best_feasible_visited,w003,ordinary,local,early,best_feasible_visited,P-LCO,4.0,dCh1,check,1.0943594437669857,1.0702265783315847,-0.02413286543540094,0.02413286543540094,True
w003_best_feasible_visited,w003,ordinary,local,early,best_feasible_visited,P-LCO,4.0,dCh2,check,1.1045321963996184,1.0785194189904557,-0.026012777409162746,0.026012777409162746,True
w003_best_feasible_visited,w003,ordinary,local,early,best_feasible_visited,N-LCO,0.2,dCh1,train,1.0021618079950132,1.0321598088714532,0.02999800087644,0.02999800087644,True
w003_best_feasible_visited,w003,ordinary,local,early,best_feasible_visited,N-LCO,0.2,dCh2,train,1.0542202875094844,1.0242222898334015,-0.02999799767608291,0.02999799767608291,True
w003_best_feasible_visited,w003,ordinary,local,early,best_feasible_visited,N-LCO,2.0,dCh1,train,1.025318751306497,1.0420332696636636,0.01671451835716664,0.01671451835716664,True
w003_best_feasible_visited,w003,ordinary,local,early,best_feasible_visited,N-LCO,2.0,dCh2,train,1.030666033295323,1.053772441856921,0.023106408561597958,0.023106408561597958,True
w003_best_feasible_visited,w003,ordinary,local,early,best_feasible_visited,N-LCO,4.0,dCh1,check,1.0296564425945025,1.0338823071347736,0.004225864540271074,0.004225864540271074,True
w003_best_feasible_visited,w003,ordinary,local,early,best_feasible_visited,N-LCO,4.0,dCh2,check,1.0375876232087635,1.0470834818127635,0.00949585860399993,0.00949585860399993,True
w007_optimizer_return,w007,robust,local,early,optimizer_return,P-LCO,0.2,dCh1,train,1.0453503770924053,1.0344398323048627,-0.010910544787542609,0.010910544787542609,True
w007_optimizer_return,w007,robust,local,early,optimizer_return,P-LCO,0.2,dCh2,train,1.1142607011764938,1.0842627043046782,-0.02999799687181559,0.02999799687181559,True
w007_optimizer_return,w007,robust,local,early,optimizer_return,P-LCO,0.5,dCh1,check,1.016764675743518,1.0120446582029017,-0.00472001754061635,0.00472001754061635,True
w007_optimizer_return,w007,robust,local,early,optimizer_return,P-LCO,0.5,dCh2,check,1.095053633162125,1.0955004215785298,0.0004467884164047753,0.0004467884164047753,True
w007_optimizer_return,w007,robust,local,early,optimizer_return,P-LCO,2.0,dCh1,train,1.1117832872784075,1.0971753046191528,-0.01460798265925467,0.01460798265925467,True
w007_optimizer_return,w007,robust,local,early,optimizer_return,P-LCO,2.0,dCh2,train,1.1188968899800256,1.1162813558008209,-0.0026155341792046816,0.0026155341792046816,True
w007_optimizer_return,w007,robust,local,early,optimizer_return,P-LCO,4.0,dCh1,check,1.1095175835524622,1.0898457124123058,-0.01967187114015645,0.01967187114015645,True
w007_optimizer_return,w007,robust,local,early,optimizer_return,P-LCO,4.0,dCh2,check,1.119590945453795,1.089592947109129,-0.029997998344665877,0.029997998344665877,True
w007_optimizer_return,w007,robust,local,early,optimizer_return,N-LCO,0.2,dCh1,train,1.0021270660735158,1.0321250623725002,0.029997996298984475,0.029997996298984475,True
w007_optimizer_return,w007,robust,local,early,optimizer_return,N-LCO,0.2,dCh2,train,1.0548699940642448,1.0248719943439735,-0.029997999720271284,0.029997999720271284,True
w007_optimizer_return,w007,robust,local,early,optimizer_return,N-LCO,2.0,dCh1,train,1.0252842384911032,1.0465386438020967,0.02125440531099354,0.02125440531099354,True
w007_optimizer_return,w007,robust,local,early,optimizer_return,N-LCO,2.0,dCh2,train,1.02969348160086,1.0572696217306723,0.027576140129812243,0.027576140129812243,True
w007_optimizer_return,w007,robust,local,early,optimizer_return,N-LCO,4.0,dCh1,check,1.0324750314259366,1.0358716639280279,0.0033966325020913235,0.0033966325020913235,True
w007_optimizer_return,w007,robust,local,early,optimizer_return,N-LCO,4.0,dCh2,check,1.0380410531938569,1.0507631761204261,0.012722122926569268,0.012722122926569268,True
w009_optimizer_return,w009,published,local,late,optimizer_return,P-LCO,0.2,dCh1,train,1.046875,1.0726381972999282,0.025763197299928153,0.025763197299928153,True
w009_optimizer_return,w009,published,local,late,optimizer_return,P-LCO,0.2,dCh2,train,1.13171875,1.1449890408301715,0.013270290830171394,0.013270290830171394,True
w009_optimizer_return,w009,published,local,late,optimizer_return,P-LCO,0.5,dCh1,check,1.0293294030950626,1.0217740056307874,-0.007555397464275249,0.007555397464275249,True
w009_optimizer_return,w009,published,local,late,optimizer_return,P-LCO,0.5,dCh2,check,1.1516580692704494,1.149097357248556,-0.002560712021893341,0.002560712021893341,True
w009_optimizer_return,w009,published,local,late,optimizer_return,P-LCO,2.0,dCh1,train,1.1113235294117647,1.1211558853287504,0.009832355916985724,0.009832355916985724,True
w009_optimizer_return,w009,published,local,late,optimizer_return,P-LCO,2.0,dCh2,train,1.1247058823529412,1.1547124986979163,0.030006616344975034,0.030006616344975034,False
w009_optimizer_return,w009,published,local,late,optimizer_return,P-LCO,4.0,dCh1,check,1.123355946282708,1.0998093431546974,-0.023546603128010712,0.023546603128010712,True
w009_optimizer_return,w009,published,local,late,optimizer_return,P-LCO,4.0,dCh2,check,1.1635054686418387,1.1334721906676528,-0.030033277974185868,0.030033277974185868,False
w009_optimizer_return,w009,published,local,late,optimizer_return,N-LCO,0.2,dCh1,train,1.0086092715231787,0.9924227652086768,-0.016186506314501914,0.016186506314501914,True
w009_optimizer_return,w009,published,local,late,optimizer_return,N-LCO,0.2,dCh2,train,1.0,0.9813615025013667,-0.018638497498633333,0.018638497498633333,True
w009_optimizer_return,w009,published,local,late,optimizer_return,N-LCO,2.0,dCh1,train,1.0255596391580355,1.0444335768272621,0.018873937669226626,0.018873937669226626,True
w009_optimizer_return,w009,published,local,late,optimizer_return,N-LCO,2.0,dCh2,train,1.0304042766455062,1.0463905966757494,0.01598632003024325,0.01598632003024325,True
w009_optimizer_return,w009,published,local,late,optimizer_return,N-LCO,4.0,dCh1,check,1.046460550768711,1.0462909392290471,-0.0001696115396638831,0.0001696115396638831,True
w009_optimizer_return,w009,published,local,late,optimizer_return,N-LCO,4.0,dCh2,check,1.0393647575603988,1.066070862492733,0.026706104932334274,0.026706104932334274,True
