stable_id,cohort,m,extraction,registration,timing,eta,total_fitted_P_minus_N_forecast_pp,symmetric_history_pp,symmetric_starting_state_pp,matched_P_history_effect_pp,matched_N_history_effect_pp,symmetric_history_fraction,q0_P_mAh_cm2,q0_N_mAh_cm2,q0_basis,eta_times_max_paired_db_MPa,log10_L_over_um,log10_H0,b,A,dedup_cluster_id,dedup_cluster_size,dedup_representative_id,source_id,parameter_source_path,parameter_provenance,case_or_projection_path
m6p6_w016,original50,6.6,ordinary,balance_aligned,early,32.50224928583679,3.2013116826816512,1.5466078555993135,1.6547038270823378,3.0163799944966208,0.07683571670200617,0.48311692484243285,0.05058840000000242,0.07763160000000124,P/N pressure-history q0 from PP/PN cells,0.7406659265593691,1.4112983773753198,-2.43435315745001,0.8436833091695635,0.9999999899999997,m6p6__ordinary__balance_aligned__early__c01,1,m6p6_w016,stage27/w016,science_lab/papers/cathode_response/revision_20260920/prospective27/cases/w016.json,original_id=stage27/w016; forecast_manifest=forecast_split_20260925/manifest.json; case_id=w016,forecast_split_20260925/cases/w016.json
m6p6_w017,original50,6.6,ordinary,balance_aligned,early,32.50603421199612,3.201159459184977,1.5468641727146792,1.6542952864702976,3.0168632726198963,0.0768650728094622,0.4832199684012351,0.05058840000000242,0.07763160000000124,P/N pressure-history q0 from PP/PN cells,0.7407521780004959,1.4112888181464438,-2.434209594029762,0.8436762958607297,0.9999988159437291,m6p6__ordinary__balance_aligned__early__c02,1,m6p6_w017,stage27/w017,science_lab/papers/cathode_response/revision_20260920/prospective27/cases/w017.json,original_id=stage27/w017; forecast_manifest=forecast_split_20260925/manifest.json; case_id=w017,forecast_split_20260925/cases/w017.json
m6p6_w018,original50,6.6,ordinary,balance_aligned,early,27.407734026460762,1.3503170044056656,1.0963136033257936,0.25400340107987196,1.8362500623257505,0.3563771443258368,0.8118935033394843,0.05058840000000242,0.07763160000000124,P/N pressure-history q0 from PP/PN cells,0.6245713808627776,1.5101711032886844,-1.3404945607229575,0.5297653305756291,0.902945641417647,m6p6__ordinary__balance_aligned__early__c03,2,m6p6_w018,stage27/w018,science_lab/papers/cathode_response/revision_20260920/prospective27/cases/w018.json,original_id=stage27/w018; forecast_manifest=forecast_split_20260925/manifest.json; case_id=w018,forecast_split_20260925/cases/w018.json
m6p6_w019,original50,6.6,ordinary,balance_aligned,early,27.40774664550511,1.3503186674907575,1.0963146138774027,0.25400405361335476,1.8362521360563822,0.35637709169842324,0.8118932517719242,0.05058840000000242,0.07763160000000124,P/N pressure-history q0 from PP/PN cells,0.6245716684273732,1.5101707253389791,-1.3404948841522977,0.5297657750968823,0.9029457579042768,m6p6__ordinary__balance_aligned__early__c03,2,m6p6_w018,stage27/w019,science_lab/papers/cathode_response/revision_20260920/prospective27/cases/w019.json,original_id=stage27/w019; forecast_manifest=forecast_split_20260925/manifest.json; case_id=w019,forecast_split_20260925/cases/w019.json
m6p6_w020,original50,6.6,ordinary,balance_aligned,early,28.06926814059457,1.3983097021089463,1.0616854773797924,0.336624224729154,1.7789841090125602,0.3443868457470245,0.7592634705877721,0.05058840000000242,0.07763160000000124,P/N pressure-history q0 from PP/PN cells,0.6396465153030596,1.5204973962781678,-1.3784950684960737,0.5295893217505985,0.8955916671697792,m6p6__ordinary__balance_aligned__early__c04,1,m6p6_w020,stage27/w020,science_lab/papers/cathode_response/revision_20260920/prospective27/cases/w020.json,original_id=stage27/w020; forecast_manifest=forecast_split_20260925/manifest.json; case_id=w020,forecast_split_20260925/cases/w020.json
m6p6_w025,original50,6.6,ordinary,balance_aligned,late,33.394911330102666,3.1990791253755146,1.6060811731069546,1.59299795226856,3.129371564487382,0.08279078172652721,0.5020448417068863,0.05058840000000242,0.07763160000000124,P/N pressure-history q0 from PP/PN cells,0.7610080374793255,1.408260314312968,-2.409835490369315,0.8424544011169809,0.9999999899937739,m6p6__ordinary__balance_aligned__late__c02,1,m6p6_w025,stage27/w025,science_lab/papers/cathode_response/revision_20260920/prospective27/cases/w025.json,original_id=stage27/w025; forecast_manifest=forecast_split_20260925/manifest.json; case_id=w025,forecast_split_20260925/cases/w025.json
m6p6_w026,original50,6.6,ordinary,balance_aligned,late,33.39499243905782,3.1990075299581866,1.6060682010071714,1.5929393289510152,3.1293388980840664,0.0827975039302764,0.502052022687225,0.05058840000000242,0.07763160000000124,P/N pressure-history q0 from PP/PN cells,0.7610098858018493,1.4082531864409922,-2.4097715035221894,0.8424476286585161,0.9999999897612435,m6p6__ordinary__balance_aligned__late__c03,1,m6p6_w026,stage27/w026,science_lab/papers/cathode_response/revision_20260920/prospective27/cases/w026.json,original_id=stage27/w026; forecast_manifest=forecast_split_20260925/manifest.json; case_id=w026,forecast_split_20260925/cases/w026.json
m6p6_w027,original50,6.6,ordinary,balance_aligned,late,33.39414260079963,3.199088395776939,1.6060407383327924,1.5930476574441466,3.1292933736204676,0.08278810304511719,0.5020307474006966,0.05058840000000242,0.07763160000000124,P/N pressure-history q0 from PP/PN cells,0.7609905195655191,1.408258227142536,-2.409837665034292,0.8424536764831831,0.9999999899999998,m6p6__ordinary__balance_aligned__late__c04,1,m6p6_w027,stage27/w027,science_lab/papers/cathode_response/revision_20260920/prospective27/cases/w027.json,original_id=stage27/w027; forecast_manifest=forecast_split_20260925/manifest.json; case_id=w027,forecast_split_20260925/cases/w027.json
m6p6_w028,original50,6.6,ordinary,balance_aligned,late,36.19824552842895,1.906869470058603,2.7687260860740692,-0.8618566160154661,4.973050087982345,0.5644020841657937,1.4519746262385642,0.05058840000000242,0.07763160000000124,P/N pressure-history q0 from PP/PN cells,0.8248908199661268,1.2750171959066101,-1.4089708338039664,0.760074839635718,0.9999999899999321,m6p6__ordinary__balance_aligned__late__c05,1,m6p6_w028,stage27/w028,science_lab/papers/cathode_response/revision_20260920/prospective27/cases/w028.json,original_id=stage27/w028; forecast_manifest=forecast_split_20260925/manifest.json; case_id=w028,forecast_split_20260925/cases/w028.json
m6p6_w029,original50,6.6,ordinary,balance_aligned,late,35.11070392120462,2.811876856375539,1.2215157672328947,1.5903610891426445,2.350331842336484,0.09269969212930551,0.4344129667212409,0.05058840000000242,0.07763160000000124,P/N pressure-history q0 from PP/PN cells,0.800107765565714,1.421062689615388,-2.2123466257130344,0.7963087913853593,0.9865206022942007,m6p6__ordinary__balance_aligned__late__c06,1,m6p6_w029,stage27/w029,science_lab/papers/cathode_response/revision_20260920/prospective27/cases/w029.json,original_id=stage27/w029; forecast_manifest=forecast_split_20260925/manifest.json; case_id=w029,forecast_split_20260925/cases/w029.json
m6p6_w030,original50,6.6,ordinary,balance_aligned,late,31.082171470559988,1.5398125326002265,1.0203616713737707,0.5194508612264559,1.7189872059875988,0.3217361367599425,0.6626531800275208,0.05058840000000242,0.07763160000000124,P/N pressure-history q0 from PP/PN cells,0.7083049892719694,1.528172013104872,-1.4628177959978785,0.532706317692783,0.8914969256759379,m6p6__ordinary__balance_aligned__late__c07,1,m6p6_w030,stage27/w030,science_lab/papers/cathode_response/revision_20260920/prospective27/cases/w030.json,original_id=stage27/w030; forecast_manifest=forecast_split_20260925/manifest.json; case_id=w030,forecast_split_20260925/cases/w030.json
m6p6_w031,original50,6.6,ordinary,balance_aligned,late,35.437435579688426,1.730082334376415,0.8314653638024638,0.8986169705739511,1.4024436834000342,0.26048704420489344,0.48059294478730946,0.05058840000000242,0.07763160000000124,P/N pressure-history q0 from PP/PN cells,0.8075533735431484,1.6020599863538103,-1.7127583885635147,0.5438253655697843,0.828067654557434,m6p6__ordinary__balance_aligned__late__c08,1,m6p6_w031,stage27/w031,science_lab/papers/cathode_response/revision_20260920/prospective27/cases/w031.json,original_id=stage27/w031; forecast_manifest=forecast_split_20260925/manifest.json; case_id=w031,forecast_split_20260925/cases/w031.json
m6p6_w032,original50,6.6,ordinary,balance_aligned,late,31.082281961950493,1.5398181642667597,1.020355516721172,0.5194626475455877,1.7189768146894657,0.3217342187528782,0.6626467594678955,0.05058840000000242,0.07763160000000124,P/N pressure-history q0 from PP/PN cells,0.7083075071656514,1.5281738374934348,-1.4628242749644134,0.5327063131589609,0.8914955417443728,m6p6__ordinary__balance_aligned__late__c09,1,m6p6_w032,stage27/w032,science_lab/papers/cathode_response/revision_20260920/prospective27/cases/w032.json,original_id=stage27/w032; forecast_manifest=forecast_split_20260925/manifest.json; case_id=w032,forecast_split_20260925/cases/w032.json
m6p6_w040,original50,6.6,ordinary,balance_aligned,late,28.133573391261045,1.3603830081852175,1.1981140554153336,0.16226895276988396,2.0172317190499722,0.3789963917806949,0.8807181861332166,0.05058840000000242,0.07763160000000124,P/N pressure-history q0 from PP/PN cells,0.6411119125944487,1.4819272833160873,-1.2962483856569378,0.5371265373378278,0.9221679640363898,m6p6__ordinary__balance_aligned__late__c10,2,m6p6_w040,ordinary_min_seed0/optimizer,science_lab/papers/cathode_response/revision_20260920/counterexample28/searches/ordinary_min_seed0.json,original_id=ordinary_min_seed0/optimizer; forecast_manifest=forecast_split_20260925/manifest.json; case_id=w040,forecast_split_20260925/cases/w040.json
m6p6_w041,original50,6.6,ordinary,balance_aligned,late,28.133572556818258,1.3603828821165287,1.1981140236852261,0.16226885843130257,2.017231526575647,0.3789965207948054,0.8807182444262756,0.05058840000000242,0.07763160000000124,P/N pressure-history q0 from PP/PN cells,0.6411118935790465,1.4819273029419122,-1.2962483547421773,0.5371264999260491,0.9221679616650226,m6p6__ordinary__balance_aligned__late__c10,2,m6p6_w040,ordinary_min_seed1/optimizer,science_lab/papers/cathode_response/revision_20260920/counterexample28/searches/ordinary_min_seed1.json,original_id=ordinary_min_seed1/optimizer; forecast_manifest=forecast_split_20260925/manifest.json; case_id=w041,forecast_split_20260925/cases/w041.json
m6p6_w042,original50,6.6,ordinary,balance_aligned,late,10.97767377063939,5.615423156304011,0.6942564681448604,4.9211666881591505,1.3803663549327272,0.008146581356993643,0.12363386495022573,0.05058840000000242,0.07763160000000124,P/N pressure-history q0 from PP/PN cells,0.25016080712728356,1.6020599913279625,-3.471463504612812,0.8942659926157662,0.8098983491158457,m6p6__ordinary__balance_aligned__late__c11,3,m6p6_w042,ordinary_max_seed0/optimizer,science_lab/papers/cathode_response/revision_20260920/counterexample28/searches/ordinary_max_seed0.json,original_id=ordinary_max_seed0/optimizer; forecast_manifest=forecast_split_20260925/manifest.json; case_id=w042,forecast_split_20260925/cases/w042.json
m6p6_w043,original50,6.6,ordinary,balance_aligned,late,10.977673779777334,5.615423148028542,0.6942564615884494,4.921166686440093,1.3803663436807945,0.008146579496104422,0.12363386396485337,0.05058840000000242,0.07763160000000124,P/N pressure-history q0 from PP/PN cells,0.2501608073355204,1.6020599913279625,-3.471463504194082,0.8942659926048496,0.8098983490665114,m6p6__ordinary__balance_aligned__late__c11,3,m6p6_w042,ordinary_max_seed0/best_feasible,science_lab/papers/cathode_response/revision_20260920/counterexample28/searches/ordinary_max_seed0.json,original_id=ordinary_max_seed0/best_feasible; forecast_manifest=forecast_split_20260925/manifest.json; case_id=w043,forecast_split_20260925/cases/w043.json
m6p6_w044,original50,6.6,ordinary,balance_aligned,late,10.977671944102742,5.615423296302824,0.6942563397203116,4.921166956582512,1.380366102901287,0.008146576539336259,0.12363383899792696,0.05058840000000242,0.07763160000000124,P/N pressure-history q0 from PP/PN cells,0.250160765503904,1.6020599913216977,-3.4714635743624997,0.8942659940401521,0.8098983529898721,m6p6__ordinary__balance_aligned__late__c11,3,m6p6_w042,ordinary_max_seed1/optimizer,science_lab/papers/cathode_response/revision_20260920/counterexample28/searches/ordinary_max_seed1.json,original_id=ordinary_max_seed1/optimizer; forecast_manifest=forecast_split_20260925/manifest.json; case_id=w044,forecast_split_20260925/cases/w044.json
m6p6_w045,original50,6.6,ordinary,balance_aligned,late,34.11482497721457,3.639667206170216,2.0045292379136326,1.6351379682565836,3.8878950357980058,0.12116344002925938,0.5507451984938116,0.05058840000000242,0.07763160000000124,P/N pressure-history q0 from PP/PN cells,0.777413533104923,1.552502287111106,-2.4978505237081627,0.8523297375913856,0.816829388136756,m6p6__ordinary__balance_aligned__late__c12,1,m6p6_w045,ordinary_max_seed1/best_feasible,science_lab/papers/cathode_response/revision_20260920/counterexample28/searches/ordinary_max_seed1.json,original_id=ordinary_max_seed1/best_feasible; forecast_manifest=forecast_split_20260925/manifest.json; case_id=w045,forecast_split_20260925/cases/w045.json
m6p6_w000,original50,6.6,ordinary,local,early,32.58380054287353,2.869163717596579,1.2304239733327393,1.6387397442638396,2.407904111190673,0.052943835474805745,0.4288441143273038,0.0,0.0,P/N pressure-history q0 from PP/PN cells,0.6202172625729356,1.4030504089488005,-2.487096181033277,0.8552175671119512,0.9999999894317367,m6p6__ordinary__local__early__c01,2,m6p6_w000,stage27/w000,science_lab/papers/cathode_response/revision_20260920/prospective27/cases/w000.json,original_id=stage27/w000; forecast_manifest=forecast_split_20260925/manifest.json; case_id=w000,forecast_split_20260925/cases/w000.json
m6p6_w001,original50,6.6,ordinary,local,early,32.58219455174501,2.869247020791188,1.230322371857362,1.638924648933826,2.4077094695761136,0.05293527413861021,0.42879625314313424,0.0,0.0,P/N pressure-history q0 from PP/PN cells,0.6201866932898915,1.4030564465642619,-2.4871463650750463,0.8552184706448611,0.9999999899950706,m6p6__ordinary__local__early__c02,1,m6p6_w001,stage27/w001,science_lab/papers/cathode_response/revision_20260920/prospective27/cases/w001.json,original_id=stage27/w001; forecast_manifest=forecast_split_20260925/manifest.json; case_id=w001,forecast_split_20260925/cases/w001.json
m6p6_w002,original50,6.6,ordinary,local,early,32.58380054287353,2.869163728934687,1.2304239545385176,1.6387397743961696,2.4079040794980244,0.05294382957901078,0.42884410608221746,0.0,0.0,P/N pressure-history q0 from PP/PN cells,0.6202172625729356,1.4030504089488005,-2.4870961810332757,0.8552175671119512,0.9999999894317367,m6p6__ordinary__local__early__c01,2,m6p6_w000,stage27/w002,science_lab/papers/cathode_response/revision_20260920/prospective27/cases/w002.json,original_id=stage27/w002; forecast_manifest=forecast_split_20260925/manifest.json; case_id=w002,forecast_split_20260925/cases/w002.json
m6p6_w003,original50,6.6,ordinary,local,early,29.890605385867794,1.0645738024945839,0.9047882441773458,0.15978555831723806,1.557387914997399,0.2521885733572926,0.8499065466923783,0.0,0.0,P/N pressure-history q0 from PP/PN cells,0.5689535640471933,1.4532655354101407,-1.3146338055164843,0.5842459147306533,0.9358780299075584,m6p6__ordinary__local__early__c03,1,m6p6_w003,stage27/w003,science_lab/papers/cathode_response/revision_20260920/prospective27/cases/w003.json,original_id=stage27/w003; forecast_manifest=forecast_split_20260925/manifest.json; case_id=w003,forecast_split_20260925/cases/w003.json
m6p6_w004,original50,6.6,ordinary,local,early,35.93640421457277,1.501734288855805,0.6638623756104467,0.8378719132453583,1.1463319399707572,0.18139281125013618,0.4420638061852166,0.0,0.0,P/N pressure-history q0 from PP/PN cells,0.6840324909106271,1.5302167041410302,-1.6099609650242606,0.5745133124445442,0.8858192982698285,m6p6__ordinary__local__early__c04,2,m6p6_w004,stage27/w004,science_lab/papers/cathode_response/revision_20260920/prospective27/cases/w004.json,original_id=stage27/w004; forecast_manifest=forecast_split_20260925/manifest.json; case_id=w004,forecast_split_20260925/cases/w004.json
m6p6_w005,original50,6.6,ordinary,local,early,32.24667841660578,1.6808465146919582,1.2373026824990419,0.4435438321929164,2.271653267225049,0.2029520977730348,0.7361187780585648,0.0,0.0,P/N pressure-history q0 from PP/PN cells,0.6138003020335585,1.3428367563397465,-1.5708848458750513,0.7249784134678438,0.9752811447925165,m6p6__ordinary__local__early__c05,1,m6p6_w005,stage27/w005,science_lab/papers/cathode_response/revision_20260920/prospective27/cases/w005.json,original_id=stage27/w005; forecast_manifest=forecast_split_20260925/manifest.json; case_id=w005,forecast_split_20260925/cases/w005.json
m6p6_w006,original50,6.6,ordinary,local,early,35.936403762062604,1.5017342543355294,0.6638623856777937,0.8378718686577358,1.1463319743765465,0.18139279697904076,0.44206382305072484,0.0,0.0,P/N pressure-history q0 from PP/PN cells,0.6840324822973097,1.530216697438572,-1.6099609408947462,0.5745133137558497,0.8858193050972853,m6p6__ordinary__local__early__c04,2,m6p6_w004,stage27/w006,science_lab/papers/cathode_response/revision_20260920/prospective27/cases/w006.json,original_id=stage27/w006; forecast_manifest=forecast_split_20260925/manifest.json; case_id=w006,forecast_split_20260925/cases/w006.json
m6p6_w010,original50,6.6,ordinary,local,late,32.430894006127275,2.916880449063153,1.2135106354065894,1.7033698136565634,2.3744286863022657,0.0525925845109132,0.4160302955838818,0.0,0.0,P/N pressure-history q0 from PP/PN cells,0.6173067588235192,1.3992365615966467,-2.479082074406491,0.8530933094022378,0.9999999899935291,m6p6__ordinary__local__late__c01,2,m6p6_w010,stage27/w010,science_lab/papers/cathode_response/revision_20260920/prospective27/cases/w010.json,original_id=stage27/w010; forecast_manifest=forecast_split_20260925/manifest.json; case_id=w010,forecast_split_20260925/cases/w010.json
m6p6_w011,original50,6.6,ordinary,local,late,32.42733321692857,2.917108318003536,1.2133249237843868,1.7037833942191494,2.3740751338500177,0.052574713718755994,0.4159341346003855,0.0,0.0,P/N pressure-history q0 from PP/PN cells,0.6172389808819461,1.3992461196502477,-2.4792026203773134,0.8530973566505159,0.999999192421642,m6p6__ordinary__local__late__c02,1,m6p6_w011,stage27/w011,science_lab/papers/cathode_response/revision_20260920/prospective27/cases/w011.json,original_id=stage27/w011; forecast_manifest=forecast_split_20260925/manifest.json; case_id=w011,forecast_split_20260925/cases/w011.json
m6p6_w012,original50,6.6,ordinary,local,late,32.42332063944231,2.9172721421826253,1.2130987661524317,1.7041733760301936,2.37363625315572,0.05256127914914366,0.4158332534738509,0.0,0.0,P/N pressure-history q0 from PP/PN cells,0.6171626033635803,1.3992416932964054,-2.4792346759429504,0.8530921026401864,0.9999999899201301,m6p6__ordinary__local__late__c03,1,m6p6_w012,stage27/w012,science_lab/papers/cathode_response/revision_20260920/prospective27/cases/w012.json,original_id=stage27/w012; forecast_manifest=forecast_split_20260925/manifest.json; case_id=w012,forecast_split_20260925/cases/w012.json
m6p6_w013,original50,6.6,ordinary,local,late,32.430894006127275,2.9168804314576136,1.2135106095498949,1.7033698219077187,2.3744286396624625,0.0525925794373272,0.41603028923043084,0.0,0.0,P/N pressure-history q0 from PP/PN cells,0.6173067588235192,1.3992365615966467,-2.4790820744064916,0.8530933094022378,0.9999999899935291,m6p6__ordinary__local__late__c01,2,m6p6_w010,stage27/w013,science_lab/papers/cathode_response/revision_20260920/prospective27/cases/w013.json,original_id=stage27/w013; forecast_manifest=forecast_split_20260925/manifest.json; case_id=w013,forecast_split_20260925/cases/w013.json
m6p6_w014,original50,6.6,ordinary,local,late,39.23707876998942,1.60245191141406,0.6310566619303959,0.9713952494836642,1.0946619206142039,0.16745140324658792,0.39380692639539444,0.0,0.0,P/N pressure-history q0 from PP/PN cells,0.7468592730323458,1.5310516274153363,-1.6804417883400102,0.5761530833605478,0.8879513548365698,m6p6__ordinary__local__late__c04,2,m6p6_w014,stage27/w014,science_lab/papers/cathode_response/revision_20260920/prospective27/cases/w014.json,original_id=stage27/w014; forecast_manifest=forecast_split_20260925/manifest.json; case_id=w014,forecast_split_20260925/cases/w014.json
m6p6_w015,original50,6.6,ordinary,local,late,39.23706678638901,1.6024514186130823,0.6310570759878509,0.9713943426252314,1.09466264257696,0.16745150939874165,0.3938073058926362,0.0,0.0,P/N pressure-history q0 from PP/PN cells,0.7468590449301687,1.5310514606459082,-1.6804411727035227,0.5761530846876087,0.8879514910976993,m6p6__ordinary__local__late__c04,2,m6p6_w014,stage27/w015,science_lab/papers/cathode_response/revision_20260920/prospective27/cases/w015.json,original_id=stage27/w015; forecast_manifest=forecast_split_20260925/manifest.json; case_id=w015,forecast_split_20260925/cases/w015.json
m6p6_w024,original50,6.6,published,balance_aligned,late,69.99999999999989,3.163316042109998,7.01542877879926,-3.8521127366892616,11.624283930017487,2.4065736275810323,2.217745140039761,0.05058840000000242,0.07763160000000124,P/N pressure-history q0 from PP/PN cells,1.5951700574073342,1.2925478848793146,-0.370475685802953,0.2823957247785304,0.9697850375268527,m6p6__published__balance_aligned__late__c01,1,m6p6_w024,stage27/w024,science_lab/papers/cathode_response/revision_20260920/prospective27/cases/w024.json,original_id=stage27/w024; forecast_manifest=forecast_split_20260925/manifest.json; case_id=w024,forecast_split_20260925/cases/w024.json
m6p6_w037,original50,6.6,published,balance_aligned,late,65.99794665822246,2.5654174990499046,6.853191337511078,-4.287773838461173,11.453965112577258,2.252417562444897,2.6713746749015077,0.05058840000000242,0.07763160000000124,P/N pressure-history q0 from PP/PN cells,1.503970690850901,1.2680998366982439,-0.29005783210442715,0.30368320485284256,0.9838961517052038,m6p6__published__balance_aligned__late__c02,1,m6p6_w037,published_min_seed0/best_feasible,science_lab/papers/cathode_response/revision_20260920/counterexample28/searches/published_min_seed0.json,original_id=published_min_seed0/best_feasible; forecast_manifest=forecast_split_20260925/manifest.json; case_id=w037,forecast_split_20260925/cases/w037.json
m6p6_w038,original50,6.6,published,balance_aligned,late,70.0,3.2882274055064276,7.576686276369665,-4.288458870863238,12.069467407133116,3.083905145606214,2.3041856118837263,0.05058840000000242,0.07763160000000124,P/N pressure-history q0 from PP/PN cells,1.5951700574073369,1.319033967723541,-0.26195374667474347,0.12456440145161413,0.9743541169111428,m6p6__published__balance_aligned__late__c03,1,m6p6_w038,published_max_seed0/optimizer,science_lab/papers/cathode_response/revision_20260920/counterexample28/searches/published_max_seed0.json,original_id=published_max_seed0/optimizer; forecast_manifest=forecast_split_20260925/manifest.json; case_id=w038,forecast_split_20260925/cases/w038.json
m6p6_w039,original50,6.6,published,balance_aligned,late,70.0,3.2880046024779563,7.576576473778863,-4.288571871300906,12.069487833874781,3.083665113682943,2.304308354090772,0.05058840000000242,0.07763160000000124,P/N pressure-history q0 from PP/PN cells,1.5951700574073369,1.3190144427054622,-0.26195398222766286,0.12466588772226686,0.9743550132483688,m6p6__published__balance_aligned__late__c04,1,m6p6_w039,published_max_seed0/best_feasible,science_lab/papers/cathode_response/revision_20260920/counterexample28/searches/published_max_seed0.json,original_id=published_max_seed0/best_feasible; forecast_manifest=forecast_split_20260925/manifest.json; case_id=w039,forecast_split_20260925/cases/w039.json
m6p6_w008,original50,6.6,published,local,late,46.54438096943752,3.884645895012051,0.665309018196325,3.219336876815726,1.3084005922989972,0.022217444093652894,0.17126632289717647,0.0,0.0,P/N pressure-history q0 from PP/PN cells,0.8859503210815618,1.493188243198115,-2.10892096885434,0.6759026821129945,0.8385015718444973,m6p6__published__local__late__c01,1,m6p6_w008,stage27/w008,science_lab/papers/cathode_response/revision_20260920/prospective27/cases/w008.json,original_id=stage27/w008; forecast_manifest=forecast_split_20260925/manifest.json; case_id=w008,forecast_split_20260925/cases/w008.json
m6p6_w009,original50,6.6,published,local,late,69.99999999996773,1.8384662660851259,4.225997033995532,-2.3875307679104063,7.70538849803355,0.7466055699575147,2.2986535635459178,0.0,0.0,P/N pressure-history q0 from PP/PN cells,1.3324169574067963,1.2500046824871536,-0.7190342799142204,0.5417603322650677,0.9484031418596027,m6p6__published__local__late__c02,1,m6p6_w009,stage27/w009,science_lab/papers/cathode_response/revision_20260920/prospective27/cases/w009.json,original_id=stage27/w009; forecast_manifest=forecast_split_20260925/manifest.json; case_id=w009,forecast_split_20260925/cases/w009.json
m6p6_w021,original50,6.6,robust,balance_aligned,early,41.35479829388988,2.0464565185894568,2.0325103045445547,0.013946214044902039,3.684826723926271,0.38019388516283836,0.9931851891705402,0.05058840000000242,0.07763160000000124,P/N pressure-history q0 from PP/PN cells,0.9423990852647592,1.3689580078243497,-1.4124935169095707,0.6701064107457451,0.99999999,m6p6__robust__balance_aligned__early__c01,1,m6p6_w021,stage27/w021,science_lab/papers/cathode_response/revision_20260920/prospective27/cases/w021.json,original_id=stage27/w021; forecast_manifest=forecast_split_20260925/manifest.json; case_id=w021,forecast_split_20260925/cases/w021.json
m6p6_w022,original50,6.6,robust,balance_aligned,early,32.912350947259625,1.9765466832035061,1.4106949024682902,0.5658517807352159,2.4868044820492763,0.33458532288730414,0.7137169662908712,0.05058840000000242,0.07763160000000124,P/N pressure-history q0 from PP/PN cells,0.7500113821421507,1.4715450217227923,-1.5212045711833664,0.6223294588661418,0.893537623215013,m6p6__robust__balance_aligned__early__c02,1,m6p6_w022,stage27/w022,science_lab/papers/cathode_response/revision_20260920/prospective27/cases/w022.json,original_id=stage27/w022; forecast_manifest=forecast_split_20260925/manifest.json; case_id=w022,forecast_split_20260925/cases/w022.json
m6p6_w023,original50,6.6,robust,balance_aligned,early,34.050945392166945,2.0495869393170274,1.355988972257638,0.6935979670593895,2.3939221388779908,0.3180558056372851,0.6615913412823984,0.05058840000000242,0.07763160000000124,P/N pressure-history q0 from PP/PN cells,0.7759578359428148,1.4844081439433081,-1.5711873244454715,0.6221024068159872,0.8845791565878995,m6p6__robust__balance_aligned__early__c03,1,m6p6_w023,stage27/w023,science_lab/papers/cathode_response/revision_20260920/prospective27/cases/w023.json,original_id=stage27/w023; forecast_manifest=forecast_split_20260925/manifest.json; case_id=w023,forecast_split_20260925/cases/w023.json
m6p6_w033,original50,6.6,robust,balance_aligned,late,47.704511830220305,2.6713376963454882,2.20222110657049,0.46911658977499826,4.190452372637177,0.2139898405038032,0.8243888856070982,0.05058840000000242,0.07763160000000124,P/N pressure-history q0 from PP/PN cells,1.0870972696400214,1.4136485771137597,-1.9390591551037613,0.7897919758564892,0.9915188599828102,m6p6__robust__balance_aligned__late__c01,1,m6p6_w033,stage27/w033,science_lab/papers/cathode_response/revision_20260920/prospective27/cases/w033.json,original_id=stage27/w033; forecast_manifest=forecast_split_20260925/manifest.json; case_id=w033,forecast_split_20260925/cases/w033.json
m6p6_w034,original50,6.6,robust,balance_aligned,late,40.28418162979518,2.03430589092104,2.0190570007612485,0.015248890159791362,3.6478452238854375,0.39026877763705947,0.9925041311496732,0.05058840000000242,0.07763160000000124,P/N pressure-history q0 from PP/PN cells,0.9180017189001136,1.3677916858735704,-1.3970644056769856,0.6645413531462792,0.9952933001451103,m6p6__robust__balance_aligned__late__c02,1,m6p6_w034,stage27/w034,science_lab/papers/cathode_response/revision_20260920/prospective27/cases/w034.json,original_id=stage27/w034; forecast_manifest=forecast_split_20260925/manifest.json; case_id=w034,forecast_split_20260925/cases/w034.json
m6p6_w035,original50,6.6,robust,balance_aligned,late,36.97046614735341,2.171501681781285,1.3256062805725222,0.8458954012087627,2.351194122456124,0.3000184386889204,0.6104560229882604,0.05058840000000242,0.07763160000000124,P/N pressure-history q0 from PP/PN cells,0.8424882943807106,1.4826593764287952,-1.62782672347784,0.6224665111851526,0.889540751564465,m6p6__robust__balance_aligned__late__c03,2,m6p6_w035,stage27/w035,science_lab/papers/cathode_response/revision_20260920/prospective27/cases/w035.json,original_id=stage27/w035; forecast_manifest=forecast_split_20260925/manifest.json; case_id=w035,forecast_split_20260925/cases/w035.json
m6p6_w036,original50,6.6,robust,balance_aligned,late,36.97042378985166,2.171501083335281,1.3256041726319667,0.8458969107033143,2.3511899353308774,0.30001840993305606,0.610455220494722,0.05058840000000242,0.07763160000000124,P/N pressure-history q0 from PP/PN cells,0.8424873291318749,1.482660087258775,-1.627827242004841,0.6224662845198082,0.8895400207858621,m6p6__robust__balance_aligned__late__c03,2,m6p6_w035,stage27/w036,science_lab/papers/cathode_response/revision_20260920/prospective27/cases/w036.json,original_id=stage27/w036; forecast_manifest=forecast_split_20260925/manifest.json; case_id=w036,forecast_split_20260925/cases/w036.json
m6p6_w046,original50,6.6,robust,balance_aligned,late,33.48533212578469,1.9805176715320005,1.5152704456235178,0.4652472259084828,2.677328319708061,0.35321257153897445,0.7650880713684329,0.05058840000000242,0.07763160000000124,P/N pressure-history q0 from PP/PN cells,0.7630685595627386,1.4445623598029589,-1.4780323157734117,0.625143311277609,0.9143221407648863,m6p6__robust__balance_aligned__late__c04,2,m6p6_w046,robust_min_seed0/optimizer,science_lab/papers/cathode_response/revision_20260920/counterexample28/searches/robust_min_seed0.json,original_id=robust_min_seed0/optimizer; forecast_manifest=forecast_split_20260925/manifest.json; case_id=w046,forecast_split_20260925/cases/w046.json
m6p6_w047,original50,6.6,robust,balance_aligned,late,33.48533330660885,1.9805176770051558,1.5152705873607841,0.46524708964437167,2.6773285903707755,0.3532125843507927,0.765088140819881,0.05058840000000242,0.07763160000000124,P/N pressure-history q0 from PP/PN cells,0.7630685864715292,1.444562328562132,-1.4780322831694601,0.6251433277433937,0.9143221678831841,m6p6__robust__balance_aligned__late__c04,2,m6p6_w046,robust_min_seed1/optimizer,science_lab/papers/cathode_response/revision_20260920/counterexample28/searches/robust_min_seed1.json,original_id=robust_min_seed1/optimizer; forecast_manifest=forecast_split_20260925/manifest.json; case_id=w047,forecast_split_20260925/cases/w047.json
m6p6_w048,original50,6.6,robust,balance_aligned,late,17.03543066289128,5.466164357785108,0.91125244822029,4.554911909564819,1.8111749028836277,0.01132999355695219,0.16670783909423642,0.05058840000000242,0.07763160000000124,P/N pressure-history q0 from PP/PN cells,0.38820584154975696,1.6020599913279616,-3.378020272401823,0.8853006063501841,0.8246218821344957,m6p6__robust__balance_aligned__late__c05,2,m6p6_w048,robust_max_seed0/optimizer,science_lab/papers/cathode_response/revision_20260920/counterexample28/searches/robust_max_seed0.json,original_id=robust_max_seed0/optimizer; forecast_manifest=forecast_split_20260925/manifest.json; case_id=w048,forecast_split_20260925/cases/w048.json
m6p6_w049,original50,6.6,robust,balance_aligned,late,17.03542721857266,5.466164263810147,0.9112522530327904,4.554912010777357,1.8111745128521983,0.011329993213382572,0.16670780625198578,0.05058840000000242,0.07763160000000124,P/N pressure-history q0 from PP/PN cells,0.3882057630601294,1.6020599913279616,-3.3780201577538724,0.8853005971536463,0.8246218507742477,m6p6__robust__balance_aligned__late__c05,2,m6p6_w048,robust_max_seed1/optimizer,science_lab/papers/cathode_response/revision_20260920/counterexample28/searches/robust_max_seed1.json,original_id=robust_max_seed1/optimizer; forecast_manifest=forecast_split_20260925/manifest.json; case_id=w049,forecast_split_20260925/cases/w049.json
m6p6_w007,original50,6.6,robust,local,early,40.581911766912256,1.4957893470150863,1.5096583049821422,-0.013868957967055895,2.7516851984749735,0.2676314114893108,1.009271999426077,0.0,0.0,P/N pressure-history q0 from PP/PN cells,0.772457534317789,1.3473379388654454,-1.4070996256706625,0.6874996969512372,0.99999999,m6p6__robust__local__early__c01,1,m6p6_w007,stage27/w007,science_lab/papers/cathode_response/revision_20260920/prospective27/cases/w007.json,original_id=stage27/w007; forecast_manifest=forecast_split_20260925/manifest.json; case_id=w007,forecast_split_20260925/cases/w007.json
m6p6_post50_s47_seed0_best_screen,post50,6.6,ordinary,balance_aligned,late,3.2027163060177837,2.0804908722876325,0.049373676001351896,2.0311171962862806,0.09296217932872608,0.005785172673977712,0.02373174362791719,0.05058840000000242,0.07763160000000124,P/N pressure-history q0 from PP/PN cells,0.07298395933899716,1.4078251851728787,-2.169138710810378,0.6943401026272241,0.9999999899999752,m6p6__ordinary__balance_aligned__late__c01,3,m6p6_post50_s47_seed0_optimizer,s47_seed0_best_screen,science_lab/papers/cathode_response/revision_20260920/transfer47/results/balance_aligned_late_ordinary_seed0.json,original_id=stage47/balance_aligned_late_ordinary_seed0/best_screen; candidate_label=best_screen; source_sha256=1241ea10ae0eab8b24e51a6458983ecabd5a7ca5434dfc1214d18a03f9ce8595; continuation_manifest=forecast_split_20260925/post50_extension/continuation_v2_manifest.json,forecast_split_20260925/post50_extension/cases/s47_seed0_best_screen.json
m6p6_post50_s47_seed0_optimizer,post50,6.6,ordinary,balance_aligned,late,3.202737390380797,2.0804916743059065,0.04937399511523166,2.031117679190675,0.09296274277730276,0.005785247453160558,0.023731887863335868,0.05058840000000242,0.07763160000000124,P/N pressure-history q0 from PP/PN cells,0.07298443981249085,1.4078252066319195,-2.169139110999475,0.6943400675846597,0.9999999899999522,m6p6__ordinary__balance_aligned__late__c01,3,m6p6_post50_s47_seed0_optimizer,s47_seed0_optimizer,science_lab/papers/cathode_response/revision_20260920/transfer47/results/balance_aligned_late_ordinary_seed0.json,original_id=stage47/balance_aligned_late_ordinary_seed0/optimizer; candidate_label=optimizer; source_sha256=1241ea10ae0eab8b24e51a6458983ecabd5a7ca5434dfc1214d18a03f9ce8595; continuation_manifest=forecast_split_20260925/post50_extension/continuation_v2_manifest.json,forecast_split_20260925/post50_extension/cases/s47_seed0_optimizer.json
m6p6_post50_s47_seed1_optimizer,post50,6.6,ordinary,balance_aligned,late,3.202739816554419,2.0804915559021087,0.049373971002331096,2.0311175848997776,0.09296271206855611,0.005785229936106084,0.023731877623950445,0.05058840000000242,0.07763160000000124,P/N pressure-history q0 from PP/PN cells,0.07298449510048394,1.407825215182568,-2.169139112758451,0.694340063232971,0.9999999899905719,m6p6__ordinary__balance_aligned__late__c01,3,m6p6_post50_s47_seed0_optimizer,s47_seed1_optimizer,science_lab/papers/cathode_response/revision_20260920/transfer47/results/balance_aligned_late_ordinary_seed1.json,original_id=stage47/balance_aligned_late_ordinary_seed1/optimizer; candidate_label=optimizer; source_sha256=b93e5e5813864a9c1f6be678436f4cec9cf68d5f167815943dd73587085f78a0; continuation_manifest=forecast_split_20260925/post50_extension/continuation_v2_manifest.json,forecast_split_20260925/post50_extension/cases/s47_seed1_optimizer.json
m5p9_ordinary_8bf91176e871f8f27a4d6037c4f38fe9f2c6534cc761fda4c761107e827a62ff,endpoint_m,5.9,ordinary,balance_aligned,late,26.84809717276438,3.1205688719139646,NA,NA,NA,NA,NA,0.05058840000000242,0.07763160000000124,saved endpoint P-LCO/N-LCO cell q0; not a crossed factorial q0 pair,0.6118182958336615,1.390349662282635,-2.1883486696763192,0.8283082205259424,0.9999999899999964,m5p9__ordinary__balance_aligned__late__c01,2,m5p9_ordinary_8bf91176e871f8f27a4d6037c4f38fe9f2c6534cc761fda4c761107e827a62ff,m5p9_ordinary_s47_seed0_best_screen_free,creep_sensitivity_20260925/fits/m5p9_ordinary_s47_seed0_best_screen_free.json,m5p9_ordinary_s47_seed0_best_screen_free candidate_index=1 labels=optimizer_return+best_visited seed=s47_seed0_best_screen fit_path=fits/m5p9_ordinary_s47_seed0_best_screen_free.json fit_sha256=010bab9eb1bf37e46d65542d190c0b91cc3cd4555f12697166aa8e750e8503ae; setting=balance_aligned/late; setting_source=creep_sensitivity_20260925/manifest.json,creep_sensitivity_20260925/projections_v3/m5p9_ordinary_8bf91176e871f8f27a4d6037c4f38fe9f2c6534cc761fda4c761107e827a62ff.json
m5p9_ordinary_cd6f8144484d330e498513c431684486b056cc95403961133e897c41b141415c,endpoint_m,5.9,ordinary,balance_aligned,late,26.848097505557842,3.1205688434890355,NA,NA,NA,NA,NA,0.05058840000000242,0.07763160000000124,saved endpoint P-LCO/N-LCO cell q0; not a crossed factorial q0 pair,0.6118183034174068,1.3903496610264092,-2.188348670799355,0.828308221325727,0.9999999899999996,m5p9__ordinary__balance_aligned__late__c01,2,m5p9_ordinary_8bf91176e871f8f27a4d6037c4f38fe9f2c6534cc761fda4c761107e827a62ff,m5p9_ordinary_w026_free,creep_sensitivity_20260925/fits/m5p9_ordinary_w026_free.json,m5p9_ordinary_w026_free candidate_index=1 labels=optimizer_return+best_visited seed=w026 fit_path=fits/m5p9_ordinary_w026_free.json fit_sha256=e98582c94e6159a4c0efaf65c454c1f8fc9c4a6943dedc8d389476b7d4424fde; setting=balance_aligned/late; setting_source=creep_sensitivity_20260925/manifest.json,creep_sensitivity_20260925/projections_v3/m5p9_ordinary_cd6f8144484d330e498513c431684486b056cc95403961133e897c41b141415c.json
m5p9_published_5576893ff079330731c9ea497b40928bf65943d38a39fe5098e53b15889b6403,endpoint_m,5.9,published,balance_aligned,late,69.99999999999999,3.145418556131241,NA,NA,NA,NA,NA,0.05058840000000242,0.07763160000000124,saved endpoint P-LCO/N-LCO cell q0; not a crossed factorial q0 pair,1.5951700574073364,1.2828653783944022,-0.8495065591416093,0.6171028505894269,0.9694552314504231,m5p9__published__balance_aligned__late__c01,2,m5p9_published_5576893ff079330731c9ea497b40928bf65943d38a39fe5098e53b15889b6403,m5p9_published_w024_free,creep_sensitivity_20260925/fits/m5p9_published_w024_free.json,m5p9_published_w024_free candidate_index=1 labels=optimizer_return+best_visited seed=w024 fit_path=fits/m5p9_published_w024_free.json fit_sha256=384379e3c01d9d0e8ac6ab55090de65c0acd1228c6e2cbd71f93e5a813c96c59; setting=balance_aligned/late; setting_source=creep_sensitivity_20260925/manifest.json,creep_sensitivity_20260925/projections_v3/m5p9_published_5576893ff079330731c9ea497b40928bf65943d38a39fe5098e53b15889b6403.json
m5p9_published_771859d9ea81922bf1c5105e8a938a2ec7846b0d4b91778d8038a89520849be0,endpoint_m,5.9,published,balance_aligned,late,69.99999999999991,3.145418758108165,NA,NA,NA,NA,NA,0.05058840000000242,0.07763160000000124,saved endpoint P-LCO/N-LCO cell q0; not a crossed factorial q0 pair,1.5951700574073349,1.2828653917466815,-0.8495066452903508,0.6171028621606968,0.9694552269221748,m5p9__published__balance_aligned__late__c01,2,m5p9_published_5576893ff079330731c9ea497b40928bf65943d38a39fe5098e53b15889b6403,m5p9_published_w037_free,creep_sensitivity_20260925/fits/m5p9_published_w037_free.json,m5p9_published_w037_free candidate_index=1 labels=optimizer_return+best_visited seed=w037 fit_path=fits/m5p9_published_w037_free.json fit_sha256=326015b85b0e649fcc14fff5695dc8d10b3951c878ab66a585a6f6842e589e06; setting=balance_aligned/late; setting_source=creep_sensitivity_20260925/manifest.json,creep_sensitivity_20260925/projections_v3/m5p9_published_771859d9ea81922bf1c5105e8a938a2ec7846b0d4b91778d8038a89520849be0.json
m5p9_robust_538269d67d2cce6e9613478e672a9f0d4938632555d3f1f1e855e59abd2f674b,endpoint_m,5.9,robust,balance_aligned,late,26.947343362964066,4.162005456515638,NA,NA,NA,NA,NA,0.05058840000000242,0.07763160000000124,saved endpoint P-LCO/N-LCO cell q0; not a crossed factorial q0 pair,0.6140799322753515,1.3819693213494841,-2.433511735038147,0.8541687053707259,0.9999999899999997,m5p9__robust__balance_aligned__late__c01,2,m5p9_robust_538269d67d2cce6e9613478e672a9f0d4938632555d3f1f1e855e59abd2f674b,m5p9_robust_w033_free,creep_sensitivity_20260925/fits/m5p9_robust_w033_free.json,m5p9_robust_w033_free candidate_index=1 labels=optimizer_return+best_visited seed=w033 fit_path=fits/m5p9_robust_w033_free.json fit_sha256=5c67ec06d17ebb339ca8aaf53486cfd478c5e1aea1195d76451dc399b613270d; setting=balance_aligned/late; setting_source=creep_sensitivity_20260925/manifest.json,creep_sensitivity_20260925/projections_v3/m5p9_robust_538269d67d2cce6e9613478e672a9f0d4938632555d3f1f1e855e59abd2f674b.json
m5p9_robust_a71fce8e3b3a46a23633f7ef592bb16038521a915bd7afbf3fe35038b5c1f41d,endpoint_m,5.9,robust,balance_aligned,late,26.94734349094438,4.162005359062837,NA,NA,NA,NA,NA,0.05058840000000242,0.07763160000000124,saved endpoint P-LCO/N-LCO cell q0; not a crossed factorial q0 pair,0.6140799351917853,1.3819693108877051,-2.433511693863485,0.8541687035439457,0.9999999899978607,m5p9__robust__balance_aligned__late__c01,2,m5p9_robust_538269d67d2cce6e9613478e672a9f0d4938632555d3f1f1e855e59abd2f674b,m5p9_robust_w049_free,creep_sensitivity_20260925/fits/m5p9_robust_w049_free.json,m5p9_robust_w049_free candidate_index=1 labels=optimizer_return+best_visited seed=w049 fit_path=fits/m5p9_robust_w049_free.json fit_sha256=4771626a17e6de45134e77b4a87b715c8599f6ce85853650aef44700ec29631d; setting=balance_aligned/late; setting_source=creep_sensitivity_20260925/manifest.json,creep_sensitivity_20260925/projections_v3/m5p9_robust_a71fce8e3b3a46a23633f7ef592bb16038521a915bd7afbf3fe35038b5c1f41d.json
m7p3_ordinary_71789dbd17707f4935d281b384558e4e9abffbbf10b38a04e6904b566c935f88,endpoint_m,7.3,ordinary,balance_aligned,late,28.275301470900498,3.2493499653530655,NA,NA,NA,NA,NA,0.05058840000000242,0.07763160000000124,saved endpoint P-LCO/N-LCO cell q0; not a crossed factorial q0 pair,0.6443416324363729,1.3920515670337301,-2.579724000816187,0.8311150739998052,0.99999999,m7p3__ordinary__balance_aligned__late__c01,2,m7p3_ordinary_71789dbd17707f4935d281b384558e4e9abffbbf10b38a04e6904b566c935f88,m7p3_ordinary_s47_seed0_best_screen_free,creep_sensitivity_20260925/fits/m7p3_ordinary_s47_seed0_best_screen_free.json,m7p3_ordinary_s47_seed0_best_screen_free candidate_index=1 labels=optimizer_return+best_visited seed=s47_seed0_best_screen fit_path=fits/m7p3_ordinary_s47_seed0_best_screen_free.json fit_sha256=fe8778733b60fb9209d0ffb525fe8a5942e67c8e4c5fee3f27dd2f488da8227a; setting=balance_aligned/late; setting_source=creep_sensitivity_20260925/manifest.json,creep_sensitivity_20260925/projections_v3/m7p3_ordinary_71789dbd17707f4935d281b384558e4e9abffbbf10b38a04e6904b566c935f88.json
m7p3_ordinary_a06844c0d500244708c6897ea3685e1ecf0d21eb9fe66aa9bfadf75f23950200,endpoint_m,7.3,ordinary,balance_aligned,late,28.275301544621467,3.249349988430028,NA,NA,NA,NA,NA,0.05058840000000242,0.07763160000000124,saved endpoint P-LCO/N-LCO cell q0; not a crossed factorial q0 pair,0.6443416341163369,1.392051566900423,-2.5797239804179597,0.8311150714901157,0.9999999899999992,m7p3__ordinary__balance_aligned__late__c01,2,m7p3_ordinary_71789dbd17707f4935d281b384558e4e9abffbbf10b38a04e6904b566c935f88,m7p3_ordinary_w026_free,creep_sensitivity_20260925/fits/m7p3_ordinary_w026_free.json,m7p3_ordinary_w026_free candidate_index=1 labels=optimizer_return+best_visited seed=w026 fit_path=fits/m7p3_ordinary_w026_free.json fit_sha256=42d2eab38730a8fbc1e4412819c623ec0398e6d6ff768af3cdd9bb4fbad67756; setting=balance_aligned/late; setting_source=creep_sensitivity_20260925/manifest.json,creep_sensitivity_20260925/projections_v3/m7p3_ordinary_a06844c0d500244708c6897ea3685e1ecf0d21eb9fe66aa9bfadf75f23950200.json
m7p3_published_a5cf8798916a2c5192d0252f864297c51bcbb88d68378f09d7cbfaf2ce3295b0,endpoint_m,7.3,published,balance_aligned,late,69.99999999999989,3.3476856507519637,NA,NA,NA,NA,NA,0.05058840000000242,0.07763160000000124,saved endpoint P-LCO/N-LCO cell q0; not a crossed factorial q0 pair,1.5951700574073342,1.2925478848793146,-0.370475685802953,0.2823957247785304,0.9697850375268527,m7p3__published__balance_aligned__late__c01,1,m7p3_published_a5cf8798916a2c5192d0252f864297c51bcbb88d68378f09d7cbfaf2ce3295b0,m7p3_published_w024_free,creep_sensitivity_20260925/fits/m7p3_published_w024_free.json,m7p3_published_w024_free candidate_index=0 labels=start seed=w024 fit_path=fits/m7p3_published_w024_free.json fit_sha256=cbd8a16d55d6253c7d74f9250e53ee12e4c248b9a188505f92261e3e1f852025; setting=balance_aligned/late; setting_source=creep_sensitivity_20260925/manifest.json,creep_sensitivity_20260925/projections_v3/m7p3_published_a5cf8798916a2c5192d0252f864297c51bcbb88d68378f09d7cbfaf2ce3295b0.json
m7p3_published_abf89306eb196e0db7b5fcd4753d944882dbe7967caeaf6495b6e05c87e3c6ee,endpoint_m,7.3,published,balance_aligned,late,69.99999999998438,3.29245023677629,NA,NA,NA,NA,NA,0.05058840000000242,0.07763160000000124,saved endpoint P-LCO/N-LCO cell q0; not a crossed factorial q0 pair,1.595170057406981,1.2852725370714535,-1.0941084119864009,0.6610085233416446,0.9664130983142166,m7p3__published__balance_aligned__late__c02,1,m7p3_published_abf89306eb196e0db7b5fcd4753d944882dbe7967caeaf6495b6e05c87e3c6ee,m7p3_published_w024_free,creep_sensitivity_20260925/fits/m7p3_published_w024_free.json,m7p3_published_w024_free candidate_index=1 labels=optimizer_return+best_visited seed=w024 fit_path=fits/m7p3_published_w024_free.json fit_sha256=cbd8a16d55d6253c7d74f9250e53ee12e4c248b9a188505f92261e3e1f852025; setting=balance_aligned/late; setting_source=creep_sensitivity_20260925/manifest.json,creep_sensitivity_20260925/projections_v3/m7p3_published_abf89306eb196e0db7b5fcd4753d944882dbe7967caeaf6495b6e05c87e3c6ee.json
m7p3_published_c3c227610fd6d463c004d1960483bd63aae6e4bc35aa9899924d79c45d054767,endpoint_m,7.3,published,balance_aligned,late,65.99794665822246,2.6947760772784823,NA,NA,NA,NA,NA,0.05058840000000242,0.07763160000000124,saved endpoint P-LCO/N-LCO cell q0; not a crossed factorial q0 pair,1.503970690850901,1.2680998366982439,-0.29005783210442715,0.30368320485284256,0.9838961517052038,m7p3__published__balance_aligned__late__c03,1,m7p3_published_c3c227610fd6d463c004d1960483bd63aae6e4bc35aa9899924d79c45d054767,m7p3_published_w037_free,creep_sensitivity_20260925/fits/m7p3_published_w037_free.json,m7p3_published_w037_free candidate_index=0 labels=start seed=w037 fit_path=fits/m7p3_published_w037_free.json fit_sha256=64be2f4cc523937ee1275c935993d5b689b474fcc80723bff30d1713ebee6f68; setting=balance_aligned/late; setting_source=creep_sensitivity_20260925/manifest.json,creep_sensitivity_20260925/projections_v3/m7p3_published_c3c227610fd6d463c004d1960483bd63aae6e4bc35aa9899924d79c45d054767.json
m7p3_published_e2b064b1d754323caed757dba3404e6e1480c8d89f4968c2577a08c98a3c830a,endpoint_m,7.3,published,balance_aligned,late,70.0,2.9397215471556937,NA,NA,NA,NA,NA,0.05058840000000242,0.07763160000000124,saved endpoint P-LCO/N-LCO cell q0; not a crossed factorial q0 pair,1.5951700574073369,1.2626950258367615,-0.7584834915239735,0.5726454749109027,0.9669137268272219,m7p3__published__balance_aligned__late__c04,1,m7p3_published_e2b064b1d754323caed757dba3404e6e1480c8d89f4968c2577a08c98a3c830a,m7p3_published_w037_free,creep_sensitivity_20260925/fits/m7p3_published_w037_free.json,m7p3_published_w037_free candidate_index=2 labels=best_visited seed=w037 fit_path=fits/m7p3_published_w037_free.json fit_sha256=64be2f4cc523937ee1275c935993d5b689b474fcc80723bff30d1713ebee6f68; setting=balance_aligned/late; setting_source=creep_sensitivity_20260925/manifest.json,creep_sensitivity_20260925/projections_v3/m7p3_published_e2b064b1d754323caed757dba3404e6e1480c8d89f4968c2577a08c98a3c830a.json
m7p3_robust_ceef5a50b1ebb27f46fcf415f8592d1a251d3dff5715b103f125c2fcd062877a,endpoint_m,7.3,robust,balance_aligned,late,31.992042192064577,3.017222835850686,NA,NA,NA,NA,NA,0.05058840000000242,0.07763160000000124,saved endpoint P-LCO/N-LCO cell q0; not a crossed factorial q0 pair,0.7290392540013371,1.6020599913279623,-2.334871753080706,0.785881907399359,0.7642148912914675,m7p3__robust__balance_aligned__late__c01,1,m7p3_robust_ceef5a50b1ebb27f46fcf415f8592d1a251d3dff5715b103f125c2fcd062877a,m7p3_robust_w033_free,creep_sensitivity_20260925/fits/m7p3_robust_w033_free.json,m7p3_robust_w033_free candidate_index=1 labels=optimizer_return+best_visited seed=w033 fit_path=fits/m7p3_robust_w033_free.json fit_sha256=b76f59804a82caa964938a062452057bf8365c4843c959aeca55200c4a5fe4bc; setting=balance_aligned/late; setting_source=creep_sensitivity_20260925/manifest.json,creep_sensitivity_20260925/projections_v3/m7p3_robust_ceef5a50b1ebb27f46fcf415f8592d1a251d3dff5715b103f125c2fcd062877a.json
m7p3_robust_e68d8674828edc799df4dbdcade2a8f1e169db881444d16e59641c922318d8fc,endpoint_m,7.3,robust,balance_aligned,late,24.891289701743176,3.30596875640643,NA,NA,NA,NA,NA,0.05058840000000242,0.07763160000000124,saved endpoint P-LCO/N-LCO cell q0; not a crossed factorial q0 pair,0.5672262860353188,1.6020599913279603,-2.618382191999225,0.8022776678154414,0.7778798177661186,m7p3__robust__balance_aligned__late__c02,1,m7p3_robust_e68d8674828edc799df4dbdcade2a8f1e169db881444d16e59641c922318d8fc,m7p3_robust_w049_free,creep_sensitivity_20260925/fits/m7p3_robust_w049_free.json,m7p3_robust_w049_free candidate_index=1 labels=optimizer_return+best_visited seed=w049 fit_path=fits/m7p3_robust_w049_free.json fit_sha256=1a61bac306df6e113ed062d9209643a89679c095a6ccb72bfdfe3e9a1659144e; setting=balance_aligned/late; setting_source=creep_sensitivity_20260925/manifest.json,creep_sensitivity_20260925/projections_v3/m7p3_robust_e68d8674828edc799df4dbdcade2a8f1e169db881444d16e59641c922318d8fc.json
