m,extraction,original_n,challenge_n,n,min_pp,max_pp
5.9,ordinary,2,0,2,3.1205688434890355,3.1205688719139646
5.9,published,2,0,2,3.145418556131241,3.145418758108165
5.9,robust,2,0,2,4.162005359062837,4.162005456515638
6.6,ordinary,35,2,37,0.9959776026459366,5.615423296302824
6.6,published,6,0,6,1.8384662660851259,3.884645895012051
6.6,robust,12,1,13,1.3245315396571478,5.466164357785108
7.3,ordinary,2,0,2,3.2493499653530655,3.249349988430028
7.3,published,4,0,4,2.6947760772784823,3.3476856507519637
7.3,robust,2,0,2,3.017222835850686,3.30596875640643
