frequency_index,acquisition_rank,frequency_hz,settle_start_s,measure_start_s,measure_end_s
0,0,1000023.026116026,0.0,0.5,0.5000029999309232
1,1,794364.8157336275,0.5000029999309232,1.0000029999309232,1.0000067765332357
2,2,631000.9309748709,1.0000067765332357,1.5000067765332357,1.5000115308843827
3,3,501244.93826160184,1.5000115308843827,2.0000115308843824,2.0000175159822278
4,4,398162.1748911547,2.0000175159822278,2.5000175159822278,2.5000250506005046
5,5,316286.02268951247,2.5000250506005046,3.0000250506005046,3.000034535686107
6,6,251240.70303529798,3.000034535686107,3.500034535686107,3.500046476426456
7,7,199572.1793992631,3.500046476426456,4.000046476426456,4.000061508581784
8,8,158533.11751405444,4.000061508581784,4.500061508581784,4.500080432072642
9,9,125936.03043260823,4.500080432072642,5.000080432072642,5.0001042536905675
10,10,100032.24138772044,5.0001042536905675,5.5001042536905675,5.500134244021269
11,11,79460.26333613526,5.500134244021269,6.000134244021269,6.000171998741353
12,12,63121.890861670916,6.000171998741353,6.500171998741353,6.500219525834712
13,13,50140.65465855758,6.500219525834712,7.000219525834712,7.0002793575226
14,14,39832.72335062574,7.0002793575226,7.5002793575226,7.500354672483457
15,15,31639.528287913807,7.500354672483457,8.000354672483457,8.000449490584812
16,16,25135.64302999529,8.000449490584812,8.500449490584812,8.500568843011818
17,17,19967.33020334401,8.500568843011818,9.000568843011818,9.000719088436192
18,18,15856.962531632249,9.000719088436192,9.500719088436192,9.500908279776842
19,19,12600.274313445076,9.500908279776842,10.000908279776842,10.0011463698315
20,20,10011.519555381683,10.0011463698315,10.5011463698315,10.501446024642481
21,21,7951.7002429479035,10.501446024642481,11.001446024642481,11.00182330244576
22,22,6311.4624103740125,11.00182330244576,11.50182330244576,11.502298628100093
23,23,5016.606078026093,11.502298628100093,12.002298628100093,12.002896641967105
24,24,3986.300187033226,12.002896641967105,12.502896641967105,12.50364921951
25,25,3165.9933622841595,12.50364921951,13.00364921951,13.004596789405673
26,26,2515.822518116407,13.004596789405673,13.504596789405673,13.505789242362269
27,27,1998.2048097550125,13.505789242362269,14.005789242362269,14.007290589964555
28,28,1585.5137036440944,14.007290589964555,14.507290589964555,14.509182721198176
29,29,1260.4046594501003,14.509182721198176,15.009182721198176,15.011562909162024
30,30,1001.6131092283093,15.011562909162024,15.511562909162024,15.51455807762813
31,31,795.261576897098,15.51455807762813,16.01455807762813,16.01833042132881
32,32,631.8150984441334,16.01833042132881,16.51833042132881,16.523078645939755
33,33,502.088182922234,16.523078645939755,17.023078645939755,17.02905369196163
34,34,398.59330521252,17.02905369196163,17.52905369196163,17.536580160572036
35,35,316.72328996207375,17.536580160572036,18.036580160572036,18.046052151092088
36,36,251.36800595787903,18.046052151092088,18.546052151092088,18.55798684416716
37,37,199.80667834240964,18.55798684416716,19.05798684416716,19.073001357320013
38,38,158.62805528773296,19.073001357320013,19.573001357320013,19.59191352260224
39,39,126.0085459088238,19.59191352260224,20.09191352260224,20.115721431648115
40,40,100.16131092283094,20.115721431648115,20.615721431648115,20.645673116309187
41,41,79.51700242947908,20.645673116309187,21.145673116309187,21.18340089663718
42,42,63.16114581450261,21.18340089663718,21.68340089663718,21.730898451681714
43,43,50.208818292223405,21.730898451681714,22.230898451681714,22.290648911900465
44,44,39.859330521252,22.290648911900465,22.790648911900465,22.865913598004525
45,45,31.672328996207373,22.865913598004525,23.365913598004525,23.46063350320503
46,46,25.169234090449763,23.46063350320503,23.96063350320503,24.07982664151107
47,47,19.980667834240972,24.07982664151107,24.57982664151107,24.7299717730396
48,48,15.878884874890892,24.7299717730396,25.2299717730396,25.41890191666347
49,49,12.600854590882381,25.41890191666347,25.91890191666347,26.156981007122198
50,50,10.016131092283088,26.156981007122198,26.656981007122198,26.956497853732895
51,51,7.9557293459880745,26.956497853732895,27.456497853732895,27.833584588277585
52,52,6.320770181636005,27.833584588277585,28.333584588277585,28.808210292707724
53,53,5.020881829222341,28.808210292707724,29.308210292707724,29.905714894895237
54,54,3.9859330521252,29.905714894895237,30.405714894895237,31.158361755935836
55,55,3.170662381937147,31.158361755935836,31.658361755935836,32.60453628939945
56,56,2.51854665275082,32.60453628939945,33.10453628939945,34.29569945356928
57,57,2.001151643958324,34.29569945356928,34.79569945356928,36.294836217670735
58,58,1.5878884874890893,36.294836217670735,36.794836217670735,38.68413765390942
59,59,1.2625250389655596,38.68413765390942,39.18413765390942,41.56032815105633
60,60,1.0023744772623038,41.56032815105633,42.06032815105633,45.05322159362845
61,61,0.7962143490564402,45.05322159362845,45.55322159362845,49.321051203274614
62,62,0.6326885865056993,49.321051203274614,49.821051203274614,54.56272042883915
63,63,0.5023425895223871,54.56272042883915,55.06272042883915,61.03474044580071
64,64,0.3986759153222281,61.03474044580071,61.53474044580071,69.05964948771076
65,65,0.31693485246416936,69.05964948771076,69.55964948771076,79.02531720041257
66,66,0.2517560987121251,79.02531720041257,79.52531720041257,91.44161243753571
67,67,0.19980667834240973,91.44161243753571,91.94161243753571,106.95612559038881
