claim_id,result_scope,public_tables,saved_evidence,source_commit_context,scope_or_limit
source-inputs,"Processed input values derive from the public Moradi, Zahiri, and Braun source study; raw workbook is not redistributed.",data/source_pressure_traces.csv; data/known_protocols.csv; data/ccd_arithmetic.json,Evidence files are indexed in evidence/calibration-fit-records.zip; external source DOI is recorded here.,Source data: 10.1038/s41467-025-64358-2,Processed values only; obtain the raw workbook from the cited publication under its terms.
all14-compatibility,The 67-vector compatibility ensemble meets the fixed absolute-ratio screen of 0.03 across 14 source ratios; 938 model-target comparisons are retained.,data/calibration_938_rows.csv; data/compatible_vectors.csv,evidence/calibration-fit-records.zip; evidence/compatible-vector-inputs.zip,Route A source commit e2015f4118b50aff0d94cfafd2d08b797eba1da9; final read-off 8795b0eed,"All observations constrain the fit; this is compatibility, not held-out validation."
vector-cohorts,"The compatibility table has 53 baseline-exponent records and 14 endpoint-exponent records, grouped into 50 saved deduplication clusters.",data/compatible_vectors.csv; data/factor_arithmetic.json,evidence/compatible-vector-inputs.zip; evidence/calibration-fit-records.zip,Final read-off context 8795b0eed,Archive-group labels are preserved for path-level traceability; deduplication is the saved grouping procedure.
factorial-decomposition,The 2x2 starting-state/history decomposition is restricted to the 53 baseline-exponent records.,data/compatible_vectors.csv,evidence/compatible-vector-inputs.zip,Route A source commit e2015f4118b50aff0d94cfafd2d08b797eba1da9; final read-off 8795b0eed,The three minimum-search records and 14 endpoint-exponent projections are outside this decomposition.
baseline-forecast-range,The baseline-exponent Test 1 forecast set contains 56 records and spans 0.9959776026459366 to 5.615423296302824 pp (reported outward as 0.99–5.62 pp).,data/forecast_ranges.csv; data/compatible_vectors.csv; data/challenge_forecasts.csv,evidence/compatible-vector-inputs.zip; evidence/minimum-search.zip,Final read-off 8795b0eed; challenge source bec2881f69a5728ea637effe64560e474df5f77f,"Finite sampled range under the specified model, bounds, extraction, and protocol; not a confidence interval or certified/global bound."
endpoint-exponent-range,Fourteen endpoint-exponent Test 1 records span 2.6947760772784823 to 4.162005456515638 pp (reported outward as 2.69–4.17 pp).,data/forecast_ranges.csv; data/compatible_vectors.csv,evidence/compatible-vector-inputs.zip; evidence/calibration-fit-records.zip,Final read-off context 8795b0eed,Finite projections at m=5.9 and m=7.3; not a continuous-exponent or global search.
minimum-search-challenge,"Three saved challenge outputs pass the unchanged all-14 screen; the ordinary last iterate and best-feasible output are near duplicates, and one robust output passes. The published-extraction return fails and is not forecast.",data/challenge_forecasts.csv; data/challenge_all14_residuals.csv,evidence/minimum-search.zip,Challenge protocol SHA is recorded in evidence/minimum-search.zip; source commit bec2881f69a5728ea637effe64560e474df5f77f,"Three bounded minimum-only searches, capped as reported; acceptance near 0.03 means the lower sampled edge depends on the screen. No global minimum is certified."
transfer-gain-range,"The saved compatible ensemble spans effective transfer gains eta=3.20–70, with several values at the imposed upper bound.",data/compatible_vectors.csv; data/factor_arithmetic.json,evidence/compatible-vector-inputs.zip; evidence/calibration-fit-records.zip,Final read-off context 8795b0eed,Finite fitted ensemble; does not establish a physical lower bound or require pressure transfer.
assay-pressure-factor,"The fixed-contact pressure-factor arithmetic is derived from saved pressure traces, readout windows, and the stated effective gain/exponent settings.",data/factor_arithmetic.json; data/pressure_arithmetic.json; data/source_pressure_traces.csv,evidence/calibration-fit-records.zip,Final read-off context 8795b0eed,"A diagnostic of rate sensitivity at fixed contact, not the signed full-model dynamic forecast."
ccd-equivalence,Hill-fit inverse pressures and corresponding P/N pressure-equivalence differences are saved for uncapped and capacity-capped source observations.,data/ccd_arithmetic.json,evidence/calibration-fit-records.zip,Source study DOI 10.1038/s41467-025-64358-2; Route A read-off 8795b0eed,The source CCD and Li-free pressure-assay protocols differ; capped observations are not treated as uncapped failure thresholds.
spatial-current-contribution,"Eight stop/rest rows quantify the added current-redistribution contribution for the tested finite profile, parameter vector, load-sharing laws, and readout.",data/load_sharing_8_rows.csv,evidence/spatial-current.zip; evidence/spectral-readout-01.zip; evidence/spectral-readout-02.zip,Route A science source commit e2015f4118b50aff0d94cfafd2d08b797eba1da9,The contribution is small and sign-dependent in this tested set; it does not bound other profiles or operating conditions.
spectral-readout,The prescribed acquisition uses the saved 68-frequency high-to-low schedule and saved circuit templates/readout checks.,data/frequency_schedule.csv; data/forecast_circuit_templates.json,evidence/spectral-readout-01.zip; evidence/spectral-readout-02.zip,Final spectral read-off is indexed by the saved evidence bundle manifests.,Synthetic acquisition and variance limitations remain; this does not establish experimental repeatability or cell counts.
