archive_path,export_path,sha256,bytes,role,source_commit_context,syntax_parse,static_import_names,frozen_evidence_archive_sha256,original_source_sha256,modification
science_lab/papers/cathode_response/revision_20260920/bridge31/run_electrical_bridge_v2.py,source/route_a/bridge31/run_electrical_bridge_v2.py,f6d93b44774524a3e3333227af87b177f53466ef34fb253474c5cfe93bc25217,8978,archived stage calculation or saved-output audit source,e2015f4118b50aff0d94cfafd2d08b797eba1da9 (Route A science context),ok,importlib.util;json;numpy;pathlib;scipy.optimize;scipy.special;shared_compute;sys;time,bf7746fd592a2fcecafc2f356af3723c08640bdd3a72d3d7cdb41cec5cc93fce,f6d93b44774524a3e3333227af87b177f53466ef34fb253474c5cfe93bc25217,
science_lab/papers/cathode_response/revision_20260920/counterexample28/run_contrast_profile.py,source/route_a/counterexample28/run_contrast_profile.py,09ec43ab7ff22236f56a2eaffc307412d01162697ed863e5df700226ba4a6b87,13013,archived stage calculation or saved-output audit source,e2015f4118b50aff0d94cfafd2d08b797eba1da9 (Route A science context),ok,concurrent.futures;copy;importlib.util;json;numpy;os;pathlib;scipy.optimize;shared_compute;time,bf7746fd592a2fcecafc2f356af3723c08640bdd3a72d3d7cdb41cec5cc93fce,09ec43ab7ff22236f56a2eaffc307412d01162697ed863e5df700226ba4a6b87,
science_lab/papers/cathode_response/revision_20260920/counterexample28/verify_and_summarize.py,source/route_a/counterexample28/verify_and_summarize.py,b16e166707eadd4e0fdcfef07cfcd881866faaede0a171843e3e69a1f4bc33f0,10933,archived stage calculation or saved-output audit source,e2015f4118b50aff0d94cfafd2d08b797eba1da9 (Route A science context),ok,hashlib;json;math;pathlib,bf7746fd592a2fcecafc2f356af3723c08640bdd3a72d3d7cdb41cec5cc93fce,b16e166707eadd4e0fdcfef07cfcd881866faaede0a171843e3e69a1f4bc33f0,
science_lab/papers/cathode_response/revision_20260920/coupling5/electrical_boundary.py,source/route_a/coupling5/electrical_boundary.py,927714d8ea40d35bbc2c5cef7037e4b1f6a697fbf343d07cdf8a63f0d280ac1b,2508,spatial current-routing/load-sharing model implementation/dependency,e2015f4118b50aff0d94cfafd2d08b797eba1da9 (Route A science context),ok,functools;numpy;scipy.linalg,bf7746fd592a2fcecafc2f356af3723c08640bdd3a72d3d7cdb41cec5cc93fce,927714d8ea40d35bbc2c5cef7037e4b1f6a697fbf343d07cdf8a63f0d280ac1b,
science_lab/papers/cathode_response/revision_20260920/creep_sensitivity_20260925/m_kernel.py,source/route_a/creep_sensitivity_20260925/m_kernel.py,138cfe57f8b7e16f2a96296546756a3c9147c8003aed95264ef4bb7d480acae2,15428,archived stage calculation or saved-output audit source,8795b0eed (recorded final read-off context),ok,csv;functools;importlib.util;json;numpy;pathlib;scipy.integrate,bf7746fd592a2fcecafc2f356af3723c08640bdd3a72d3d7cdb41cec5cc93fce,138cfe57f8b7e16f2a96296546756a3c9147c8003aed95264ef4bb7d480acae2,
science_lab/papers/cathode_response/revision_20260920/creep_sensitivity_20260925/m_kernel_v1.py,source/route_a/creep_sensitivity_20260925/m_kernel_v1.py,138cfe57f8b7e16f2a96296546756a3c9147c8003aed95264ef4bb7d480acae2,15428,archived stage calculation or saved-output audit source,8795b0eed (recorded final read-off context),ok,csv;functools;importlib.util;json;numpy;pathlib;scipy.integrate,bf7746fd592a2fcecafc2f356af3723c08640bdd3a72d3d7cdb41cec5cc93fce,138cfe57f8b7e16f2a96296546756a3c9147c8003aed95264ef4bb7d480acae2,
science_lab/papers/cathode_response/revision_20260920/creep_sensitivity_20260925/qualify_projection_v3.py,source/route_a/creep_sensitivity_20260925/qualify_projection_v3.py,df274aa0b9e1655b8c7f910df260dda5a12b4dbd471f30664d77cc600e7c1395,4068,archived stage calculation or saved-output audit source,8795b0eed (recorded final read-off context),ok,ast;hashlib;json;pathlib,bf7746fd592a2fcecafc2f356af3723c08640bdd3a72d3d7cdb41cec5cc93fce,df274aa0b9e1655b8c7f910df260dda5a12b4dbd471f30664d77cc600e7c1395,
science_lab/papers/cathode_response/revision_20260920/creep_sensitivity_20260925/run_m_projection_v3.py,source/route_a/creep_sensitivity_20260925/run_m_projection_v3.py,812e11c1ef78133a8a83d7ad44b0532cd779f68353f3c424fa12e5b5583c2d6b,30096,archived stage calculation or saved-output audit source,8795b0eed (recorded final read-off context),ok,argparse;concurrent.futures;csv;functools;hashlib;importlib.util;json;math;numpy;os;pathlib;scipy.integrate;shared_compute;time,bf7746fd592a2fcecafc2f356af3723c08640bdd3a72d3d7cdb41cec5cc93fce,812e11c1ef78133a8a83d7ad44b0532cd779f68353f3c424fa12e5b5583c2d6b,
science_lab/papers/cathode_response/revision_20260920/creep_sensitivity_20260925/run_m_sensitivity_v2.py,source/route_a/creep_sensitivity_20260925/run_m_sensitivity_v2.py,60217381eadaf6dedc977ff1bf9abcf8a89f2b29dc2770304be015d307ffe3cc,19832,archived stage calculation or saved-output audit source,8795b0eed (recorded final read-off context),ok,argparse;concurrent.futures;hashlib;importlib.util;json;math;numpy;os;pathlib;scipy.optimize;shared_compute;time,bf7746fd592a2fcecafc2f356af3723c08640bdd3a72d3d7cdb41cec5cc93fce,60217381eadaf6dedc977ff1bf9abcf8a89f2b29dc2770304be015d307ffe3cc,
science_lab/papers/cathode_response/revision_20260920/current39/run_current.py,source/route_a/current39/run_current.py,0f7e378dff6bd1468267bd1d8e1e3bfedb32338b9173266416d8296e6ab9d791,11022,current-dependence state evolution dependency,e2015f4118b50aff0d94cfafd2d08b797eba1da9 (Route A science context),ok,argparse;concurrent.futures;importlib.util;json;numpy;os;pathlib;scipy.integrate;scipy.linalg;scipy.optimize;scipy.special;shared_compute;time;traceback,bf7746fd592a2fcecafc2f356af3723c08640bdd3a72d3d7cdb41cec5cc93fce,0f7e378dff6bd1468267bd1d8e1e3bfedb32338b9173266416d8296e6ab9d791,
science_lab/papers/cathode_response/revision_20260920/decomposition29/run_decomposition.py,source/route_a/decomposition29/run_decomposition.py,22210f4e249a57adeabde1cd852b94b7da7be9fb30184fbff0944b05967b9c28,12532,archived stage calculation or saved-output audit source,e2015f4118b50aff0d94cfafd2d08b797eba1da9 (Route A science context),ok,concurrent.futures;importlib.util;json;numpy;os;pathlib;scipy.integrate;shared_compute;time,bf7746fd592a2fcecafc2f356af3723c08640bdd3a72d3d7cdb41cec5cc93fce,22210f4e249a57adeabde1cd852b94b7da7be9fb30184fbff0944b05967b9c28,
science_lab/papers/cathode_response/revision_20260920/depth41/run_depth.py,source/route_a/depth41/run_depth.py,aabf313f939745d5b033119753bec66618b60d300435776b4e027139fb0f8972,10806,numerical convergence/precision source dependency,e2015f4118b50aff0d94cfafd2d08b797eba1da9 (Route A science context),ok,argparse;concurrent.futures;importlib.util;inspect;json;numpy;os;pathlib;scipy.integrate;scipy.linalg;scipy.optimize;scipy.special;shared_compute;time;traceback,bf7746fd592a2fcecafc2f356af3723c08640bdd3a72d3d7cdb41cec5cc93fce,aabf313f939745d5b033119753bec66618b60d300435776b4e027139fb0f8972,
science_lab/papers/cathode_response/revision_20260920/finite22/run_finite_height.py,source/route_a/finite22/run_finite_height.py,20339f894ba2e38e64c8aeb0cee4a267b1aa552e9567971554afe78c77018a76,14384,scalar contact/recovery model implementation or dependency,e2015f4118b50aff0d94cfafd2d08b797eba1da9 (Route A science context),ok,argparse;concurrent.futures;importlib.util;json;numpy;os;pathlib;scipy.integrate;scipy.optimize;shared_compute;time,bf7746fd592a2fcecafc2f356af3723c08640bdd3a72d3d7cdb41cec5cc93fce,20339f894ba2e38e64c8aeb0cee4a267b1aa552e9567971554afe78c77018a76,
science_lab/papers/cathode_response/revision_20260920/fits40/run_fits.py,source/route_a/fits40/run_fits.py,bfe7c2ab37736719c7aceb93c51991621f3fe8f3f40c89d324157acb9d30ac85,12430,numerical convergence/precision source dependency,e2015f4118b50aff0d94cfafd2d08b797eba1da9 (Route A science context),ok,argparse;concurrent.futures;importlib.util;inspect;json;numpy;os;pathlib;scipy.integrate;scipy.linalg;scipy.optimize;scipy.special;shared_compute;time;traceback,bf7746fd592a2fcecafc2f356af3723c08640bdd3a72d3d7cdb41cec5cc93fce,bfe7c2ab37736719c7aceb93c51991621f3fe8f3f40c89d324157acb9d30ac85,
science_lab/papers/cathode_response/revision_20260920/forecast9/run_recovery_probe.py,source/route_a/forecast9/run_recovery_probe.py,a030c3f7a07948dc4e0e034f28f664927ca36fd72f3a08d74e7d6dcca7b2685a,14849,scalar contact/recovery model implementation or dependency,e2015f4118b50aff0d94cfafd2d08b797eba1da9 (Route A science context),ok,argparse;concurrent.futures;copy;hashlib;importlib.util;json;math;numpy;os;pathlib;scipy;scipy.integrate;scipy.optimize;shared_compute;time;warnings,bf7746fd592a2fcecafc2f356af3723c08640bdd3a72d3d7cdb41cec5cc93fce,a030c3f7a07948dc4e0e034f28f664927ca36fd72f3a08d74e7d6dcca7b2685a,
science_lab/papers/cathode_response/revision_20260920/forecast_challenge_20260927/run_challenge.py,source/route_a/forecast_challenge_20260927/run_challenge.py,cb4e454ee11981e7df73aa5085ed16dbe1d35a7ff3a4e29c27a2d188bbe6f2fd,30360,archived stage calculation or saved-output audit source,bec2881f69a5728ea637effe64560e474df5f77f,ok,concurrent.futures;copy;importlib.util;json;numpy;os;pathlib;scipy.integrate;scipy.optimize;shared_compute;time,bf7746fd592a2fcecafc2f356af3723c08640bdd3a72d3d7cdb41cec5cc93fce,cb4e454ee11981e7df73aa5085ed16dbe1d35a7ff3a4e29c27a2d188bbe6f2fd,
science_lab/papers/cathode_response/revision_20260920/forecast_split_20260925/audit_saved.py,source/route_a/forecast_split_20260925/audit_saved.py,5982abb03754100d99a0d393caef3ffa6fa8a6460a378596d2073397b1a22538,5797,archived stage calculation or saved-output audit source,8795b0eed (recorded final read-off context),ok,hashlib;json;numpy;pathlib;shared_compute,bf7746fd592a2fcecafc2f356af3723c08640bdd3a72d3d7cdb41cec5cc93fce,5982abb03754100d99a0d393caef3ffa6fa8a6460a378596d2073397b1a22538,
science_lab/papers/cathode_response/revision_20260920/forecast_split_20260925/check_diagonal_inputs.py,source/route_a/forecast_split_20260925/check_diagonal_inputs.py,bc4b166b9ed39965b44d07934252ca10be2dda87c9d10686867605f0432bd928,1401,archived stage calculation or saved-output audit source,8795b0eed (recorded final read-off context),ok,hashlib;json;pathlib,bf7746fd592a2fcecafc2f356af3723c08640bdd3a72d3d7cdb41cec5cc93fce,bc4b166b9ed39965b44d07934252ca10be2dda87c9d10686867605f0432bd928,
science_lab/papers/cathode_response/revision_20260920/forecast_split_20260925/post50_extension/run_post50_extension_v2.py,source/route_a/forecast_split_20260925/post50_extension/run_post50_extension_v2.py,1773e31d5272365b5abe0515ba1daa2ebca0c61573b8055ce25aeb9ecc4fd99f,46509,archived stage calculation or saved-output audit source,8795b0eed (recorded final read-off context),ok,argparse;csv;hashlib;importlib.util;json;math;numpy;os;pathlib;platform;scipy;shared_compute;subprocess;sys;time,bf7746fd592a2fcecafc2f356af3723c08640bdd3a72d3d7cdb41cec5cc93fce,1773e31d5272365b5abe0515ba1daa2ebca0c61573b8055ce25aeb9ecc4fd99f,
science_lab/papers/cathode_response/revision_20260920/forecast_split_20260925/run_forecast_split.py,source/route_a/forecast_split_20260925/run_forecast_split.py,188d4f7cee3fb9615bdc7d50130c52a84c048f043c2bc5bc1999813e49fbf2ca,12898,archived stage calculation or saved-output audit source,8795b0eed (recorded final read-off context),ok,argparse;concurrent.futures;csv;importlib.util;json;numpy;os;pathlib;shared_compute;time,bf7746fd592a2fcecafc2f356af3723c08640bdd3a72d3d7cdb41cec5cc93fce,188d4f7cee3fb9615bdc7d50130c52a84c048f043c2bc5bc1999813e49fbf2ca,
science_lab/papers/cathode_response/revision_20260920/forecast_split_20260925/spectral_resolution/audit_spectral_resolution_v2.py,source/route_a/forecast_split_20260925/spectral_resolution/audit_spectral_resolution_v2.py,3f1c983d13203c98846257ee3ccfb9ca448d60ff7df70d6e87d30be8f92d5446,31742,archived stage calculation or saved-output audit source,8795b0eed (recorded final read-off context),ok,hashlib;json;math;numpy;pathlib;time,bf7746fd592a2fcecafc2f356af3723c08640bdd3a72d3d7cdb41cec5cc93fce,3f1c983d13203c98846257ee3ccfb9ca448d60ff7df70d6e87d30be8f92d5446,
science_lab/papers/cathode_response/revision_20260920/forecast_split_20260925/spectral_resolution/run_spectral_resolution.py,source/route_a/forecast_split_20260925/spectral_resolution/run_spectral_resolution.py,248c717b2379285afa01cc838344483fbe58b8dc5eb802e4c5e598ba610292b4,42431,archived stage calculation or saved-output audit source,8795b0eed (recorded final read-off context),ok,argparse;concurrent.futures;hashlib;importlib.util;json;math;numpy;os;pathlib;shared_compute;time,bf7746fd592a2fcecafc2f356af3723c08640bdd3a72d3d7cdb41cec5cc93fce,248c717b2379285afa01cc838344483fbe58b8dc5eb802e4c5e598ba610292b4,
science_lab/papers/cathode_response/revision_20260920/geometry20/run_geometry_probe.py,source/route_a/geometry20/run_geometry_probe.py,55326f9dec5a4b84390541b176888dc2488d8ae9855bf49d536221a047f32793,16989,contact-stock state evolution dependency,e2015f4118b50aff0d94cfafd2d08b797eba1da9 (Route A science context),ok,argparse;concurrent.futures;importlib.util;json;numpy;os;pathlib;scipy.integrate;scipy.optimize;shared_compute;time;warnings,bf7746fd592a2fcecafc2f356af3723c08640bdd3a72d3d7cdb41cec5cc93fce,55326f9dec5a4b84390541b176888dc2488d8ae9855bf49d536221a047f32793,
science_lab/papers/cathode_response/revision_20260920/impedance8/run_circuit_probe.py,source/route_a/impedance8/run_circuit_probe.py,d369e5bd57a43407bd36502d3501ffd45facb1d510e6b3917f888eaa5fdc6900,10576,impedance circuit or readout model implementation/dependency,e2015f4118b50aff0d94cfafd2d08b797eba1da9 (Route A science context),ok,argparse;concurrent.futures;hashlib;json;numpy;os;pathlib;scipy.optimize;shared_compute;time,bf7746fd592a2fcecafc2f356af3723c08640bdd3a72d3d7cdb41cec5cc93fce,d369e5bd57a43407bd36502d3501ffd45facb1d510e6b3917f888eaa5fdc6900,
science_lab/papers/cathode_response/revision_20260920/interaction36/run_interaction.py,source/route_a/interaction36/run_interaction.py,d0a105257dea443da1555942e13b80def6a38786beb81a960dd9b726d967702a,16126,matched-interface interaction dependency,e2015f4118b50aff0d94cfafd2d08b797eba1da9 (Route A science context),ok,argparse;concurrent.futures;importlib.util;json;numpy;os;pathlib;scipy.integrate;scipy.linalg;shared_compute;time,bf7746fd592a2fcecafc2f356af3723c08640bdd3a72d3d7cdb41cec5cc93fce,d0a105257dea443da1555942e13b80def6a38786beb81a960dd9b726d967702a,
science_lab/papers/cathode_response/revision_20260920/kinetics7/run_kinetic_probe.py,source/route_a/kinetics7/run_kinetic_probe.py,f95d1001fa9db9fc75b739f237e89bae9233fcb73c7c64815233ec668c171c36,16132,scalar contact/recovery model implementation or dependency,e2015f4118b50aff0d94cfafd2d08b797eba1da9 (Route A science context),ok,argparse;concurrent.futures;hashlib;json;math;numpy;os;pathlib;scipy;scipy.integrate;scipy.optimize;shared_compute;time,bf7746fd592a2fcecafc2f356af3723c08640bdd3a72d3d7cdb41cec5cc93fce,f95d1001fa9db9fc75b739f237e89bae9233fcb73c7c64815233ec668c171c36,
science_lab/papers/cathode_response/revision_20260920/loadsharing44/run_loadsharing.py,source/route_a/loadsharing44/run_loadsharing.py,cd032a45f04c0918063fa90d3d285de68578ce0241000f1a13d22abda013fd43,24106,spatial current-routing/load-sharing model implementation/dependency,e2015f4118b50aff0d94cfafd2d08b797eba1da9 (Route A science context),ok,argparse;concurrent.futures;importlib.util;inspect;json;numpy;os;pathlib;scipy.integrate;scipy.linalg;scipy.optimize;scipy.special;shared_compute;time;traceback,bf7746fd592a2fcecafc2f356af3723c08640bdd3a72d3d7cdb41cec5cc93fce,cd032a45f04c0918063fa90d3d285de68578ce0241000f1a13d22abda013fd43,
science_lab/papers/cathode_response/revision_20260920/loadsharing44/verify_and_summarize.py,source/route_a/loadsharing44/verify_and_summarize.py,c6bb0b0276f76fc4f617f37a1010a2a2670b32400e438c48f2f012b256f43a3d,8618,spatial current-routing/load-sharing model implementation/dependency,e2015f4118b50aff0d94cfafd2d08b797eba1da9 (Route A science context),ok,argparse;importlib.util;json;numpy;pathlib;shared_compute;time,bf7746fd592a2fcecafc2f356af3723c08640bdd3a72d3d7cdb41cec5cc93fce,c6bb0b0276f76fc4f617f37a1010a2a2670b32400e438c48f2f012b256f43a3d,
science_lab/papers/cathode_response/revision_20260920/moderate38/run_moderate.py,source/route_a/moderate38/run_moderate.py,5b8745bea00e460c5469539a4afeed908246da064eefedcf973d83dc86e35a22,10495,numerical convergence/precision source dependency,e2015f4118b50aff0d94cfafd2d08b797eba1da9 (Route A science context),ok,argparse;concurrent.futures;importlib.util;json;numpy;os;pathlib;scipy.integrate;scipy.linalg;scipy.optimize;scipy.special;shared_compute;time,bf7746fd592a2fcecafc2f356af3723c08640bdd3a72d3d7cdb41cec5cc93fce,5b8745bea00e460c5469539a4afeed908246da064eefedcf973d83dc86e35a22,
science_lab/papers/cathode_response/revision_20260920/pressure21/run_pressure_history.py,source/route_a/pressure21/run_pressure_history.py,580d25dc3c7c6442413a221d9f8473828e67a2e7e13f26d767a43c226275bd25,16514,archived stage calculation or saved-output audit source,e2015f4118b50aff0d94cfafd2d08b797eba1da9 (Route A science context),ok,argparse;concurrent.futures;csv;functools;importlib.util;json;numpy;os;pathlib;scipy.integrate;scipy.optimize;shared_compute;time,bf7746fd592a2fcecafc2f356af3723c08640bdd3a72d3d7cdb41cec5cc93fce,580d25dc3c7c6442413a221d9f8473828e67a2e7e13f26d767a43c226275bd25,
science_lab/papers/cathode_response/revision_20260920/prospective27/run_projection.py,source/route_a/prospective27/run_projection.py,718e8b0032f9594756f9ab4f42411f6cd0ca52b882cbf52cc6a93f5a8e950f3a,9498,archived stage calculation or saved-output audit source,e2015f4118b50aff0d94cfafd2d08b797eba1da9 (Route A science context),ok,concurrent.futures;csv;importlib.util;json;numpy;os;pathlib;scipy.integrate;shared_compute;time,bf7746fd592a2fcecafc2f356af3723c08640bdd3a72d3d7cdb41cec5cc93fce,718e8b0032f9594756f9ab4f42411f6cd0ca52b882cbf52cc6a93f5a8e950f3a,
science_lab/papers/cathode_response/revision_20260920/readout34/run_readout.py,source/route_a/readout34/run_readout.py,78a6e952a2771a9d35877b2776f5380e3afc7c4abdf21548af4fd601a58e6ac5,14441,impedance circuit or readout model implementation/dependency,e2015f4118b50aff0d94cfafd2d08b797eba1da9 (Route A science context),ok,argparse;concurrent.futures;importlib.util;json;math;numpy;os;pathlib;scipy.integrate;scipy.optimize;shared_compute;time,bf7746fd592a2fcecafc2f356af3723c08640bdd3a72d3d7cdb41cec5cc93fce,78a6e952a2771a9d35877b2776f5380e3afc7c4abdf21548af4fd601a58e6ac5,
science_lab/papers/cathode_response/revision_20260920/refine43/precision_v2/run_precision.py,source/route_a/refine43/precision_v2/run_precision.py,c9a5ddfdb86fec455fdf65d60224146b4b3f4ae5bd7fa91bc99ff2f558e67d1e,28336,numerical convergence/precision source dependency,e2015f4118b50aff0d94cfafd2d08b797eba1da9 (Route A science context),ok,argparse;ast;concurrent.futures;functools;importlib.util;inspect;json;numpy;os;pathlib;scipy.integrate;scipy.linalg;scipy.optimize;scipy.special;shared_compute;time;traceback;types,bf7746fd592a2fcecafc2f356af3723c08640bdd3a72d3d7cdb41cec5cc93fce,c9a5ddfdb86fec455fdf65d60224146b4b3f4ae5bd7fa91bc99ff2f558e67d1e,
science_lab/papers/cathode_response/revision_20260920/robust23/resume_startup_repair.py,source/route_a/robust23/resume_startup_repair.py,34476728c0b2d4e4f01fb8513f74847de7ba3d57b43eeb08eaf134af1d4067d5,11346,scalar contact/recovery model implementation or dependency,e2015f4118b50aff0d94cfafd2d08b797eba1da9 (Route A science context),ok,concurrent.futures;importlib.util;json;numpy;os;pathlib;scipy.integrate;scipy.optimize;shared_compute;time,bf7746fd592a2fcecafc2f356af3723c08640bdd3a72d3d7cdb41cec5cc93fce,34476728c0b2d4e4f01fb8513f74847de7ba3d57b43eeb08eaf134af1d4067d5,
science_lab/papers/cathode_response/revision_20260920/robust23/run_robustness.py,source/route_a/robust23/run_robustness.py,5838cb597ce024a7d494010413f6c21d9e2b81a7709dedfe638ad344b57e0ca6,11089,scalar contact/recovery model implementation or dependency,e2015f4118b50aff0d94cfafd2d08b797eba1da9 (Route A science context),ok,argparse;concurrent.futures;importlib.util;json;numpy;os;pathlib;scipy.optimize;shared_compute;shutil;time,bf7746fd592a2fcecafc2f356af3723c08640bdd3a72d3d7cdb41cec5cc93fce,5838cb597ce024a7d494010413f6c21d9e2b81a7709dedfe638ad344b57e0ca6,
science_lab/papers/cathode_response/revision_20260920/spatial32/run_spatial_probe.py,source/route_a/spatial32/run_spatial_probe.py,0934f20486eae498b272447d2dd8ed065786587385c2cc0de6640a699a59babc,18686,spatial current-routing/load-sharing model implementation/dependency,e2015f4118b50aff0d94cfafd2d08b797eba1da9 (Route A science context),ok,argparse;concurrent.futures;importlib.util;json;numpy;os;pathlib;scipy.integrate;scipy.linalg;scipy.optimize;scipy.special;shared_compute;time,bf7746fd592a2fcecafc2f356af3723c08640bdd3a72d3d7cdb41cec5cc93fce,0934f20486eae498b272447d2dd8ed065786587385c2cc0de6640a699a59babc,
science_lab/papers/cathode_response/revision_20260920/sweep35/run_sweep.py,source/route_a/sweep35/run_sweep.py,1f83f85535c40adba091cd5dbe70689a0d09b203aea4d72300b1b3aed15aa090,13744,archived stage calculation or saved-output audit source,e2015f4118b50aff0d94cfafd2d08b797eba1da9 (Route A science context),ok,argparse;concurrent.futures;importlib.util;json;numpy;os;pathlib;shared_compute;time,bf7746fd592a2fcecafc2f356af3723c08640bdd3a72d3d7cdb41cec5cc93fce,1f83f85535c40adba091cd5dbe70689a0d09b203aea4d72300b1b3aed15aa090,
science_lab/papers/cathode_response/revision_20260920/temporal45/run_temporal.py,source/route_a/temporal45/run_temporal.py,dbb3cc0699645d8e17e57ce238ae891978708bbe07092498cf2370f570c81156,11085,spatial current-routing/load-sharing model implementation/dependency,e2015f4118b50aff0d94cfafd2d08b797eba1da9 (Route A science context),ok,argparse;ast;concurrent.futures;hashlib;importlib.util;inspect;json;numpy;os;pathlib;scipy.integrate;scipy.linalg;scipy.optimize;scipy.special;shared_compute;time;traceback,bf7746fd592a2fcecafc2f356af3723c08640bdd3a72d3d7cdb41cec5cc93fce,dbb3cc0699645d8e17e57ce238ae891978708bbe07092498cf2370f570c81156,
science_lab/papers/cathode_response/revision_20260920/transfer47/qualified_scalar.py,source/route_a/transfer47/qualified_scalar.py,96d46cd6c995ad3c6ba77a24fcce23de4d8a1d972f62f2d9cea50f158b0f5b79,14020,scalar contact/recovery model implementation or dependency,e2015f4118b50aff0d94cfafd2d08b797eba1da9 (Route A science context),ok,importlib.util;numpy;pathlib;scipy.integrate;shared_compute,bf7746fd592a2fcecafc2f356af3723c08640bdd3a72d3d7cdb41cec5cc93fce,96d46cd6c995ad3c6ba77a24fcce23de4d8a1d972f62f2d9cea50f158b0f5b79,
science_lab/papers/cathode_response/revision_20260920/transfer49/audit_prediction.py,source/route_a/transfer49/audit_prediction.py,171015e6881300de498adb562dd1a92929d5c88fa20eb9eec1eb589878b82fda,34771,archived stage calculation or saved-output audit source,e2015f4118b50aff0d94cfafd2d08b797eba1da9 (Route A science context),ok,csv;functools;json;numpy;pathlib;scipy.integrate;shared_compute,bf7746fd592a2fcecafc2f356af3723c08640bdd3a72d3d7cdb41cec5cc93fce,171015e6881300de498adb562dd1a92929d5c88fa20eb9eec1eb589878b82fda,
science_lab/papers/cathode_response/revision_20260920/transfer49/run_prediction.py,source/route_a/transfer49/run_prediction.py,ff1490911c5146daf0cec7183066026b3f7d4e98d99bb20837e1b04a41946ded,28355,archived stage calculation or saved-output audit source,e2015f4118b50aff0d94cfafd2d08b797eba1da9 (Route A science context),ok,argparse;copy;hashlib;importlib.util;json;math;numpy;os;pathlib;platform;scipy;shared_compute;time,bf7746fd592a2fcecafc2f356af3723c08640bdd3a72d3d7cdb41cec5cc93fce,ff1490911c5146daf0cec7183066026b3f7d4e98d99bb20837e1b04a41946ded,
science_lab/papers/cathode_response/revision_20260920/transport4/run_finite_contact.py,source/route_a/transport4/run_finite_contact.py,501b327aab5d019166e923c6b963db698daf4931a60ab74dfda860fc366f0d46,11040,archived stage calculation or saved-output audit source,e2015f4118b50aff0d94cfafd2d08b797eba1da9 (Route A science context),ok,argparse;hashlib;json;numpy;pathlib;run_transport;scipy;scipy.sparse.linalg;shared_compute;time,bf7746fd592a2fcecafc2f356af3723c08640bdd3a72d3d7cdb41cec5cc93fce,501b327aab5d019166e923c6b963db698daf4931a60ab74dfda860fc366f0d46,
science_lab/papers/cathode_response/revision_20260920/transport4/run_transport.py,source/route_a/transport4/run_transport.py,044f39739321212e512ebc2c41f54d49dadd2e3a35cde48f827a13f144749b16,11801,finite-volume current-routing solver dependency,e2015f4118b50aff0d94cfafd2d08b797eba1da9 (Route A science context),ok,argparse;functools;hashlib;json;numpy;pathlib;scipy;scipy.sparse.linalg;shared_compute;time,bf7746fd592a2fcecafc2f356af3723c08640bdd3a72d3d7cdb41cec5cc93fce,044f39739321212e512ebc2c41f54d49dadd2e3a35cde48f827a13f144749b16,
science_lab/papers/cathode_response/revision_20260920/uncertainty25/run_uncertainty.py,source/route_a/uncertainty25/run_uncertainty.py,f80f3040b5fd4a32fbff89171dff12dfd3e34de72c82124b44656951f5d5ab8f,15212,archived stage calculation or saved-output audit source,e2015f4118b50aff0d94cfafd2d08b797eba1da9 (Route A science context),ok,argparse;concurrent.futures;copy;importlib.util;json;numpy;os;pathlib;scipy.optimize;shared_compute;time,bf7746fd592a2fcecafc2f356af3723c08640bdd3a72d3d7cdb41cec5cc93fce,f80f3040b5fd4a32fbff89171dff12dfd3e34de72c82124b44656951f5d5ab8f,
science_lab/papers/cathode_response/revision_20260920/wavelength42/run_wavelength.py,source/route_a/wavelength42/run_wavelength.py,d7af16382ee7479d7fbccd52d064961edef40cd41baa67252f83cd8cd85d5773,19538,numerical convergence/precision source dependency,e2015f4118b50aff0d94cfafd2d08b797eba1da9 (Route A science context),ok,argparse;concurrent.futures;importlib.util;inspect;json;numpy;os;pathlib;scipy.integrate;scipy.linalg;scipy.optimize;scipy.special;shared_compute;time;traceback,bf7746fd592a2fcecafc2f356af3723c08640bdd3a72d3d7cdb41cec5cc93fce,d7af16382ee7479d7fbccd52d064961edef40cd41baa67252f83cd8cd85d5773,
science_lab/papers/cathode_response/revision_20260920/weak33/run_weak_response.py,source/route_a/weak33/run_weak_response.py,64a6c738b7f429a0b0d3cacf75b53bb3abd5764f416b548d1ca41a53679a6016,21504,impedance circuit or readout model implementation/dependency,e2015f4118b50aff0d94cfafd2d08b797eba1da9 (Route A science context),ok,argparse;concurrent.futures;functools;importlib.util;json;math;numpy;os;pathlib;scipy.integrate;scipy.optimize;scipy.special;shared_compute;time,bf7746fd592a2fcecafc2f356af3723c08640bdd3a72d3d7cdb41cec5cc93fce,64a6c738b7f429a0b0d3cacf75b53bb3abd5764f416b548d1ca41a53679a6016,
v04/build_spatial_figures.py,scripts/build_spatial_figures.py,ca96834fa3151c03d44073724151ad9dce38915f682a1aee86d5f69b691d868b,3222,current saved-table figure builder (Figures 3 and S1),v04 document source worktree 7c8b1d6e48030958ff93917e9e21447ebeedf7e3,ok,csv;hashlib;json;matplotlib;matplotlib.pyplot;pathlib,,9d99d300acb1b95a242bfaac3199e93514053aa4cb67397f63cbebb0fa3e6cfa,Portability-only path adaptation: repository-root input; outputs under ignored figures/regenerated/; saved values and plotting operations unchanged.
