pressure_mpa,current_ma_cm2,assigned_stress_index,pressure_derived_stress_index,assigned_void_fraction,pressure_derived_void_fraction,assigned_contact_fraction,pressure_derived_contact_fraction,assigned_field_risk,pressure_derived_field_risk,assigned_stable_by_field_rule,pressure_derived_stable_by_field_rule,same_stable_class,same_risk_class_source,notes,field_rule_agreement_fraction,field_rule_differing_cells,prior_current_ratio_overall_agreement_fraction,prior_current_ratio_z_lco_agreement_fraction
0.2,1.0,0.0,0.12173534792954088,0.4774298369287539,0.4669718220911999,0.0,0.0,0.6774298369287539,0.6669718220912,False,False,True,field-rule evaluation at pressure-derived Z-LCO response coordinate,Assigned-neutral and pressure-derived Z-LCO cases were evaluated on the same Figure 5 pressure-current grid and roughness seed.,0.9666666666666667,1,0.9791666666666666,0.9375
0.2,2.0,0.0,0.12173534792954088,0.6171487573103372,0.6025854522870513,0.0,0.0,0.8171487573103373,0.8025854522870512,False,False,True,field-rule evaluation at pressure-derived Z-LCO response coordinate,Assigned-neutral and pressure-derived Z-LCO cases were evaluated on the same Figure 5 pressure-current grid and roughness seed.,0.9666666666666667,1,0.9791666666666666,0.9375
0.2,3.0,0.0,0.12173534792954088,0.7251914339222806,0.7086430995770753,0.0,0.0,0.9251914339222806,0.9086430995770753,False,False,True,field-rule evaluation at pressure-derived Z-LCO response coordinate,Assigned-neutral and pressure-derived Z-LCO cases were evaluated on the same Figure 5 pressure-current grid and roughness seed.,0.9666666666666667,1,0.9791666666666666,0.9375
0.2,4.0,0.0,0.12173534792954088,0.8450824225429575,0.8283942013216058,0.0,0.0,1.0450824225429576,1.0283942013216059,False,False,True,field-rule evaluation at pressure-derived Z-LCO response coordinate,Assigned-neutral and pressure-derived Z-LCO cases were evaluated on the same Figure 5 pressure-current grid and roughness seed.,0.9666666666666667,1,0.9791666666666666,0.9375
0.2,5.5,0.0,0.12173534792954088,0.9232419341457896,0.9136991289711723,0.0,0.0,1.1232419341457895,1.1136991289711724,False,False,True,field-rule evaluation at pressure-derived Z-LCO response coordinate,Assigned-neutral and pressure-derived Z-LCO cases were evaluated on the same Figure 5 pressure-current grid and roughness seed.,0.9666666666666667,1,0.9791666666666666,0.9375
0.2,7.0,0.0,0.12173534792954088,0.9610720951459636,0.9551494383552561,0.0,0.0,1.1610720951459634,1.155149438355256,False,False,True,field-rule evaluation at pressure-derived Z-LCO response coordinate,Assigned-neutral and pressure-derived Z-LCO cases were evaluated on the same Figure 5 pressure-current grid and roughness seed.,0.9666666666666667,1,0.9791666666666666,0.9375
0.5,1.0,0.0,0.12173534792954088,0.4013325377071701,0.395988347927809,0.0,0.0,0.6013325377071701,0.595988347927809,True,True,True,field-rule evaluation at pressure-derived Z-LCO response coordinate,Assigned-neutral and pressure-derived Z-LCO cases were evaluated on the same Figure 5 pressure-current grid and roughness seed.,0.9666666666666667,1,0.9791666666666666,0.9375
0.5,2.0,0.0,0.12173534792954088,0.4292245442445848,0.4221826141110514,0.0,0.0,0.6292245442445847,0.6221826141110514,False,False,True,field-rule evaluation at pressure-derived Z-LCO response coordinate,Assigned-neutral and pressure-derived Z-LCO cases were evaluated on the same Figure 5 pressure-current grid and roughness seed.,0.9666666666666667,1,0.9791666666666666,0.9375
0.5,3.0,0.0,0.12173534792954088,0.4736491605231976,0.45783244699132075,0.0,0.0,0.6736491605231976,0.6578324469913208,False,False,True,field-rule evaluation at pressure-derived Z-LCO response coordinate,Assigned-neutral and pressure-derived Z-LCO cases were evaluated on the same Figure 5 pressure-current grid and roughness seed.,0.9666666666666667,1,0.9791666666666666,0.9375
0.5,4.0,0.0,0.12173534792954088,0.5122974358944833,0.496457439717631,0.0,0.0,0.7122974358944834,0.6964574397176311,False,False,True,field-rule evaluation at pressure-derived Z-LCO response coordinate,Assigned-neutral and pressure-derived Z-LCO cases were evaluated on the same Figure 5 pressure-current grid and roughness seed.,0.9666666666666667,1,0.9791666666666666,0.9375
0.5,5.5,0.0,0.12173534792954088,0.5742411486894035,0.5534633298126658,0.0,0.0,0.7742411486894034,0.7534633298126658,False,False,True,field-rule evaluation at pressure-derived Z-LCO response coordinate,Assigned-neutral and pressure-derived Z-LCO cases were evaluated on the same Figure 5 pressure-current grid and roughness seed.,0.9666666666666667,1,0.9791666666666666,0.9375
0.5,7.0,0.0,0.12173534792954088,0.6348628480650653,0.6086279200768772,0.0,0.0,0.8348628480650653,0.8086279200768771,False,False,True,field-rule evaluation at pressure-derived Z-LCO response coordinate,Assigned-neutral and pressure-derived Z-LCO cases were evaluated on the same Figure 5 pressure-current grid and roughness seed.,0.9666666666666667,1,0.9791666666666666,0.9375
1.0,1.0,0.0,0.12173534792954088,0.3831733451713509,0.3784082443233586,0.0,0.0,0.583173345171351,0.5784082443233587,True,True,True,field-rule evaluation at pressure-derived Z-LCO response coordinate,Assigned-neutral and pressure-derived Z-LCO cases were evaluated on the same Figure 5 pressure-current grid and roughness seed.,0.9666666666666667,1,0.9791666666666666,0.9375
1.0,2.0,0.0,0.12173534792954088,0.4010206439098066,0.3950747747044976,0.0,0.0,0.6010206439098067,0.5950747747044975,True,True,True,field-rule evaluation at pressure-derived Z-LCO response coordinate,Assigned-neutral and pressure-derived Z-LCO cases were evaluated on the same Figure 5 pressure-current grid and roughness seed.,0.9666666666666667,1,0.9791666666666666,0.9375
1.0,3.0,0.0,0.12173534792954088,0.4193445790455904,0.4118568744563762,0.0,0.0,0.6193445790455905,0.6118568744563762,True,True,True,field-rule evaluation at pressure-derived Z-LCO response coordinate,Assigned-neutral and pressure-derived Z-LCO cases were evaluated on the same Figure 5 pressure-current grid and roughness seed.,0.9666666666666667,1,0.9791666666666666,0.9375
1.0,4.0,0.0,0.12173534792954088,0.4615189451388928,0.44609701094181486,0.0,0.0,0.6615189451388928,0.6460970109418149,False,False,True,field-rule evaluation at pressure-derived Z-LCO response coordinate,Assigned-neutral and pressure-derived Z-LCO cases were evaluated on the same Figure 5 pressure-current grid and roughness seed.,0.9666666666666667,1,0.9791666666666666,0.9375
1.0,5.5,0.0,0.12173534792954088,0.5212867016518883,0.5060918669447179,0.0,0.0,0.7212867016518882,0.7060918669447178,False,False,True,field-rule evaluation at pressure-derived Z-LCO response coordinate,Assigned-neutral and pressure-derived Z-LCO cases were evaluated on the same Figure 5 pressure-current grid and roughness seed.,0.9666666666666667,1,0.9791666666666666,0.9375
1.0,7.0,0.0,0.12173534792954088,0.5584511273719499,0.539899771385957,0.0,0.0,0.7584511273719499,0.739899771385957,False,False,True,field-rule evaluation at pressure-derived Z-LCO response coordinate,Assigned-neutral and pressure-derived Z-LCO cases were evaluated on the same Figure 5 pressure-current grid and roughness seed.,0.9666666666666667,1,0.9791666666666666,0.9375
2.0,1.0,0.0,0.12173534792954088,0.3495406482043502,0.3424037555991999,0.0,0.0,0.5495406482043503,0.5424037555991998,True,True,True,field-rule evaluation at pressure-derived Z-LCO response coordinate,Assigned-neutral and pressure-derived Z-LCO cases were evaluated on the same Figure 5 pressure-current grid and roughness seed.,0.9666666666666667,1,0.9791666666666666,0.9375
2.0,2.0,0.0,0.12173534792954088,0.3638027439823288,0.3549948858577886,0.0,0.0,0.5638027439823288,0.5549948858577887,True,True,True,field-rule evaluation at pressure-derived Z-LCO response coordinate,Assigned-neutral and pressure-derived Z-LCO cases were evaluated on the same Figure 5 pressure-current grid and roughness seed.,0.9666666666666667,1,0.9791666666666666,0.9375
2.0,3.0,0.0,0.12173534792954088,0.3827182751187352,0.3737892000285352,0.0,0.0,0.5827182751187352,0.5737892000285352,True,True,True,field-rule evaluation at pressure-derived Z-LCO response coordinate,Assigned-neutral and pressure-derived Z-LCO cases were evaluated on the same Figure 5 pressure-current grid and roughness seed.,0.9666666666666667,1,0.9791666666666666,0.9375
2.0,4.0,0.0,0.12173534792954088,0.3939965536136108,0.3846458925470079,0.0,0.0,0.5939965536136109,0.5846458925470079,True,True,True,field-rule evaluation at pressure-derived Z-LCO response coordinate,Assigned-neutral and pressure-derived Z-LCO cases were evaluated on the same Figure 5 pressure-current grid and roughness seed.,0.9666666666666667,1,0.9791666666666666,0.9375
2.0,5.5,0.0,0.12173534792954088,0.4326031161187692,0.4198175992095704,0.0,0.0,0.6326031161187693,0.6198175992095705,False,True,False,field-rule evaluation at pressure-derived Z-LCO response coordinate,Assigned-neutral and pressure-derived Z-LCO cases were evaluated on the same Figure 5 pressure-current grid and roughness seed.,0.9666666666666667,1,0.9791666666666666,0.9375
2.0,7.0,0.0,0.12173534792954088,0.4648822425135674,0.4542907726691675,0.0,0.0,0.6648822425135674,0.6542907726691676,False,False,True,field-rule evaluation at pressure-derived Z-LCO response coordinate,Assigned-neutral and pressure-derived Z-LCO cases were evaluated on the same Figure 5 pressure-current grid and roughness seed.,0.9666666666666667,1,0.9791666666666666,0.9375
5.0,1.0,0.0,0.12173534792954088,0.2639156980856053,0.2578873404500549,0.5967741935483871,0.6935483870967742,0.3445608593759279,0.31917766303070005,True,True,True,field-rule evaluation at pressure-derived Z-LCO response coordinate,Assigned-neutral and pressure-derived Z-LCO cases were evaluated on the same Figure 5 pressure-current grid and roughness seed.,0.9666666666666667,1,0.9791666666666666,0.9375
5.0,2.0,0.0,0.12173534792954088,0.27778791970796,0.27159253018572127,0.4838709677419355,0.5483870967741935,0.3810137261595729,0.36191511083088257,True,True,True,field-rule evaluation at pressure-derived Z-LCO response coordinate,Assigned-neutral and pressure-derived Z-LCO cases were evaluated on the same Figure 5 pressure-current grid and roughness seed.,0.9666666666666667,1,0.9791666666666666,0.9375
5.0,3.0,0.0,0.12173534792954088,0.2752953370966013,0.26888254867977246,0.4354838709677419,0.5,0.388198562903053,0.36888254867977244,True,True,True,field-rule evaluation at pressure-derived Z-LCO response coordinate,Assigned-neutral and pressure-derived Z-LCO cases were evaluated on the same Figure 5 pressure-current grid and roughness seed.,0.9666666666666667,1,0.9791666666666666,0.9375
5.0,4.0,0.0,0.12173534792954088,0.2754905819580373,0.2689718294847697,0.3548387096774194,0.43548387096774194,0.4045228400225534,0.38187505529122134,True,True,True,field-rule evaluation at pressure-derived Z-LCO response coordinate,Assigned-neutral and pressure-derived Z-LCO cases were evaluated on the same Figure 5 pressure-current grid and roughness seed.,0.9666666666666667,1,0.9791666666666666,0.9375
5.0,5.5,0.0,0.12173534792954088,0.294991815797638,0.2882140818649044,0.1935483870967742,0.24193548387096775,0.4562821383782831,0.43982698509071083,True,True,True,field-rule evaluation at pressure-derived Z-LCO response coordinate,Assigned-neutral and pressure-derived Z-LCO cases were evaluated on the same Figure 5 pressure-current grid and roughness seed.,0.9666666666666667,1,0.9791666666666666,0.9375
5.0,7.0,0.0,0.12173534792954088,0.3198241846263155,0.3126395093977984,0.032258064516129,0.08064516129032258,0.5133725717230898,0.49651047713973384,True,True,True,field-rule evaluation at pressure-derived Z-LCO response coordinate,Assigned-neutral and pressure-derived Z-LCO cases were evaluated on the same Figure 5 pressure-current grid and roughness seed.,0.9666666666666667,1,0.9791666666666666,0.9375
