row_type,stress_case,cathode_label,display_label,stress_index_source,stress_index,pressure_MPa,current_density_mA_cm2,replicate_id,seed,final_void_fraction,std_final_void_fraction,contact_fraction,hotspot_factor,risk_metric,stable_or_unstable,comparison_to_endmembers,z_position_by_risk_fraction,notes,plot_color,stable_fraction
replicate,opening_biased_end_member,P-LCO-like,Opening-biased,calibration_end_member,-1.0,1.0,4.0,0,910,0.9360096702229554,,0.0,1.4199278380333848,1.1360096702229554,unstable,,,"High-resolution model settings use nx=170, ny=68, steps=420, dt=0.052; same roughness seeds are used for each stress case to isolate stress-index effects.",#B44A42,
replicate,opening_biased_end_member,P-LCO-like,Opening-biased,calibration_end_member,-1.0,1.0,4.0,1,917,0.9356253867181471,,0.0,1.423119677443044,1.1356253867181472,unstable,,,"High-resolution model settings use nx=170, ny=68, steps=420, dt=0.052; same roughness seeds are used for each stress case to isolate stress-index effects.",#B44A42,
replicate,opening_biased_end_member,P-LCO-like,Opening-biased,calibration_end_member,-1.0,1.0,4.0,2,929,0.9328553547349947,,0.0,1.4282655873524805,1.1328553547349947,unstable,,,"High-resolution model settings use nx=170, ny=68, steps=420, dt=0.052; same roughness seeds are used for each stress case to isolate stress-index effects.",#B44A42,
replicate,zlco_assigned_neutral_baseline,Z-LCO-like,Assigned neutral,assigned_neutral_baseline,0.0,1.0,4.0,0,910,0.5200205908726767,,0.0,1.293659700595141,0.7200205908726767,unstable,,,"High-resolution model settings use nx=170, ny=68, steps=420, dt=0.052; same roughness seeds are used for each stress case to isolate stress-index effects.",#777777,
replicate,zlco_assigned_neutral_baseline,Z-LCO-like,Assigned neutral,assigned_neutral_baseline,0.0,1.0,4.0,1,917,0.5226395206360808,,0.0,1.2639393860888406,0.7226395206360807,unstable,,,"High-resolution model settings use nx=170, ny=68, steps=420, dt=0.052; same roughness seeds are used for each stress case to isolate stress-index effects.",#777777,
replicate,zlco_assigned_neutral_baseline,Z-LCO-like,Assigned neutral,assigned_neutral_baseline,0.0,1.0,4.0,2,929,0.5114000835601339,,0.0,1.3196201760603634,0.711400083560134,unstable,,,"High-resolution model settings use nx=170, ny=68, steps=420, dt=0.052; same roughness seeds are used for each stress case to isolate stress-index effects.",#777777,
replicate,zlco_pressure_derived,Z-LCO-like,Pressure-derived Z-LCO,pressure_waveform_derived,0.12173534792954088,1.0,4.0,0,910,0.4654767303936538,,0.0,1.1231450391554172,0.6654767303936537,unstable,,,"High-resolution model settings use nx=170, ny=68, steps=420, dt=0.052; same roughness seeds are used for each stress case to isolate stress-index effects.",#4E9A8A,
replicate,zlco_pressure_derived,Z-LCO-like,Pressure-derived Z-LCO,pressure_waveform_derived,0.12173534792954088,1.0,4.0,1,917,0.46864348864301486,,0.0,1.1183849243019481,0.6686434886430148,unstable,,,"High-resolution model settings use nx=170, ny=68, steps=420, dt=0.052; same roughness seeds are used for each stress case to isolate stress-index effects.",#4E9A8A,
replicate,zlco_pressure_derived,Z-LCO-like,Pressure-derived Z-LCO,pressure_waveform_derived,0.12173534792954088,1.0,4.0,2,929,0.45468839419683227,,0.0,1.1241911623670766,0.6546883941968322,unstable,,,"High-resolution model settings use nx=170, ny=68, steps=420, dt=0.052; same roughness seeds are used for each stress case to isolate stress-index effects.",#4E9A8A,
replicate,filling_biased_end_member,N-LCO-like,Filling-biased,calibration_end_member,1.0,1.0,4.0,0,910,0.16378721455227507,,1.0,1.0713470489957204,0.16378721455227507,stable,,,"High-resolution model settings use nx=170, ny=68, steps=420, dt=0.052; same roughness seeds are used for each stress case to isolate stress-index effects.",#2F6FB0,
replicate,filling_biased_end_member,N-LCO-like,Filling-biased,calibration_end_member,1.0,1.0,4.0,1,917,0.16656801767961937,,1.0,1.0597987181993749,0.16656801767961937,stable,,,"High-resolution model settings use nx=170, ny=68, steps=420, dt=0.052; same roughness seeds are used for each stress case to isolate stress-index effects.",#2F6FB0,
replicate,filling_biased_end_member,N-LCO-like,Filling-biased,calibration_end_member,1.0,1.0,4.0,2,929,0.16039319469090052,,1.0,1.0702692244591623,0.16039319469090052,stable,,,"High-resolution model settings use nx=170, ny=68, steps=420, dt=0.052; same roughness seeds are used for each stress case to isolate stress-index effects.",#2F6FB0,
aggregate,filling_biased_end_member,N-LCO-like,Filling-biased,calibration_end_member,1.0,1.0,4.0,mean_of_3,910;917;929,0.163582808974265,0.003092482169026033,1.0,1.0671383305514193,0.163582808974265,stable,end_member,,Aggregate of three shared roughness-seed replicates.,,1.0
aggregate,opening_biased_end_member,P-LCO-like,Opening-biased,calibration_end_member,-1.0,1.0,4.0,mean_of_3,910;917;929,0.9348301372253657,0.0017209714890793024,0.0,1.423771034276303,1.1348301372253657,unstable,end_member,,Aggregate of three shared roughness-seed replicates.,,0.0
aggregate,zlco_assigned_neutral_baseline,Z-LCO-like,Assigned neutral,assigned_neutral_baseline,0.0,1.0,4.0,mean_of_3,910;917;929,0.5180200650229638,0.005880715449889556,0.0,1.2924064209147816,0.7180200650229637,unstable,between_P_and_N,0.4291492600066565,Z-LCO aggregate is closer_to_assigned_neutral; risk-position fraction is 0 at P-like and 1 at N-like.,,0.0
aggregate,zlco_pressure_derived,Z-LCO-like,Pressure-derived Z-LCO,pressure_waveform_derived,0.12173534792954088,1.0,4.0,mean_of_3,910;917;929,0.46293620441116695,0.0073162059464750495,0.0,1.1219070419414807,0.662936204411167,unstable,between_P_and_N,0.48586381561937025,Z-LCO aggregate is closer_to_assigned_neutral; risk-position fraction is 0 at P-like and 1 at N-like.,,0.0
