observable,cathode,source_value,source_units,stress_index_estimate,data_status,formula,source_file,used_for_z_intermediate_check_prediction,notes
pressure_waveform_mean_delta_pressure,P-LCO,17.291913187772924,kPa,-1.0,available,s = -1 + 2 * (P_mean_delta_pressure - value) / (P_mean_delta_pressure - N_mean_delta_pressure),processed_source_tables/cathode-void-healing-source_workbook_consistency_analysis/pressure_waveform_consistency_expanded.csv,False,P-LCO maps to s=-1 and N-LCO maps to s=+1 by construction.
pressure_waveform_mean_delta_pressure,Z-LCO,-2.532288298822285,kPa,0.12173534792954088,available,s = -1 + 2 * (P_mean_delta_pressure - value) / (P_mean_delta_pressure - N_mean_delta_pressure),processed_source_tables/cathode-void-healing-source_workbook_consistency_analysis/pressure_waveform_consistency_expanded.csv,True,P-LCO maps to s=-1 and N-LCO maps to s=+1 by construction.
pressure_waveform_mean_delta_pressure,N-LCO,-18.053681516336223,kPa,1.0,available,s = -1 + 2 * (P_mean_delta_pressure - value) / (P_mean_delta_pressure - N_mean_delta_pressure),processed_source_tables/cathode-void-healing-source_workbook_consistency_analysis/pressure_waveform_consistency_expanded.csv,False,P-LCO maps to s=-1 and N-LCO maps to s=+1 by construction.
eis_contact_resistance_mean,P-LCO,14.305388333333333,ohm cm2,-1.0,available_endpoint_only,s = -1 + 2 * (P_resistance - value) / (P_resistance - N_resistance),processed_source_tables/cathode-void-healing-source_workbook_consistency_analysis/eis_contact_resistance_consistency_expanded.csv,False,EIS source table contains P-LCO and N-LCO only.
eis_contact_resistance_mean,Z-LCO,,ohm cm2,,missing_z_lco,s = -1 + 2 * (P_resistance - value) / (P_resistance - N_resistance),processed_source_tables/cathode-void-healing-source_workbook_consistency_analysis/eis_contact_resistance_consistency_expanded.csv,False,No Z-LCO EIS/contact-resistance rows were found; this metric was not forced.
eis_contact_resistance_mean,N-LCO,8.914028333333334,ohm cm2,1.0,available_endpoint_only,s = -1 + 2 * (P_resistance - value) / (P_resistance - N_resistance),processed_source_tables/cathode-void-healing-source_workbook_consistency_analysis/eis_contact_resistance_consistency_expanded.csv,False,EIS source table contains P-LCO and N-LCO only.
profilometry_rms_roughness,P-LCO,3.5172100206946477,um,-1.0,available_endpoint_only,s = -1 + 2 * (P_rms_roughness - value) / (P_rms_roughness - N_rms_roughness),processed_source_tables/cathode-void-healing-source_workbook_consistency_analysis/profilometry_morphology_consistency.csv,False,Profilometry source table contains P-LCO and N-LCO only.
profilometry_rms_roughness,Z-LCO,,um,,missing_z_lco,s = -1 + 2 * (P_rms_roughness - value) / (P_rms_roughness - N_rms_roughness),processed_source_tables/cathode-void-healing-source_workbook_consistency_analysis/profilometry_morphology_consistency.csv,False,No Z-LCO profilometry rows were found; this metric was not forced.
profilometry_rms_roughness,N-LCO,1.1474739356279489,um,1.0,available_endpoint_only,s = -1 + 2 * (P_rms_roughness - value) / (P_rms_roughness - N_rms_roughness),processed_source_tables/cathode-void-healing-source_workbook_consistency_analysis/profilometry_morphology_consistency.csv,False,Profilometry source table contains P-LCO and N-LCO only.
combined_independent_z_lco_estimate,Z-LCO,,stress_index,,not_computed_less_than_two_available_z_metrics,simple mean/range only if two or more independent Z-LCO estimates are available,,False,"Only pressure-waveform Z-LCO data were available, so no combined estimate was computed."
